{
    "Objects": [
      {
                    "name": "OvenIndoor",
                    "pos": [
                    1324.372427128199,
                    300.31128,
                    12102.53796720045
                  ],
                    "ypr": [
                    267.80035399999997,
                    0,
                    0
                    ],
                    "scale": 1,
                    "enableCEPersistency": false
                },
{
                    "name": "OvenIndoor",
                    "pos": [
                    1655.0951788988002,
                    149.301621,
                    3848.0323467767657
                  ],
                    "ypr": [
                    346.000009,
                    0,
                    0
                    ],
                    "scale": 1,
                    "enableCEPersistency": false
                },
{
                    "name": "OvenIndoor",
                    "pos": [
                    2260.1700399260762,
                    441.135559,
                    15209.72291212084
                  ],
                    "ypr": [
                    133.868011,
                    0,
                    0
                    ],
                    "scale": 1,
                    "enableCEPersistency": false
                },
{
                    "name": "OvenIndoor",
                    "pos": [
                    2578.1215327127766,
                    199.698181,
                    5025.974530911064
                  ],
                    "ypr": [
                    148.032288,
                    0,
                    0
                    ],
                    "scale": 1,
                    "enableCEPersistency": false
                },
{
                    "name": "OvenIndoor",
                    "pos": [
                    2907.102648170607,
                    219.84909100000002,
                    12418.058644988323
                  ],
                    "ypr": [
                    142.399796,
                    0,
                    0
                    ],
                    "scale": 1,
                    "enableCEPersistency": false
                },
{
                    "name": "OvenIndoor",
                    "pos": [
                    3017.3829371398797,
                    316.72341900000004,
                    7898.6919607576365
                  ],
                    "ypr": [
                    38.710827,
                    0,
                    0
                    ],
                    "scale": 1,
                    "enableCEPersistency": false
                },
{
                    "name": "OvenIndoor",
                    "pos": [
                    2974.8767954966697,
                    330.83563300000003,
                    7688.426185053445
                  ],
                    "ypr": [
                    41.365303,
                    0,
                    0
                    ],
                    "scale": 1,
                    "enableCEPersistency": false
                },
{
                    "name": "OvenIndoor",
                    "pos": [
                    3336.8624007155977,
                    204.397522,
                    13047.949072537578
                  ],
                    "ypr": [
                    336.852554,
                    0,
                    0
                    ],
                    "scale": 1,
                    "enableCEPersistency": false
                },
{
                    "name": "OvenIndoor",
                    "pos": [
                    3495.171573088302,
                    197.50354000000002,
                    13031.894762162992
                  ],
                    "ypr": [
                    331.022419,
                    0,
                    0
                    ],
                    "scale": 1,
                    "enableCEPersistency": false
                },
{
                    "name": "OvenIndoor",
                    "pos": [
                    3605.2538043800796,
                    12.391216000000014,
                    2480.348937860754
                  ],
                    "ypr": [
                    342.999998,
                    0,
                    0
                    ],
                    "scale": 1,
                    "enableCEPersistency": false
                },
{
                    "name": "OvenIndoor",
                    "pos": [
                    3711.0426756720112,
                    316.31356800000003,
                    8901.748508135106
                  ],
                    "ypr": [
                    204.014725,
                    0,
                    0
                    ],
                    "scale": 1,
                    "enableCEPersistency": false
                },
{
                    "name": "OvenIndoor",
                    "pos": [
                    3836.032304743823,
                    316.30609200000004,
                    8913.375422135547
                  ],
                    "ypr": [
                    115,
                    0,
                    0
                    ],
                    "scale": 1,
                    "enableCEPersistency": false
                },
{
                    "name": "OvenIndoor",
                    "pos": [
                    6001.734704716854,
                    307.095551,
                    7775.894638325532
                  ],
                    "ypr": [
                    329.89967,
                    0,
                    0
                    ],
                    "scale": 1,
                    "enableCEPersistency": false
                },
{
                    "name": "OvenIndoor",
                    "pos": [
                    6314.039044603914,
                    14.632803000000015,
                    2477.217980618094
                  ],
                    "ypr": [
                    309.770855,
                    0,
                    0
                    ],
                    "scale": 1,
                    "enableCEPersistency": false
                },
{
                    "name": "OvenIndoor",
                    "pos": [
                    6394.092908269123,
                    11.326012000000015,
                    2349.335130557603
                  ],
                    "ypr": [
                    313.815559,
                    0,
                    0
                    ],
                    "scale": 1,
                    "enableCEPersistency": false
                },
{
                    "name": "OvenIndoor",
                    "pos": [
                    6362.457266227826,
                    29.264702000000014,
                    3251.938941876397
                  ],
                    "ypr": [
                    237.000031,
                    0,
                    0
                    ],
                    "scale": 1,
                    "enableCEPersistency": false
                },
{
                    "name": "OvenIndoor",
                    "pos": [
                    6761.117471658047,
                    10.897509000000015,
                    2746.2122755046776
                  ],
                    "ypr": [
                    359.955805,
                    0,
                    0
                    ],
                    "scale": 1,
                    "enableCEPersistency": false
                },
{
                    "name": "OvenIndoor",
                    "pos": [
                    7576.2221031684,
                    126.01363400000001,
                    12645.10912100889
                  ],
                    "ypr": [
                    17.090364,
                    0,
                    0
                    ],
                    "scale": 1,
                    "enableCEPersistency": false
                },
{
                    "name": "OvenIndoor",
                    "pos": [
                    7577.626756605,
                    216.53550700000002,
                    13536.739386485411
                  ],
                    "ypr": [
                    56.513828,
                    0,
                    0
                    ],
                    "scale": 1,
                    "enableCEPersistency": false
                },
{
                    "name": "OvenIndoor",
                    "pos": [
                    7842.243875199368,
                    123.80642700000001,
                    12559.541173735475
                  ],
                    "ypr": [
                    97.616859,
                    0,
                    0
                    ],
                    "scale": 1,
                    "enableCEPersistency": false
                },
{
                    "name": "OvenIndoor",
                    "pos": [
                    8141.168119301579,
                    126.76826500000001,
                    12597.338084516461
                  ],
                    "ypr": [
                    291.81546000000003,
                    0,
                    0
                    ],
                    "scale": 1,
                    "enableCEPersistency": false
                },
{
                    "name": "OvenIndoor",
                    "pos": [
                    9246.298335740305,
                    85.22201600000001,
                    13634.750916124105
                  ],
                    "ypr": [
                    307.52916,
                    0,
                    0
                    ],
                    "scale": 1,
                    "enableCEPersistency": false
                },
{
                    "name": "OvenIndoor",
                    "pos": [
                    9766.694708813073,
                    85.49411000000002,
                    13903.877698206661
                  ],
                    "ypr": [
                    326.930614,
                    0,
                    0
                    ],
                    "scale": 1,
                    "enableCEPersistency": false
                },
{
                    "name": "OvenIndoor",
                    "pos": [
                    10125.577103574733,
                    250.26249700000002,
                    5412.33179338836
                  ],
                    "ypr": [
                    267.76565600000004,
                    0,
                    0
                    ],
                    "scale": 1,
                    "enableCEPersistency": false
                },
{
                    "name": "OvenIndoor",
                    "pos": [
                    10252.910878161776,
                    20.584770000000013,
                    2240.1943286069027
                  ],
                    "ypr": [
                    326.074951,
                    0,
                    0
                    ],
                    "scale": 1,
                    "enableCEPersistency": false
                },
{
                    "name": "OvenIndoor",
                    "pos": [
                    5283.400541455276,
                    341.144592,
                    8611.750146058466
                  ],
                    "ypr": [
                    197.44632,
                    0,
                    0
                    ],
                    "scale": 1,
                    "enableCEPersistency": false
                },
{
                    "name": "OvenIndoor",
                    "pos": [
                    10400.833599734679,
                    11.283835000000014,
                    2263.379885766926
                  ],
                    "ypr": [
                    303.166164,
                    0,
                    0
                    ],
                    "scale": 1,
                    "enableCEPersistency": false
                },
{
                    "name": "OvenIndoor",
                    "pos": [
                    10749.183005410448,
                    74.36982000000002,
                    14496.214684492546
                  ],
                    "ypr": [
                    166.255646,
                    0,
                    0
                    ],
                    "scale": 1,
                    "enableCEPersistency": false
                },
{
                    "name": "OvenIndoor",
                    "pos": [
                    11099.293929068344,
                    209.85960400000002,
                    12308.163573025338
                  ],
                    "ypr": [
                    122.556862,
                    0,
                    0
                    ],
                    "scale": 1,
                    "enableCEPersistency": false
                },
{
                    "name": "OvenIndoor",
                    "pos": [
                    11163.864107773377,
                    81.46425600000002,
                    6598.137715971668
                  ],
                    "ypr": [
                    300.696426,
                    0,
                    0
                    ],
                    "scale": 1,
                    "enableCEPersistency": false
                },
{
                    "name": "OvenIndoor",
                    "pos": [
                    11228.804603453464,
                    200.58230600000002,
                    12175.242110026478
                  ],
                    "ypr": [
                    122.343872,
                    0,
                    0
                    ],
                    "scale": 1,
                    "enableCEPersistency": false
                },
{
                    "name": "OvenIndoor",
                    "pos": [
                    11614.010297747434,
                    48.31322500000002,
                    14390.117807904728
                  ],
                    "ypr": [
                    211.239441,
                    0,
                    0
                    ],
                    "scale": 1,
                    "enableCEPersistency": false
                },
{
                    "name": "OvenIndoor",
                    "pos": [
                    12039.662591427914,
                    98.56312600000001,
                    13833.305164840776
                  ],
                    "ypr": [
                    182.652863,
                    0,
                    0
                    ],
                    "scale": 1,
                    "enableCEPersistency": false
                },
{
                    "name": "OvenIndoor",
                    "pos": [
                    12101.166032712315,
                    58.916741000000016,
                    9048.134146179082
                  ],
                    "ypr": [
                    198.92897,
                    0,
                    0
                    ],
                    "scale": 1,
                    "enableCEPersistency": false
                },
{
                    "name": "OvenIndoor",
                    "pos": [
                    12226.58159063881,
                    25.477722000000014,
                    9493.767559492231
                  ],
                    "ypr": [
                    50.041946,
                    0,
                    0
                    ],
                    "scale": 1,
                    "enableCEPersistency": false
                },
{
                    "name": "OvenIndoor",
                    "pos": [
                    12934.685442475322,
                    29.271517000000014,
                    8007.38842067188
                  ],
                    "ypr": [
                    143.096207,
                    0,
                    0
                    ],
                    "scale": 1,
                    "enableCEPersistency": false
                },
{
                    "name": "OvenIndoor",
                    "pos": [
                    13566.105779740225,
                    20.059620000000013,
                    14068.459174833939
                  ],
                    "ypr": [
                    268.423592,
                    0,
                    0
                    ],
                    "scale": 1,
                    "enableCEPersistency": false
                },
{
                    "name": "OvenIndoor",
                    "pos": [
                    14022.58583711904,
                    18.100346000000016,
                    13117.701359661572
                  ],
                    "ypr": [
                    210.274124,
                    0,
                    0
                    ],
                    "scale": 1,
                    "enableCEPersistency": false
                },
{
                    "name": "OvenIndoor",
                    "pos": [
                    12620.850750507407,
                    11.329098000000014,
                    9500.976859009144
                  ],
                    "ypr": [
                    107,
                    0,
                    0
                    ],
                    "scale": 1,
                    "enableCEPersistency": false
                },
{
                    "name": "OvenIndoor",
                    "pos": [
                    13998.95639160961,
                    9.896674000000015,
                    13312.082798223166
                  ],
                    "ypr": [
                    127.934883,
                    0,
                    0
                    ],
                    "scale": 1,
                    "enableCEPersistency": false
                },
{
                    "name": "Land_Misc_Well_Pump_Yellow",
                    "pos": [
                    1323.1227552114358,
                    301.11120700000004,
                    12102.632650515914
                  ],
                    "ypr": [
                    267.80035399999997,
                    0,
                    0
                    ],
                    "scale": 0.0999999,
                    "enableCEPersistency": false
                },
{
                    "name": "Land_Misc_Well_Pump_Yellow",
                    "pos": [
                    1654.932300983296,
                    150.10154800000004,
                    3849.274971263252
                  ],
                    "ypr": [
                    346.000009,
                    0,
                    0
                    ],
                    "scale": 0.0999999,
                    "enableCEPersistency": false
                },
{
                    "name": "Land_Misc_Well_Pump_Yellow",
                    "pos": [
                    2260.9688855792183,
                    441.935486,
                    15208.75725666871
                  ],
                    "ypr": [
                    133.868011,
                    0,
                    0
                    ],
                    "scale": 0.0999999,
                    "enableCEPersistency": false
                },
{
                    "name": "Land_Misc_Well_Pump_Yellow",
                    "pos": [
                    2578.659793488649,
                    200.49810800000003,
                    5024.84275347405
                  ],
                    "ypr": [
                    148.032288,
                    0,
                    0
                    ],
                    "scale": 0.0999999,
                    "enableCEPersistency": false
                },
{
                    "name": "Land_Misc_Well_Pump_Yellow",
                    "pos": [
                    2907.749391110936,
                    220.64901800000004,
                    12416.985160755132
                  ],
                    "ypr": [
                    142.399796,
                    0,
                    0
                    ],
                    "scale": 0.0999999,
                    "enableCEPersistency": false
                },
{
                    "name": "Land_Misc_Well_Pump_Yellow",
                    "pos": [
                    2975.8066469299733,
                    331.63556000000005,
                    7689.266435695668
                  ],
                    "ypr": [
                    41.365303,
                    0,
                    0
                    ],
                    "scale": 0.0999999,
                    "enableCEPersistency": false
                },
{
                    "name": "Land_Misc_Well_Pump_Yellow",
                    "pos": [
                    3018.272876369705,
                    317.52334600000006,
                    7899.574373924464
                  ],
                    "ypr": [
                    38.710827,
                    0,
                    0
                    ],
                    "scale": 0.0999999,
                    "enableCEPersistency": false
                },
{
                    "name": "Land_Misc_Well_Pump_Yellow",
                    "pos": [
                    3494.693083334173,
                    198.30346700000004,
                    13033.053076621578
                  ],
                    "ypr": [
                    331.022419,
                    0,
                    0
                    ],
                    "scale": 0.0999999,
                    "enableCEPersistency": false
                },
{
                    "name": "Land_Misc_Well_Pump_Yellow",
                    "pos": [
                    3605.026115591781,
                    13.19114300000004,
                    2481.5813349742925
                  ],
                    "ypr": [
                    342.999998,
                    0,
                    0
                    ],
                    "scale": 0.0999999,
                    "enableCEPersistency": false
                },
{
                    "name": "Land_Misc_Well_Pump_Yellow",
                    "pos": [
                    3710.405712375479,
                    317.11349500000006,
                    8900.669192338573
                  ],
                    "ypr": [
                    204.014725,
                    0,
                    0
                    ],
                    "scale": 0.0999999,
                    "enableCEPersistency": false
                },
{
                    "name": "Land_Misc_Well_Pump_Yellow",
                    "pos": [
                    3837.1005078872936,
                    317.10601900000006,
                    8912.719993364395
                  ],
                    "ypr": [
                    115,
                    0,
                    0
                    ],
                    "scale": 0.0999999,
                    "enableCEPersistency": false
                },
{
                    "name": "Land_Misc_Well_Pump_Yellow",
                    "pos": [
                    3336.504046981448,
                    205.19744900000003,
                    13049.150000275202
                  ],
                    "ypr": [
                    336.852554,
                    0,
                    0
                    ],
                    "scale": 0.0999999,
                    "enableCEPersistency": false
                },
{
                    "name": "Land_Misc_Well_Pump_Yellow",
                    "pos": [
                    5282.89122156206,
                    341.944519,
                    8610.605053015894
                  ],
                    "ypr": [
                    197.44632,
                    0,
                    0
                    ],
                    "scale": 0.0999999,
                    "enableCEPersistency": false
                },
{
                    "name": "Land_Misc_Well_Pump_Yellow",
                    "pos": [
                    6001.233610335975,
                    307.895478,
                    7777.0433546748645
                  ],
                    "ypr": [
                    329.89967,
                    0,
                    0
                    ],
                    "scale": 0.0999999,
                    "enableCEPersistency": false
                },
{
                    "name": "Land_Misc_Well_Pump_Yellow",
                    "pos": [
                    6313.1732463225,
                    15.43273000000004,
                    2478.1240921816852
                  ],
                    "ypr": [
                    309.770855,
                    0,
                    0
                    ],
                    "scale": 0.0999999,
                    "enableCEPersistency": false
                },
{
                    "name": "Land_Misc_Well_Pump_Yellow",
                    "pos": [
                    6393.293178864446,
                    12.12593900000004,
                    2350.3000542380414
                  ],
                    "ypr": [
                    313.815559,
                    0,
                    0
                    ],
                    "scale": 0.0999999,
                    "enableCEPersistency": false
                },
{
                    "name": "Land_Misc_Well_Pump_Yellow",
                    "pos": [
                    6361.335369555712,
                    30.06462900000004,
                    3251.3803788209843
                  ],
                    "ypr": [
                    237.000031,
                    0,
                    0
                    ],
                    "scale": 0.0999999,
                    "enableCEPersistency": false
                },
{
                    "name": "Land_Misc_Well_Pump_Yellow",
                    "pos": [
                    6761.259089327292,
                    11.69743600000004,
                    2747.457502096721
                  ],
                    "ypr": [
                    359.955805,
                    0,
                    0
                    ],
                    "scale": 0.0999999,
                    "enableCEPersistency": false
                },
{
                    "name": "Land_Misc_Well_Pump_Yellow",
                    "pos": [
                    7576.724299849777,
                    126.81356100000004,
                    12646.257355881637
                  ],
                    "ypr": [
                    17.090364,
                    0,
                    0
                    ],
                    "scale": 0.0999999,
                    "enableCEPersistency": false
                },
{
                    "name": "Land_Misc_Well_Pump_Yellow",
                    "pos": [
                    7578.743873300068,
                    217.33543400000005,
                    13537.307449087044
                  ],
                    "ypr": [
                    56.513828,
                    0,
                    0
                    ],
                    "scale": 0.0999999,
                    "enableCEPersistency": false
                },
{
                    "name": "Land_Misc_Well_Pump_Yellow",
                    "pos": [
                    7843.4591075385015,
                    124.60635400000004,
                    12559.234815788463
                  ],
                    "ypr": [
                    97.616859,
                    0,
                    0
                    ],
                    "scale": 0.0999999,
                    "enableCEPersistency": false
                },
{
                    "name": "Land_Misc_Well_Pump_Yellow",
                    "pos": [
                    8140.0651552253985,
                    127.56819200000004,
                    12597.933160206125
                  ],
                    "ypr": [
                    291.81546000000003,
                    0,
                    0
                    ],
                    "scale": 0.0999999,
                    "enableCEPersistency": false
                },
{
                    "name": "Land_Misc_Well_Pump_Yellow",
                    "pos": [
                    9245.397757445813,
                    86.02194300000004,
                    13635.62246851224
                  ],
                    "ypr": [
                    307.52916,
                    0,
                    0
                    ],
                    "scale": 0.0999999,
                    "enableCEPersistency": false
                },
{
                    "name": "Land_Misc_Well_Pump_Yellow",
                    "pos": [
                    9766.134787182582,
                    86.29403700000005,
                    13904.998917452607
                  ],
                    "ypr": [
                    326.930614,
                    0,
                    0
                    ],
                    "scale": 0.0999999,
                    "enableCEPersistency": false
                },
{
                    "name": "Land_Misc_Well_Pump_Yellow",
                    "pos": [
                    10124.327374547449,
                    251.06242400000005,
                    5412.425719892265
                  ],
                    "ypr": [
                    267.76565600000004,
                    0,
                    0
                    ],
                    "scale": 0.0999999,
                    "enableCEPersistency": false
                },
{
                    "name": "Land_Misc_Well_Pump_Yellow",
                    "pos": [
                    10252.3342752086,
                    21.38469700000004,
                    2241.3070612181627
                  ],
                    "ypr": [
                    326.074951,
                    0,
                    0
                    ],
                    "scale": 0.0999999,
                    "enableCEPersistency": false
                },
{
                    "name": "Land_Misc_Well_Pump_Yellow",
                    "pos": [
                    10399.86932787614,
                    12.08376200000004,
                    2264.1804009838984
                  ],
                    "ypr": [
                    303.166164,
                    0,
                    0
                    ],
                    "scale": 0.0999999,
                    "enableCEPersistency": false
                },
{
                    "name": "Land_Misc_Well_Pump_Yellow",
                    "pos": [
                    10749.340337474665,
                    75.16974700000004,
                    14494.971345660473
                  ],
                    "ypr": [
                    166.255646,
                    0,
                    0
                    ],
                    "scale": 0.0999999,
                    "enableCEPersistency": false
                },
{
                    "name": "Land_Misc_Well_Pump_Yellow",
                    "pos": [
                    11100.266659182544,
                    210.65953100000004,
                    12307.373357260687
                  ],
                    "ypr": [
                    122.556862,
                    0,
                    0
                    ],
                    "scale": 0.0999999,
                    "enableCEPersistency": false
                },
{
                    "name": "Land_Misc_Well_Pump_Yellow",
                    "pos": [
                    11162.866235982468,
                    82.26418300000005,
                    6598.89593541133
                  ],
                    "ypr": [
                    300.696426,
                    0,
                    0
                    ],
                    "scale": 0.0999999,
                    "enableCEPersistency": false
                },
{
                    "name": "Land_Misc_Well_Pump_Yellow",
                    "pos": [
                    11229.780264369609,
                    201.38223300000004,
                    12174.455515717778
                  ],
                    "ypr": [
                    122.343872,
                    0,
                    0
                    ],
                    "scale": 0.0999999,
                    "enableCEPersistency": false
                },
{
                    "name": "Land_Misc_Well_Pump_Yellow",
                    "pos": [
                    11613.242655409716,
                    49.11315200000004,
                    14389.127166662342
                  ],
                    "ypr": [
                    211.239441,
                    0,
                    0
                    ],
                    "scale": 0.0999999,
                    "enableCEPersistency": false
                },
{
                    "name": "Land_Misc_Well_Pump_Yellow",
                    "pos": [
                    12039.462536919222,
                    99.36305300000004,
                    13832.067981336471
                  ],
                    "ypr": [
                    182.652863,
                    0,
                    0
                    ],
                    "scale": 0.0999999,
                    "enableCEPersistency": false
                },
{
                    "name": "Land_Misc_Well_Pump_Yellow",
                    "pos": [
                    12100.627254928475,
                    59.71666800000004,
                    9047.002614770143
                  ],
                    "ypr": [
                    198.92897,
                    0,
                    0
                    ],
                    "scale": 0.0999999,
                    "enableCEPersistency": false
                },
{
                    "name": "Land_Misc_Well_Pump_Yellow",
                    "pos": [
                    12227.627558658789,
                    26.27764900000004,
                    9494.4579186241
                  ],
                    "ypr": [
                    50.041946,
                    0,
                    0
                    ],
                    "scale": 0.0999999,
                    "enableCEPersistency": false
                },
{
                    "name": "Land_Misc_Well_Pump_Yellow",
                    "pos": [
                    12621.999775973456,
                    12.12902500000004,
                    9500.476473849347
                  ],
                    "ypr": [
                    107,
                    0,
                    0
                    ],
                    "scale": 0.0999999,
                    "enableCEPersistency": false
                },
{
                    "name": "Land_Misc_Well_Pump_Yellow",
                    "pos": [
                    12935.319089839739,
                    30.07144400000004,
                    8006.307154817735
                  ],
                    "ypr": [
                    143.096207,
                    0,
                    0
                    ],
                    "scale": 0.0999999,
                    "enableCEPersistency": false
                },
{
                    "name": "Land_Misc_Well_Pump_Yellow",
                    "pos": [
                    13564.85721164163,
                    20.85954700000004,
                    14068.567445480703
                  ],
                    "ypr": [
                    268.423592,
                    0,
                    0
                    ],
                    "scale": 0.0999999,
                    "enableCEPersistency": false
                },
{
                    "name": "Land_Misc_Well_Pump_Yellow",
                    "pos": [
                    14021.834993344832,
                    18.90027300000004,
                    13116.697926327213
                  ],
                    "ypr": [
                    210.274124,
                    0,
                    0
                    ],
                    "scale": 0.0999999,
                    "enableCEPersistency": false
                },
{
                    "name": "Land_Misc_Well_Pump_Yellow",
                    "pos": [
                    13999.850775615467,
                    10.69660100000004,
                    13311.204890437666
                  ],
                    "ypr": [
                    127.934883,
                    0,
                    0
                    ],
                    "scale": 0.0999999,
                    "enableCEPersistency": false
                }

    ]
}