{
    "Objects": [
        {
            "name": "StaticObj_Ruin_Church",
            "pos": [
                4378.8974609375,
                17.44565773010254,
                2415.456787109375
            ],
            "ypr": [
                -18.0,
                0.0,
                0.0
            ]
        },
        {
            "name": "Land_Castle_Stairs",
            "pos": [
                4388.19921875,
                12.675261497497559,
                2414.21728515625
            ],
            "ypr": [
                -109.9071044921875,
                0.0,
                0.0
            ]
        },
        {
            "name": "Land_Roadblock_WoodenCrate",
            "pos": [
                4386.52587890625,
                10.19312572479248,
                2410.518798828125
            ],
            "ypr": [
                71.83088684082031,
                -9.499999046325684,
                -13.0
            ]
        },
        {
            "name": "StaticObj_Slum_Roof5",
            "pos": [
                4379.11669921875,
                17.431529998779298,
                2417.403076171875
            ],
            "ypr": [
                -105.44194793701172,
                0.0,
                -0.0
            ]
        },
        {
            "name": "StaticObj_Misc_Timbers_Log5",
            "pos": [
                4375.60986328125,
                10.620479583740235,
                2412.848876953125
            ],
            "ypr": [
                0.0,
                -0.0,
                -0.0
            ]
        },
        {
            "name": "StaticObj_Misc_Timbers_Log5",
            "pos": [
                4375.63037109375,
                13.527139663696289,
                2412.84619140625
            ],
            "ypr": [
                0.0,
                -0.0,
                -0.0
            ]
        },
        {
            "name": "StaticObj_Misc_Timbers_Log5",
            "pos": [
                4374.61962890625,
                13.623754501342774,
                2416.516845703125
            ],
            "ypr": [
                0.0,
                -0.0,
                -0.0
            ]
        },
        {
            "name": "StaticObj_Misc_Timbers_Log5",
            "pos": [
                4374.59912109375,
                10.717090606689454,
                2416.51953125
            ],
            "ypr": [
                0.0,
                -0.0,
                -0.0
            ]
        },
        {
            "name": "StaticObj_Misc_Timbers_Log5",
            "pos": [
                4373.80078125,
                13.712328910827637,
                2419.56396484375
            ],
            "ypr": [
                0.0,
                -0.0,
                -0.0
            ]
        },
        {
            "name": "StaticObj_Misc_Timbers_Log5",
            "pos": [
                4373.7802734375,
                10.905667304992676,
                2419.566650390625
            ],
            "ypr": [
                0.0,
                -0.0,
                -0.0
            ]
        },
        {
            "name": "StaticObj_Misc_Timbers_Log5",
            "pos": [
                4378.98193359375,
                13.8584623336792,
                2415.488525390625
            ],
            "ypr": [
                0.0,
                -0.0,
                -0.0
            ]
        },
        {
            "name": "StaticObj_Misc_Timbers_Log5",
            "pos": [
                4378.96142578125,
                10.951801300048829,
                2415.4912109375
            ],
            "ypr": [
                0.0,
                -0.0,
                -0.0
            ]
        },
        {
            "name": "StaticObj_Misc_Timbers_Log5",
            "pos": [
                4377.96923828125,
                14.037026405334473,
                2419.06396484375
            ],
            "ypr": [
                0.0,
                -0.0,
                -0.0
            ]
        },
        {
            "name": "StaticObj_Misc_Timbers_Log5",
            "pos": [
                4377.94873046875,
                11.130365371704102,
                2419.066650390625
            ],
            "ypr": [
                0.0,
                -0.0,
                -0.0
            ]
        },
        {
            "name": "StaticObj_Misc_Timbers_Log5",
            "pos": [
                4382.37939453125,
                14.556960105895996,
                2421.89697265625
            ],
            "ypr": [
                0.0,
                -0.0,
                -0.0
            ]
        },
        {
            "name": "StaticObj_Misc_Timbers_Log5",
            "pos": [
                4382.35888671875,
                11.650299072265625,
                2421.899658203125
            ],
            "ypr": [
                0.0,
                -0.0,
                -0.0
            ]
        },
        {
            "name": "StaticObj_Misc_Timbers_Log5",
            "pos": [
                4383.21728515625,
                14.333206176757813,
                2418.913818359375
            ],
            "ypr": [
                0.0,
                -0.0,
                -0.0
            ]
        },
        {
            "name": "StaticObj_Misc_Timbers_Log5",
            "pos": [
                4383.19677734375,
                11.426546096801758,
                2418.91650390625
            ],
            "ypr": [
                0.0,
                -0.0,
                -0.0
            ]
        },
        {
            "name": "StaticObj_Misc_Timbers_Log5",
            "pos": [
                4384.24658203125,
                14.118025779724121,
                2415.217529296875
            ],
            "ypr": [
                0.0,
                -0.0,
                -0.0
            ]
        },
        {
            "name": "StaticObj_Misc_Timbers_Log5",
            "pos": [
                4384.22607421875,
                11.11136531829834,
                2415.22021484375
            ],
            "ypr": [
                0.0,
                -0.0,
                -0.0
            ]
        },
        {
            "name": "StaticObj_Wall_Tin6_1_4",
            "pos": [
                4374.0029296875,
                19.98603630065918,
                2417.63525390625
            ],
            "ypr": [
                71.89572143554688,
                0.0,
                0.0
            ]
        },
        {
            "name": "StaticObj_Wall_Tin6_2_4",
            "pos": [
                4380.64013671875,
                20.312599182128908,
                2421.6201171875
            ],
            "ypr": [
                166.12100219726563,
                -0.0000038146965835039738,
                3.999998092651367
            ]
        },
        {
            "name": "StaticObj_Wall_Fen6_8",
            "pos": [
                4381.28662109375,
                20.35216522216797,
                2414.3076171875
            ],
            "ypr": [
                -15.450215339660645,
                0.0,
                -1.5000001192092896
            ]
        },
        {
            "name": "StaticObj_Wall_VilVar2_4",
            "pos": [
                4377.57763671875,
                19.46895980834961,
                2413.43359375
            ],
            "ypr": [
                -16.064224243164064,
                0.0,
                0.0
            ]
        },
        {
            "name": "StaticObj_Wall_Fen7_4",
            "pos": [
                4375.36962890625,
                19.7476806640625,
                2414.8154296875
            ],
            "ypr": [
                69.936279296875,
                0.0,
                0.0
            ]
        },
        {
            "name": "StaticObj_Wall_Fen7_4",
            "pos": [
                4384.78369140625,
                20.14661407470703,
                2417.42431640625
            ],
            "ypr": [
                72.37946319580078,
                0.0,
                0.0
            ]
        },
        {
            "name": "StaticObj_Wall_Fen3_4",
            "pos": [
                4375.34375,
                20.062469482421876,
                2419.952392578125
            ],
            "ypr": [
                -13.392399787902832,
                1.5,
                -2.5
            ]
        },
        {
            "name": "StaticObj_Wall_Tin6_2_4",
            "pos": [
                4378.91015625,
                21.09841537475586,
                2424.68994140625
            ],
            "ypr": [
                75.61888122558594,
                -52.4995002746582,
                85.9994888305664
            ]
        },
        {
            "name": "StaticObj_Wall_Tin6_2_4",
            "pos": [
                4377.52001953125,
                19.17481803894043,
                2421.889892578125
            ],
            "ypr": [
                72.11888122558594,
                -45.9995002746582,
                91.49948120117188
            ]
        },
        {
            "name": "StaticObj_Slum_Roof3",
            "pos": [
                4376.515625,
                20.281095504760743,
                2416.901611328125
            ],
            "ypr": [
                -107.99993896484375,
                0.0,
                -0.0
            ]
        },
        {
            "name": "StaticObj_Furniture_locker_open_blue_v1",
            "pos": [
                4374.91748046875,
                19.189531326293947,
                2419.478515625
            ],
            "ypr": [
                -14.500130653381348,
                -0.4999998211860657,
                -1.4999996423721314
            ]
        },
        {
            "name": "StaticObj_Furniture_locker_closed_blue_v2",
            "pos": [
                4374.5087890625,
                19.165679931640626,
                2419.406005859375
            ],
            "ypr": [
                -14.500311851501465,
                -0.4999998211860657,
                -1.4999996423721314
            ]
        },
        {
            "name": "StaticObj_Furniture_locker_open_blue_v3",
            "pos": [
                4374.10546875,
                19.154441833496095,
                2419.32470703125
            ],
            "ypr": [
                -14.500173568725586,
                -0.4999998211860657,
                -1.4999996423721314
            ]
        },
        {
            "name": "StaticObj_Furniture_locker_closed_v1",
            "pos": [
                4375.31103515625,
                19.187135696411134,
                2419.587158203125
            ],
            "ypr": [
                -14.500311851501465,
                -0.4999998211860657,
                -1.4999996423721314
            ]
        },
        {
            "name": "StaticObj_Furniture_postel_panelak1",
            "pos": [
                4377.18017578125,
                19.081600189208986,
                2414.3798828125
            ],
            "ypr": [
                72.03230285644531,
                2.499999523162842,
                0.0
            ]
        },
        {
            "name": "StaticObj_Furniture_case_d",
            "pos": [
                4375.92138671875,
                19.15188980102539,
                2419.864501953125
            ],
            "ypr": [
                163.3024444580078,
                -0.0,
                -0.0
            ]
        },
        {
            "name": "StaticObj_Furniture_metalcrate_02",
            "pos": [
                4378.8837890625,
                19.218069076538087,
                2414.41650390625
            ],
            "ypr": [
                0.0,
                -0.0,
                -0.0
            ]
        },
        {
            "name": "Land_Roadblock_WoodenCrate",
            "pos": [
                4379.60986328125,
                19.75743293762207,
                2420.808837890625
            ],
            "ypr": [
                74.10769653320313,
                1.9999996423721314,
                0.9999998211860657
            ]
        },
        {
            "name": "StaticObj_Misc_WoodenCrate_3x",
            "pos": [
                4383.830078125,
                20.301897048950197,
                2415.9765625
            ],
            "ypr": [
                -19.84795570373535,
                0.0,
                -8.499987602233887
            ]
        },
        {
            "name": "StaticObj_Wall_CGry_5",
            "pos": [
                4362.71142578125,
                7.6828413009643559,
                2384.762451171875
            ],
            "ypr": [
                44.99998092651367,
                -0.0,
                -0.0
            ]
        },
        {
            "name": "StaticObj_Wall_CGry_5",
            "pos": [
                4366.150390625,
                7.699951171875,
                2381.322265625
            ],
            "ypr": [
                44.99998092651367,
                -0.0,
                -0.0
            ]
        },
        {
            "name": "StaticObj_Wall_CGry_5",
            "pos": [
                4369.6337890625,
                7.688460826873779,
                2378.0224609375
            ],
            "ypr": [
                41.79592514038086,
                -0.0,
                -0.0
            ]
        },
        {
            "name": "StaticObj_Wall_CGry_5",
            "pos": [
                4373.421875,
                7.704380035400391,
                2374.791748046875
            ],
            "ypr": [
                39.151641845703128,
                -0.0,
                -0.0
            ]
        },
        {
            "name": "StaticObj_Wall_CGry_End",
            "pos": [
                4376.59814453125,
                7.638333797454834,
                2372.344482421875
            ],
            "ypr": [
                -143.99989318847657,
                0.0,
                -0.0
            ]
        },
        {
            "name": "StaticObj_Wall_CGry_End",
            "pos": [
                4380.8740234375,
                7.779026508331299,
                2369.239013671875
            ],
            "ypr": [
                35.99998092651367,
                -0.0,
                -0.0
            ]
        },
        {
            "name": "StaticObj_Wall_CGry_5",
            "pos": [
                4383.814453125,
                7.8394575119018559,
                2366.87841796875
            ],
            "ypr": [
                40.078880310058597,
                -0.0,
                -0.0
            ]
        },
        {
            "name": "StaticObj_Wall_CGry_5_D",
            "pos": [
                4387.60888671875,
                7.79622745513916,
                2363.712890625
            ],
            "ypr": [
                40.078948974609378,
                -0.0,
                -0.0
            ]
        },
        {
            "name": "StaticObj_Wall_CGry_Corner_2",
            "pos": [
                4389.81689453125,
                7.7854905128479,
                2362.0576171875
            ],
            "ypr": [
                35.999996185302737,
                -0.0,
                -0.0
            ]
        },
        {
            "name": "StaticObj_Wall_CGryLow_5",
            "pos": [
                4355.93359375,
                6.745563983917236,
                2395.70654296875
            ],
            "ypr": [
                63.539039611816409,
                0.0,
                0.0
            ]
        },
        {
            "name": "StaticObj_Wall_CGry_End",
            "pos": [
                4391.107421875,
                7.761098384857178,
                2363.2822265625
            ],
            "ypr": [
                135.0,
                0.0,
                -0.0
            ]
        },
        {
            "name": "StaticObj_Wall_CGryLow_End2",
            "pos": [
                4354.4345703125,
                6.708349227905273,
                2399.235107421875
            ],
            "ypr": [
                72.53889465332031,
                0.0,
                0.0
            ]
        },
        {
            "name": "StaticObj_Wall_CGry_End",
            "pos": [
                4395.6181640625,
                7.758260250091553,
                2368.068603515625
            ],
            "ypr": [
                -54.99999237060547,
                0.0,
                0.0
            ]
        },
        {
            "name": "StaticObj_Wall_CGry_5",
            "pos": [
                4397.92529296875,
                7.842916488647461,
                2371.296142578125
            ],
            "ypr": [
                -53.999969482421878,
                0.0,
                0.0
            ]
        },
        {
            "name": "StaticObj_Wall_CGry_5",
            "pos": [
                4400.83642578125,
                7.845738887786865,
                2375.293212890625
            ],
            "ypr": [
                -53.999969482421878,
                0.0,
                0.0
            ]
        },
        {
            "name": "StaticObj_Wall_CGry_End",
            "pos": [
                4402.92626953125,
                7.7828688621521,
                2378.591552734375
            ],
            "ypr": [
                116.99994659423828,
                0.0,
                -0.0
            ]
        },
        {
            "name": "StaticObj_Wall_CGryLow_End2",
            "pos": [
                4357.61767578125,
                6.699779987335205,
                2392.218505859375
            ],
            "ypr": [
                -115.10779571533203,
                0.0,
                0.0
            ]
        },
        {
            "name": "StaticObj_Wall_CGry_End",
            "pos": [
                4360.13134765625,
                7.578551292419434,
                2387.64501953125
            ],
            "ypr": [
                53.138301849365237,
                -0.0,
                -0.0
            ]
        },
        {
            "name": "StaticObj_Wall_CGry_5",
            "pos": [
                4344.57861328125,
                7.534609794616699,
                2431.8984375
            ],
            "ypr": [
                76.89268493652344,
                0.0,
                0.0
            ]
        },
        {
            "name": "StaticObj_Wall_CGry_5",
            "pos": [
                4345.681640625,
                7.551631927490234,
                2427.16162109375
            ],
            "ypr": [
                76.89268493652344,
                0.0,
                0.0
            ]
        },
        {
            "name": "StaticObj_Wall_CGry_5",
            "pos": [
                4346.896484375,
                7.540228843688965,
                2422.520263671875
            ],
            "ypr": [
                73.68882751464844,
                0.0,
                0.0
            ]
        },
        {
            "name": "StaticObj_Wall_CGry_5",
            "pos": [
                4348.4052734375,
                7.556148529052734,
                2417.77587890625
            ],
            "ypr": [
                71.04467010498047,
                0.0,
                0.0
            ]
        },
        {
            "name": "StaticObj_Wall_CGry_End",
            "pos": [
                4349.80712890625,
                7.4901018142700199,
                2414.021240234375
            ],
            "ypr": [
                -112.10659790039063,
                0.0,
                0.0
            ]
        },
        {
            "name": "StaticObj_Wall_CGry_End",
            "pos": [
                4343.91162109375,
                7.430319309234619,
                2435.7099609375
            ],
            "ypr": [
                85.03105163574219,
                0.0,
                0.0
            ]
        },
        {
            "name": "StaticObj_Ruin_Rubble",
            "pos": [
                4372.53759765625,
                9.588061332702637,
                2428.5458984375
            ],
            "ypr": [
                -179.9998779296875,
                0.0,
                -0.0
            ]
        },
        {
            "name": "StaticObj_Ruin_Rubble",
            "pos": [
                4366.72021484375,
                9.232890129089356,
                2427.449951171875
            ],
            "ypr": [
                -25.275999069213868,
                0.0,
                -3.4999992847442629
            ]
        },
        {
            "name": "StaticObj_Ruin_Rubble",
            "pos": [
                4399.2900390625,
                7.648965835571289,
                2418.6201171875
            ],
            "ypr": [
                -8.999988555908204,
                0.0,
                10.999998092651368
            ]
        },
        {
            "name": "StaticObj_Ruin_Rubble",
            "pos": [
                4397.6943359375,
                7.500584125518799,
                2414.668701171875
            ],
            "ypr": [
                70.71027374267578,
                0.0,
                10.999998092651368
            ]
        },
        {
            "name": "StaticObj_Ruin_Rubble",
            "pos": [
                4394.2998046875,
                9.23429012298584,
                2413.949951171875
            ],
            "ypr": [
                68.1353988647461,
                -3.0,
                18.499996185302736
            ]
        },
        {
            "name": "StaticObj_Ruin_Rubble",
            "pos": [
                4392.7314453125,
                9.58204174041748,
                2418.531982421875
            ],
            "ypr": [
                1.9739794731140137,
                0.0,
                10.999998092651368
            ]
        },
        {
            "name": "StaticObj_Ruin_Rubble",
            "pos": [
                4391.23193359375,
                8.460959434509278,
                2422.317626953125
            ],
            "ypr": [
                -11.499995231628418,
                -8.499996185302735,
                -0.9999986290931702
            ]
        },
        {
            "name": "StaticObj_Ruin_Rubble",
            "pos": [
                4388.125,
                9.167113304138184,
                2416.8876953125
            ],
            "ypr": [
                -8.999987602233887,
                0.0,
                10.999998092651368
            ]
        }
    ]
}