{
    "Objects": [
        {
            "name": "Land_Mil_Barracks4",
            "pos": [
                4983.3623046875,
                10.9528169631958,
                2406.804443359375
            ],
            "ypr": [
                -37.99993133544922,
                0.0,
                0.0
            ]
        },
        {
            "name": "Land_Wreck_V3S",
            "pos": [
                4990.5205078125,
                10.763689041137696,
                2403.847412109375
            ],
            "ypr": [
                -139.99932861328126,
                -3.9999988079071047,
                4.999992370605469
            ]
        },
        {
            "name": "Land_Wreck_Uaz",
            "pos": [
                4999.0302734375,
                10.243185043334961,
                2412.923095703125
            ],
            "ypr": [
                -108.99957275390625,
                0.9999989867210388,
                -4.999998092651367
            ]
        },
        {
            "name": "Land_wreck_truck01_aban1_green",
            "pos": [
                5002.79541015625,
                9.176292419433594,
                2382.78271484375
            ],
            "ypr": [
                0.0,
                0.0,
                0.0
            ]
        },
        {
            "name": "Land_Workshop_FuelStation",
            "pos": [
                5011.96923828125,
                10.78032398223877,
                2380.307373046875
            ],
            "ypr": [
                169.00088500976563,
                0.0,
                0.0
            ]
        },
        {
            "name": "Land_FuelStation_Build",
            "pos": [
                5002.453125,
                11.075959205627442,
                2396.052490234375
            ],
            "ypr": [
                -45.999908447265628,
                0.0,
                0.0
            ]
        },
        {
            "name": "Land_Workshop1",
            "pos": [
                5013.3701171875,
                10.93857479095459,
                2415.25146484375
            ],
            "ypr": [
                -129.99935913085938,
                0.0,
                0.0
            ]
        },
        {
            "name": "Land_FuelStation_Feed",
            "pos": [
                5013.7734375,
                10.348132133483887,
                2411.894775390625
            ],
            "ypr": [
                -37.999900817871097,
                0.0,
                0.0
            ]
        },
        {
            "name": "Land_Mil_CamoNet_Roof_east",
            "pos": [
                5030.2255859375,
                10.733716011047364,
                2392.056396484375
            ],
            "ypr": [
                48.99988555908203,
                0.0,
                0.0
            ]
        },
        {
            "name": "Land_Container_1Mo",
            "pos": [
                5037.60009765625,
                10.519240379333496,
                2387.371826171875
            ],
            "ypr": [
                -52.99989318847656,
                -0.9999999403953552,
                1.9999990463256837
            ]
        },
        {
            "name": "Land_Roadblock_Table",
            "pos": [
                5033.4091796875,
                9.71017837524414,
                2387.328369140625
            ],
            "ypr": [
                0.0,
                -0.9999999403953552,
                0.0
            ]
        },
        {
            "name": "Land_Roadblock_WoodenCrate",
            "pos": [
                5031.93994140625,
                9.609201431274414,
                2387.250732421875
            ],
            "ypr": [
                0.0,
                0.0,
                -3.9999988079071047
            ]
        },
        {
            "name": "Land_Roadblock_Table",
            "pos": [
                5032.69677734375,
                9.71701717376709,
                2393.781005859375
            ],
            "ypr": [
                24.999984741210939,
                0.0,
                0.0
            ]
        },
        {
            "name": "Land_Roadblock_WoodenCrate",
            "pos": [
                5032.79931640625,
                9.620420455932618,
                2394.792236328125
            ],
            "ypr": [
                57.9998664855957,
                0.9999980330467224,
                -1.9999990463256837
            ]
        },
        {
            "name": "Land_Wreck_Uaz",
            "pos": [
                5027.68505859375,
                10.167208671569825,
                2393.923095703125
            ],
            "ypr": [
                -135.9993896484375,
                0.9999999403953552,
                -1.9999990463256837
            ]
        }
    ]
}