{
    "Objects": [
        {
            "name": "Land_Mil_ATC_Big",
            "pos": [
                4883.923828125,
                25.23982810974121,
                2532.87255859375
            ],
            "ypr": [
                -38.99989318847656,
                0.0,
                0.0
            ]
        },
        {
            "name": "Land_Mil_Barracks6",
            "pos": [
                4895.2431640625,
                7.65151309967041,
                2366.505126953125
            ],
            "ypr": [
                0.0,
                0.0,
                0.0
            ]
        },
        {
            "name": "Land_Farm_WaterTower_Small",
            "pos": [
                4952.7216796875,
                16.805925369262697,
                2361.20849609375
            ],
            "ypr": [
                -18.999980926513673,
                0.0,
                0.0
            ]
        },
        {
            "name": "Land_Tisy_Barracks",
            "pos": [
                4825.19970703125,
                11.96002197265625,
                2401.581298828125
            ],
            "ypr": [
                -125.99945831298828,
                0.0,
                0.0
            ]
        },
        {
            "name": "Land_Wall_Gate_IndCnc4_Low",
            "pos": [
                4829.92138671875,
                5.491113185882568,
                2385.27685546875
            ],
            "ypr": [
                -125.99940490722656,
                0.0,
                -90.0
            ]
        },
        {
            "name": "Land_Mil_Guardhouse2",
            "pos": [
                4859.46826171875,
                10.15809154510498,
                2459.3779296875
            ],
            "ypr": [
                -33.99996566772461,
                0.0,
                0.0
            ]
        },
        {
            "name": "Land_Castle_Wall1_20_Turn",
            "pos": [
                4845.64794921875,
                3.5097310543060304,
                2448.1181640625
            ],
            "ypr": [
                -30.999956130981447,
                0.0,
                0.0
            ]
        },
        {
            "name": "Land_Container_1Bo",
            "pos": [
                4868.279296875,
                10.403440475463868,
                2470.193115234375
            ],
            "ypr": [
                44.999916076660159,
                0.0,
                1.9999998807907105
            ]
        },
        {
            "name": "Land_Construction_Building",
            "pos": [
                4843.2666015625,
                16.946548461914064,
                2495.955078125
            ],
            "ypr": [
                139.0005645751953,
                0.0,
                0.0
            ]
        },
        {
            "name": "Land_Construction_Crane",
            "pos": [
                4825.08984375,
                26.450899124145509,
                2483.239990234375
            ],
            "ypr": [
                -42.0,
                0.0,
                0.0
            ]
        },
        {
            "name": "Land_Container_1Mo",
            "pos": [
                4842.63232421875,
                23.550189971923829,
                2508.42333984375
            ],
            "ypr": [
                45.99992370605469,
                0.0,
                0.0
            ]
        },
        {
            "name": "Land_Barn_Wood2",
            "pos": [
                4872.80517578125,
                11.414141654968262,
                2394.73193359375
            ],
            "ypr": [
                -40.99993896484375,
                0.0,
                0.0
            ]
        },
        {
            "name": "Land_Tank_Medium_Stairs",
            "pos": [
                4863.98876953125,
                9.737557411193848,
                2392.715576171875
            ],
            "ypr": [
                -130.0,
                0.0,
                0.0
            ]
        },
        {
            "name": "Land_FuelStation_Feed",
            "pos": [
                4863.3486328125,
                9.265238761901856,
                2398.37841796875
            ],
            "ypr": [
                -39.999916076660159,
                0.0,
                0.0
            ]
        },
        {
            "name": "Land_Lamp_City1_amp",
            "pos": [
                4868.36181640625,
                11.589970588684082,
                2403.849853515625
            ],
            "ypr": [
                23.999984741210939,
                0.0,
                0.0
            ]
        },
        {
            "name": "Land_Wreck_V3S",
            "pos": [
                4882.08642578125,
                10.359506607055664,
                2405.8564453125
            ],
            "ypr": [
                -30.99997329711914,
                -2.9999988079071047,
                -0.9999998211860657
            ]
        },
        {
            "name": "Land_Wreck_hb01_aban1_green",
            "pos": [
                4878.12939453125,
                9.980958938598633,
                2399.823974609375
            ],
            "ypr": [
                -49.999908447265628,
                0.0,
                0.0
            ]
        },
        {
            "name": "Land_Wreck_Tractor",
            "pos": [
                4987.19580078125,
                9.920493125915528,
                2371.026123046875
            ],
            "ypr": [
                -45.99992370605469,
                0.0,
                0.0
            ]
        },
        {
            "name": "Land_Wreck_Trailer_Closed",
            "pos": [
                4984.259765625,
                9.827341079711914,
                2374.6201171875
            ],
            "ypr": [
                -13.999981880187989,
                -0.9999999403953552,
                3.9999988079071047
            ]
        },
        {
            "name": "Land_Wreck_C130J",
            "pos": [
                4833.9501953125,
                29.595699310302736,
                2488.7900390625
            ],
            "ypr": [
                -88.99999237060547,
                10.999999046325684,
                5.999999523162842
            ]
        },
        {
            "name": "Land_Container_1Moh",
            "pos": [
                4855.14306640625,
                23.585346221923829,
                2517.145751953125
            ],
            "ypr": [
                -39.99993896484375,
                0.0,
                0.0
            ]
        },
        {
            "name": "Land_Mil_Barracks_Round",
            "pos": [
                4926.50732421875,
                9.877758979797364,
                2397.43212890625
            ],
            "ypr": [
                87.99966430664063,
                0.0,
                0.0
            ]
        },
        {
            "name": "Land_Mil_Barracks_Round",
            "pos": [
                4923.06787109375,
                10.111527442932129,
                2406.340576171875
            ],
            "ypr": [
                52.99989318847656,
                0.0,
                0.0
            ]
        },
        {
            "name": "Land_Garage_Row_Small",
            "pos": [
                4855.59814453125,
                9.888814926147461,
                2415.39013671875
            ],
            "ypr": [
                138.00074768066407,
                0.0,
                0.0
            ]
        },
        {
            "name": "Land_CementWorks_SiloBig1A",
            "pos": [
                4861.73974609375,
                -4.297999858856201,
                2409.021728515625
            ],
            "ypr": [
                -130.99940490722657,
                -0.9999999403953552,
                90.99989318847656
            ]
        },
        {
            "name": "Land_Wreck_Uaz",
            "pos": [
                4873.47900390625,
                9.52087688446045,
                2405.316650390625
            ],
            "ypr": [
                -24.999984741210939,
                0.0,
                0.0
            ]
        },
        {
            "name": "Land_Wreck_Ikarus",
            "pos": [
                4856.68994140625,
                8.92442512512207,
                2383.702392578125
            ],
            "ypr": [
                29.999975204467775,
                0.0,
                0.0
            ]
        },
        {
            "name": "Land_Wreck_Lada_Red",
            "pos": [
                4854.22705078125,
                8.184014320373536,
                2376.463623046875
            ],
            "ypr": [
                -33.99995422363281,
                -0.9999999403953552,
                -1.9999998807907105
            ]
        },
        {
            "name": "Land_Wreck_S1023_Blue",
            "pos": [
                4850.34130859375,
                8.263457298278809,
                2370.538330078125
            ],
            "ypr": [
                0.0,
                -0.9999999403953552,
                -4.999998092651367
            ]
        },
        {
            "name": "Land_wreck_truck01_aban2_green",
            "pos": [
                4843.3330078125,
                7.877730846405029,
                2372.48095703125
            ],
            "ypr": [
                -134.9993438720703,
                0.9999999403953552,
                1.9999998807907105
            ]
        },
        {
            "name": "Land_Wreck_C130J",
            "pos": [
                4993.7041015625,
                15.134140014648438,
                2465.72998046875
            ],
            "ypr": [
                -20.999982833862306,
                3.299994945526123,
                12.999987602233887
            ]
        },
        {
            "name": "CraterLong",
            "pos": [
                4991.50146484375,
                9.777029037475586,
                2463.78564453125
            ],
            "ypr": [
                159.99916076660157,
                -0.9999979138374329,
                7.999997138977051
            ]
        },
        {
            "name": "CraterLong",
            "pos": [
                4996.1298828125,
                9.127026557922364,
                2455.9482421875
            ],
            "ypr": [
                156.99905395507813,
                -5.9999918937683109,
                -16.999977111816408
            ]
        },
        {
            "name": "CraterLong",
            "pos": [
                4996.1630859375,
                9.277027130126954,
                2454.65625
            ],
            "ypr": [
                142.99929809570313,
                6.999990940093994,
                -2.9999969005584719
            ]
        },
        {
            "name": "CraterLong",
            "pos": [
                5011.16796875,
                9.177026748657227,
                2472.382568359375
            ],
            "ypr": [
                164.9999237060547,
                3.0,
                4.999993801116943
            ]
        },
        {
            "name": "CraterLong",
            "pos": [
                4995.32275390625,
                9.627028465270996,
                2465.359375
            ],
            "ypr": [
                -9.999998092651368,
                -1.9999990463256837,
                -0.9999999403953552
            ]
        },
        {
            "name": "CraterLong",
            "pos": [
                4990.45166015625,
                9.52702808380127,
                2470.739990234375
            ],
            "ypr": [
                -6.999998092651367,
                -0.9999999403953552,
                4.999998092651367
            ]
        },
        {
            "name": "CraterLong",
            "pos": [
                4988.44921875,
                9.52702808380127,
                2478.406982421875
            ],
            "ypr": [
                -4.999989986419678,
                -2.999998092651367,
                -8.999993324279786
            ]
        },
        {
            "name": "CraterLong",
            "pos": [
                4988.46240234375,
                9.52702808380127,
                2485.981689453125
            ],
            "ypr": [
                -179.99996948242188,
                0.0,
                0.0
            ]
        },
        {
            "name": "CraterLong",
            "pos": [
                5011.0400390625,
                9.52702808380127,
                2474.8349609375
            ],
            "ypr": [
                156.9997100830078,
                0.0,
                0.0
            ]
        },
        {
            "name": "Land_Tower_TC6",
            "pos": [
                4976.69775390625,
                32.92790985107422,
                2300.961669921875
            ],
            "ypr": [
                -79.9996566772461,
                0.0,
                0.0
            ]
        },
        {
            "name": "Land_Village_HealthCare_Enoch",
            "pos": [
                4900.71923828125,
                12.912304878234864,
                2428.1513671875
            ],
            "ypr": [
                -103.9990005493164,
                0.0,
                0.0
            ]
        },
        {
            "name": "Land_Slum_House5",
            "pos": [
                4890.8447265625,
                9.970808029174805,
                2408.51806640625
            ],
            "ypr": [
                138.99925231933595,
                0.0,
                0.0
            ]
        },
        {
            "name": "Land_Mil_ControlTower",
            "pos": [
                5188.9853515625,
                16.574499130249025,
                2328.819580078125
            ],
            "ypr": [
                46.99965286254883,
                0.0,
                0.0
            ]
        },
        {
            "name": "Land_House_1W06",
            "pos": [
                4926.34521484375,
                11.774774551391602,
                2348.165771484375
            ],
            "ypr": [
                55.9998779296875,
                0.0,
                0.0
            ]
        },
        {
            "name": "Land_Wreck_hb01_aban1_green",
            "pos": [
                4932.23583984375,
                10.002726554870606,
                2350.134033203125
            ],
            "ypr": [
                -23.999977111816408,
                0.0,
                -3.0
            ]
        },
        {
            "name": "Land_Castle_Wall1_20_Turn",
            "pos": [
                4928.43310546875,
                1.5499999523162842,
                2365.294677734375
            ],
            "ypr": [
                -100.99980926513672,
                3.0,
                2.999998092651367
            ]
        },
        {
            "name": "Land_wreck_truck01_aban1_orange",
            "pos": [
                4937.9775390625,
                9.633456230163575,
                2351.6572265625
            ],
            "ypr": [
                -56.99981689453125,
                -10.999984741210938,
                -7.999969482421875
            ]
        },
        {
            "name": "Land_Wreck_Caravan_WGreen",
            "pos": [
                4918.3125,
                10.414958953857422,
                2338.0810546875
            ],
            "ypr": [
                -83.99909210205078,
                0.0,
                0.0
            ]
        },
        {
            "name": "Land_Wreck_S1023_Beige",
            "pos": [
                4918.021484375,
                9.734142303466797,
                2335.5830078125
            ],
            "ypr": [
                -71.99967956542969,
                0.0,
                0.0
            ]
        },
        {
            "name": "Land_Misc_Toilet_Dry",
            "pos": [
                4924.66796875,
                10.542035102844239,
                2331.8779296875
            ],
            "ypr": [
                -66.99976348876953,
                0.0,
                0.0
            ]
        },
        {
            "name": "Land_Slum_House3",
            "pos": [
                4930.22265625,
                10.47402286529541,
                2333.9140625
            ],
            "ypr": [
                37.99980163574219,
                0.0,
                0.0
            ]
        },
        {
            "name": "Land_Wreck_Uaz",
            "pos": [
                4935.240234375,
                9.843185424804688,
                2332.0078125
            ],
            "ypr": [
                21.999948501586915,
                0.9999979138374329,
                1.9999998807907105
            ]
        },
        {
            "name": "Land_Wreck_Lada_Green",
            "pos": [
                4932.54833984375,
                9.71340560913086,
                2327.1689453125
            ],
            "ypr": [
                -107.99958038330078,
                -3.0,
                4.999998092651367
            ]
        },
        {
            "name": "Land_Misc_Well_Pump_Blue",
            "pos": [
                4892.8525390625,
                9.242538452148438,
                2420.335205078125
            ],
            "ypr": [
                0.0,
                0.0,
                0.0
            ]
        },
        {
            "name": "Land_Container_1Aoh",
            "pos": [
                4870.51318359375,
                9.244035720825196,
                2382.694091796875
            ],
            "ypr": [
                48.9998893737793,
                4.0,
                1.9999990463256837
            ]
        },
        {
            "name": "Wreck_Mi8",
            "pos": [
                5024.9892578125,
                11.47794246673584,
                2357.381103515625
            ],
            "ypr": [
                0.0,
                0.9999999403953552,
                0.9999999403953552
            ]
        },
        {
            "name": "Land_Lamp_City1_amp",
            "pos": [
                4857.15185546875,
                12.071075439453125,
                2461.736328125
            ],
            "ypr": [
                -23.99995231628418,
                0.0,
                0.0
            ]
        },
        {
            "name": "Land_Lamp_City1_amp",
            "pos": [
                4915.212890625,
                13.43248176574707,
                2513.98095703125
            ],
            "ypr": [
                50.99990463256836,
                0.0,
                0.0
            ]
        },
        {
            "name": "Land_Guardhouse",
            "pos": [
                4915.97265625,
                10.769643783569336,
                2511.287841796875
            ],
            "ypr": [
                50.99980926513672,
                0.0,
                0.0
            ]
        },
        {
            "name": "Land_Wall_Gate_IndCnc4_Low",
            "pos": [
                4914.79296875,
                9.846914291381836,
                2515.46875
            ],
            "ypr": [
                50.99985122680664,
                0.0,
                0.0
            ]
        },
        {
            "name": "Land_Monument_T34",
            "pos": [
                4942.9541015625,
                9.373492240905762,
                2387.789794921875
            ],
            "ypr": [
                70.99979400634766,
                -1.9999992847442628,
                2.0
            ]
        },
        {
            "name": "Land_Monument_T34",
            "pos": [
                4945.5234375,
                8.96461296081543,
                2426.02783203125
            ],
            "ypr": [
                -59.999855041503909,
                0.0,
                6.999997138977051
            ]
        },
        {
            "name": "Land_Monument_T34",
            "pos": [
                4826.5546875,
                7.786839962005615,
                2438.1494140625
            ],
            "ypr": [
                0.0,
                1.9999979734420777,
                6.999998092651367
            ]
        },
        {
            "name": "CraterLong",
            "pos": [
                4827.5224609375,
                7.907732009887695,
                2437.069580078125
            ],
            "ypr": [
                90.99967956542969,
                1.9999990463256837,
                2.0
            ]
        },
        {
            "name": "Land_Mil_Barracks3",
            "pos": [
                5115.8837890625,
                11.55339241027832,
                2278.13232421875
            ],
            "ypr": [
                -36.99973678588867,
                0.0,
                0.0
            ]
        },
        {
            "name": "Land_Medical_Tent_Big",
            "pos": [
                5103.57080078125,
                9.390976905822754,
                2290.780517578125
            ],
            "ypr": [
                49.999393463134769,
                0.0,
                0.0
            ]
        },
        {
            "name": "Land_Mil_Barracks6",
            "pos": [
                5113.6640625,
                9.215897560119629,
                2246.078369140625
            ],
            "ypr": [
                48.999820709228519,
                0.0,
                0.0
            ]
        },
        {
            "name": "Land_Wreck_Uaz",
            "pos": [
                5131.90380859375,
                10.343185424804688,
                2267.6171875
            ],
            "ypr": [
                -34.99996566772461,
                0.0,
                0.0
            ]
        },
        {
            "name": "Land_Wreck_Lada_Green",
            "pos": [
                5133.06884765625,
                10.261496543884278,
                2272.06494140625
            ],
            "ypr": [
                110.99956512451172,
                -1.9999990463256837,
                -4.999998092651367
            ]
        },
        {
            "name": "Land_Wreck_Volha_Blue",
            "pos": [
                5092.6123046875,
                10.075340270996094,
                2257.015625
            ],
            "ypr": [
                4.999989986419678,
                -1.9999990463256837,
                3.0
            ]
        },
        {
            "name": "Land_wreck_truck01_aban2_blue",
            "pos": [
                5101.126953125,
                9.48287582397461,
                2256.181640625
            ],
            "ypr": [
                48.999916076660159,
                1.9999979734420777,
                8.999993324279786
            ]
        },
        {
            "name": "CraterLong",
            "pos": [
                5102.2119140625,
                9.018630027770996,
                2256.82373046875
            ],
            "ypr": [
                53.999847412109378,
                -1.9999979734420777,
                10.999998092651368
            ]
        },
        {
            "name": "Land_Wall_Gate_Fen2_L",
            "pos": [
                5126.37841796875,
                10.595423698425293,
                2270.126220703125
            ],
            "ypr": [
                -38.9995231628418,
                0.0,
                0.0
            ]
        },
        {
            "name": "Land_Wreck_Ikarus",
            "pos": [
                5136.75048828125,
                10.93752384185791,
                2271.455078125
            ],
            "ypr": [
                -35.999942779541019,
                0.9999998211860657,
                -3.0
            ]
        },
        {
            "name": "Land_Mil_Barracks5",
            "pos": [
                5147.82177734375,
                15.17465591430664,
                2230.3544921875
            ],
            "ypr": [
                0.0,
                0.0,
                0.0
            ]
        },
        {
            "name": "Land_Castle_WallS_10",
            "pos": [
                5157.33349609375,
                10.37612533569336,
                2239.64013671875
            ],
            "ypr": [
                76.99959564208985,
                0.0,
                0.0
            ]
        },
        {
            "name": "Land_Castle_WallS_5_D",
            "pos": [
                5152.97705078125,
                9.579039573669434,
                2248.003662109375
            ],
            "ypr": [
                52.999881744384769,
                0.0,
                0.0
            ]
        },
        {
            "name": "Land_Castle_WallS_End",
            "pos": [
                5154.89697265625,
                11.56578540802002,
                2246.2255859375
            ],
            "ypr": [
                47.99989318847656,
                0.0,
                0.0
            ]
        },
        {
            "name": "Land_Mil_Guardhouse1",
            "pos": [
                5140.966796875,
                11.71144962310791,
                2260.666259765625
            ],
            "ypr": [
                -128.9993896484375,
                0.0,
                0.0
            ]
        },
        {
            "name": "Land_Tank_Medium_Stairs",
            "pos": [
                5153.21923828125,
                10.709877014160157,
                2219.20556640625
            ],
            "ypr": [
                179.9996337890625,
                0.0,
                0.0
            ]
        },
        {
            "name": "Land_Castle_WallS_End",
            "pos": [
                5150.37255859375,
                10.55081558227539,
                2250.73828125
            ],
            "ypr": [
                -127.99943542480469,
                0.0,
                0.0
            ]
        },
        {
            "name": "Land_Castle_WallS_End",
            "pos": [
                5158.33544921875,
                10.219175338745118,
                2237.178955078125
            ],
            "ypr": [
                75.99958801269531,
                0.0,
                0.0
            ]
        },
        {
            "name": "Land_Castle_Stairs",
            "pos": [
                5131.54541015625,
                6.023797988891602,
                2261.101806640625
            ],
            "ypr": [
                48.99991989135742,
                0.0,
                0.0
            ]
        },
        {
            "name": "Land_Wall_Gate_Ind1_L",
            "pos": [
                5146.10302734375,
                10.350055694580079,
                2255.08056640625
            ],
            "ypr": [
                51.999900817871097,
                0.0,
                0.0
            ]
        },
        {
            "name": "Land_Wall_Gate_Ind1_R",
            "pos": [
                5147.1103515625,
                10.350055694580079,
                2255.870361328125
            ],
            "ypr": [
                50.999874114990237,
                0.0,
                0.0
            ]
        },
        {
            "name": "Land_Roadblock_WoodenCrate",
            "pos": [
                5139.95703125,
                10.098190307617188,
                2256.720947265625
            ],
            "ypr": [
                45.99992370605469,
                0.0,
                0.0
            ]
        },
        {
            "name": "Land_Castle_Wall2_End1_nolc",
            "pos": [
                5134.3828125,
                1.8000019788742066,
                2244.48291015625
            ],
            "ypr": [
                -40.99993896484375,
                0.0,
                2.999973773956299
            ]
        },
        {
            "name": "Land_Mil_CamoNet_Roof_east",
            "pos": [
                4733.58203125,
                9.816473007202149,
                2598.11962890625
            ],
            "ypr": [
                -67.99964904785156,
                0.0,
                0.0
            ]
        },
        {
            "name": "Land_Container_1Moh",
            "pos": [
                4742.39892578125,
                9.97827434539795,
                2598.572509765625
            ],
            "ypr": [
                105.99959564208985,
                2.9999988079071047,
                1.9999998807907105
            ]
        },
        {
            "name": "Land_Container_1Moh",
            "pos": [
                4739.72509765625,
                9.958671569824219,
                2606.2900390625
            ],
            "ypr": [
                37.99995040893555,
                0.9999999403953552,
                -1.9999998807907105
            ]
        },
        {
            "name": "Land_Roadblock_Table",
            "pos": [
                4736.955078125,
                9.131528854370118,
                2605.4619140625
            ],
            "ypr": [
                -49.999908447265628,
                0.0,
                0.0
            ]
        },
        {
            "name": "Land_Roadblock_WoodenCrate",
            "pos": [
                4730.91796875,
                9.018733024597168,
                2598.6982421875
            ],
            "ypr": [
                -8.999993324279786,
                1.9999990463256837,
                -2.0
            ]
        },
        {
            "name": "Land_Roadblock_Table",
            "pos": [
                4729.130859375,
                9.152311325073243,
                2599.744873046875
            ],
            "ypr": [
                -38.999942779541019,
                -1.0,
                -1.9999998807907105
            ]
        },
        {
            "name": "Land_Roadblock_Table",
            "pos": [
                4733.2626953125,
                9.086030960083008,
                2596.6123046875
            ],
            "ypr": [
                76.9997329711914,
                0.0,
                0.0
            ]
        },
        {
            "name": "Land_Roadblock_WoodenCrate",
            "pos": [
                4733.04541015625,
                8.991697311401368,
                2598.37646484375
            ],
            "ypr": [
                -29.999975204467775,
                -1.9999992847442628,
                3.0
            ]
        },
        {
            "name": "Land_Wreck_Uaz",
            "pos": [
                4736.62109375,
                9.523185729980469,
                2592.15478515625
            ],
            "ypr": [
                -9.99999713897705,
                0.0,
                0.0
            ]
        },
        {
            "name": "Land_Mil_Guardhouse2",
            "pos": [
                4743.49658203125,
                10.063783645629883,
                2581.551025390625
            ],
            "ypr": [
                98.99958038330078,
                0.0,
                0.0
            ]
        },
        {
            "name": "Land_Mil_GuardBox_Green",
            "pos": [
                4746.39501953125,
                10.602843284606934,
                2589.578125
            ],
            "ypr": [
                98.99960327148438,
                0.0,
                0.0
            ]
        },
        {
            "name": "Land_Construction_House2",
            "pos": [
                5346.03564453125,
                13.522871971130371,
                2150.287109375
            ],
            "ypr": [
                65.99976348876953,
                0.0,
                0.0
            ]
        },
        {
            "name": "Land_Mil_Fortified_Nest_Small",
            "pos": [
                5380.2109375,
                14.784650802612305,
                2142.3720703125
            ],
            "ypr": [
                -12.999996185302735,
                0.0,
                0.0
            ]
        },
        {
            "name": "Land_Sawmill_Illuminanttower",
            "pos": [
                5385.7236328125,
                25.186100006103517,
                2196.04296875
            ],
            "ypr": [
                55.999794006347659,
                0.0,
                0.0
            ]
        },
        {
            "name": "Land_House_1W06",
            "pos": [
                5358.68359375,
                21.714305877685548,
                2246.382568359375
            ],
            "ypr": [
                -4.999948978424072,
                0.0,
                0.0
            ]
        },
        {
            "name": "Land_Shed_W1",
            "pos": [
                5370.998046875,
                22.90937614440918,
                2243.598876953125
            ],
            "ypr": [
                78.99971771240235,
                0.0,
                0.0
            ]
        },
        {
            "name": "Land_Misc_Toilet_Dry",
            "pos": [
                5373.44921875,
                23.520538330078126,
                2238.626220703125
            ],
            "ypr": [
                -72.999755859375,
                0.0,
                0.0
            ]
        },
        {
            "name": "Land_Mil_Tent_Big3",
            "pos": [
                5191.76416015625,
                10.261786460876465,
                2162.790283203125
            ],
            "ypr": [
                -156.9991912841797,
                0.0,
                0.0
            ]
        },
        {
            "name": "Land_Mil_Tent_Big1_1",
            "pos": [
                5208.62158203125,
                9.460000038146973,
                2150.3994140625
            ],
            "ypr": [
                112.9987564086914,
                0.0,
                0.0
            ]
        },
        {
            "name": "CraterLong",
            "pos": [
                5207.7109375,
                8.6939115524292,
                2146.566650390625
            ],
            "ypr": [
                -63.99974822998047,
                3.0,
                -8.999993324279786
            ]
        },
        {
            "name": "Land_Medical_Tent_Big",
            "pos": [
                5212.5166015625,
                9.550000190734864,
                2160.7861328125
            ],
            "ypr": [
                3.9999942779541017,
                -0.4999999701976776,
                0.0
            ]
        },
        {
            "name": "Land_Mil_CamoNet_Roof_east",
            "pos": [
                5199.78076171875,
                10.329977989196778,
                2154.17529296875
            ],
            "ypr": [
                -57.99956512451172,
                0.0,
                0.0
            ]
        },
        {
            "name": "Land_Roadblock_Table",
            "pos": [
                5194.857421875,
                9.500178337097168,
                2156.447265625
            ],
            "ypr": [
                4.999991416931152,
                0.0,
                0.0
            ]
        },
        {
            "name": "Land_Roadblock_Table",
            "pos": [
                5197.158203125,
                9.500178337097168,
                2157.4697265625
            ],
            "ypr": [
                -49.999908447265628,
                0.0,
                0.0
            ]
        },
        {
            "name": "Land_Roadblock_WoodenCrate",
            "pos": [
                5196.3203125,
                9.398189544677735,
                2155.893798828125
            ],
            "ypr": [
                -8.999993324279786,
                3.9999988079071047,
                -2.9999966621398927
            ]
        },
        {
            "name": "Land_Roadblock_WoodenCrate",
            "pos": [
                5198.099609375,
                9.529467582702637,
                2160.925048828125
            ],
            "ypr": [
                0.0,
                0.0,
                0.0
            ]
        },
        {
            "name": "Land_Roadblock_Table",
            "pos": [
                5196.5791015625,
                9.581748962402344,
                2161.4013671875
            ],
            "ypr": [
                16.99999237060547,
                0.0,
                0.0
            ]
        },
        {
            "name": "Land_Wreck_V3S",
            "pos": [
                5216.06640625,
                10.952949523925782,
                2167.092529296875
            ],
            "ypr": [
                84.99971008300781,
                0.0,
                0.0
            ]
        },
        {
            "name": "Land_Wreck_V3S",
            "pos": [
                5378.9306640625,
                16.69571304321289,
                2207.2392578125
            ],
            "ypr": [
                114.99951934814453,
                3.9999988079071047,
                1.9999990463256837
            ]
        },
        {
            "name": "CraterLong",
            "pos": [
                5379.00830078125,
                14.446657180786133,
                2207.503662109375
            ],
            "ypr": [
                -68.99978637695313,
                -3.9999988079071047,
                8.999998092651368
            ]
        },
        {
            "name": "Land_Guardhouse",
            "pos": [
                5375.93505859375,
                16.259719848632814,
                2187.591796875
            ],
            "ypr": [
                -101.99961853027344,
                0.0,
                0.0
            ]
        },
        {
            "name": "Land_Mil_Guardhouse2",
            "pos": [
                5280.38720703125,
                6.892315864562988,
                2103.101318359375
            ],
            "ypr": [
                13.999992370605469,
                0.0,
                0.0
            ]
        },
        {
            "name": "Land_Guardhouse",
            "pos": [
                5271.6572265625,
                6.688234806060791,
                2105.175537109375
            ],
            "ypr": [
                103.99954986572266,
                0.0,
                0.0
            ]
        },
        {
            "name": "Land_Castle_Wall1_End2",
            "pos": [
                5275.63232421875,
                -1.147420048713684,
                2116.431640625
            ],
            "ypr": [
                -75.99976348876953,
                0.0,
                0.0
            ]
        },
        {
            "name": "Land_Wreck_Uaz",
            "pos": [
                5375.525390625,
                14.476922988891602,
                2145.4892578125
            ],
            "ypr": [
                -11.999992370605469,
                -4.999998092651367,
                2.9999990463256838
            ]
        },
        {
            "name": "Land_wreck_truck01_aban1_green",
            "pos": [
                5371.376953125,
                13.32656478881836,
                2147.708251953125
            ],
            "ypr": [
                8.999993324279786,
                -3.9999988079071047,
                4.999996662139893
            ]
        },
        {
            "name": "Land_Wreck_sed01_aban1_wine",
            "pos": [
                5341.375,
                9.611481666564942,
                2172.505859375
            ],
            "ypr": [
                -32.99997329711914,
                -3.0,
                6.999998092651367
            ]
        },
        {
            "name": "Land_Container_1Moh",
            "pos": [
                5382.44287109375,
                14.925483703613282,
                2149.39599609375
            ],
            "ypr": [
                140.99928283691407,
                3.0,
                6.999998092651367
            ]
        },
        {
            "name": "Land_Container_1Mo",
            "pos": [
                5385.12890625,
                15.538359642028809,
                2154.667236328125
            ],
            "ypr": [
                100.99961853027344,
                4.999998092651367,
                7.999993324279785
            ]
        },
        {
            "name": "Land_Castle_Wall2_End2",
            "pos": [
                5368.71484375,
                8.157037734985352,
                2145.67236328125
            ],
            "ypr": [
                -98.99954986572266,
                -6.999990940093994,
                -43.99991989135742
            ]
        },
        {
            "name": "Land_Castle_Wall2_End1",
            "pos": [
                5360.43505859375,
                12.975775718688965,
                2155.58642578125
            ],
            "ypr": [
                -101.9992904663086,
                -11.999993324279786,
                46.99992752075195
            ]
        },
        {
            "name": "Land_Castle_Wall1_End1",
            "pos": [
                5363.806640625,
                11.005537033081055,
                2168.13134765625
            ],
            "ypr": [
                -97.99964141845703,
                0.0,
                0.0
            ]
        },
        {
            "name": "Land_Castle_Wall1_End2",
            "pos": [
                5370.09765625,
                11.132482528686524,
                2175.5341796875
            ],
            "ypr": [
                -2.9999990463256838,
                0.0,
                0.0
            ]
        },
        {
            "name": "Land_Castle_Stairs",
            "pos": [
                5366.48583984375,
                11.061991691589356,
                2166.246337890625
            ],
            "ypr": [
                -96.99956512451172,
                0.0,
                0.0
            ]
        },
        {
            "name": "Wreck_Mi8",
            "pos": [
                5325.37353515625,
                14.199859619140625,
                2232.18994140625
            ],
            "ypr": [
                43.99991989135742,
                2.999998092651367,
                10.999990463256836
            ]
        },
        {
            "name": "Land_Wreck_Lada_Green",
            "pos": [
                5367.25439453125,
                21.401731491088868,
                2234.400634765625
            ],
            "ypr": [
                -77.99960327148438,
                -6.999996662139893,
                -10.999998092651368
            ]
        },
        {
            "name": "Land_Wreck_Uaz",
            "pos": [
                5361.2861328125,
                20.50764274597168,
                2234.475341796875
            ],
            "ypr": [
                77.99974822998047,
                14.999992370605469,
                4.999995231628418
            ]
        },
        {
            "name": "Land_Castle_WallS_5_D",
            "pos": [
                5358.3515625,
                17.336885452270509,
                2230.6875
            ],
            "ypr": [
                6.999948024749756,
                5.999996662139893,
                7.999977111816406
            ]
        },
        {
            "name": "Land_Castle_WallS_10",
            "pos": [
                5360.5322265625,
                17.417001724243165,
                2229.136474609375
            ],
            "ypr": [
                18.999977111816408,
                -1.9999992847442628,
                24.999971389770509
            ]
        },
        {
            "name": "Land_Castle_WallS_End",
            "pos": [
                5363.12451171875,
                19.473011016845704,
                2229.04638671875
            ],
            "ypr": [
                3.0,
                0.0,
                16.99999237060547
            ]
        },
        {
            "name": "Land_Castle_WallS_End",
            "pos": [
                5366.68359375,
                18.978816986083986,
                2227.9072265625
            ],
            "ypr": [
                -166.9989013671875,
                0.0,
                0.0
            ]
        },
        {
            "name": "Land_Castle_WallS_End",
            "pos": [
                5368.49658203125,
                19.95742416381836,
                2228.3095703125
            ],
            "ypr": [
                7.999998569488525,
                -4.9999775886535648,
                56.99987030029297
            ]
        },
        {
            "name": "Land_Misc_DeerStand2",
            "pos": [
                5346.4345703125,
                19.600872039794923,
                2246.76220703125
            ],
            "ypr": [
                39.99993896484375,
                0.0,
                0.0
            ]
        },
        {
            "name": "Land_Misc_Toilet_Mobile",
            "pos": [
                5389.25146484375,
                16.533422470092775,
                2180.269775390625
            ],
            "ypr": [
                137.9993133544922,
                0.0,
                0.0
            ]
        },
        {
            "name": "Land_Misc_Toilet_Mobile",
            "pos": [
                5390.92333984375,
                16.50921058654785,
                2183.993896484375
            ],
            "ypr": [
                83.99942016601563,
                0.0,
                0.0
            ]
        },
        {
            "name": "Land_Misc_Toilet_Mobile",
            "pos": [
                5390.32421875,
                16.513107299804689,
                2181.601318359375
            ],
            "ypr": [
                121.99949645996094,
                0.0,
                0.0
            ]
        },
        {
            "name": "Land_Roadblock_Table",
            "pos": [
                5389.4765625,
                15.687387466430664,
                2185.58544921875
            ],
            "ypr": [
                25.999980926513673,
                0.0,
                0.0
            ]
        },
        {
            "name": "Land_Roadblock_WoodenCrate",
            "pos": [
                5389.3505859375,
                15.588114738464356,
                2187.194580078125
            ],
            "ypr": [
                -18.99997901916504,
                -0.9999999403953552,
                -1.9999990463256837
            ]
        },
        {
            "name": "Land_Roadblock_Table",
            "pos": [
                5375.29833984375,
                15.874839782714844,
                2185.347412109375
            ],
            "ypr": [
                75.99976348876953,
                0.0,
                0.0
            ]
        },
        {
            "name": "Land_Roadblock_WoodenCrate",
            "pos": [
                5376.44091796875,
                15.77285099029541,
                2185.106689453125
            ],
            "ypr": [
                88.99968719482422,
                0.0,
                0.0
            ]
        },
        {
            "name": "Land_Roadblock_WoodenCrate",
            "pos": [
                5380.78759765625,
                15.304936408996582,
                2204.262939453125
            ],
            "ypr": [
                84.99971008300781,
                6.999999046325684,
                4.999998092651367
            ]
        },
        {
            "name": "Land_Roadblock_WoodenCrate",
            "pos": [
                5203.4501953125,
                9.722119331359864,
                2160.744140625
            ],
            "ypr": [
                0.0,
                -1.9999979734420777,
                -6.999997138977051
            ]
        },
        {
            "name": "Land_Roadblock_Table",
            "pos": [
                5203.59619140625,
                9.844483375549317,
                2159.400146484375
            ],
            "ypr": [
                0.0,
                0.0,
                -3.0
            ]
        },
        {
            "name": "Land_Container_1Aoh",
            "pos": [
                5192.2607421875,
                10.227858543395996,
                2146.2744140625
            ],
            "ypr": [
                -49.999908447265628,
                1.9999992847442628,
                -3.999999761581421
            ]
        },
        {
            "name": "Land_Container_1Mo",
            "pos": [
                5200.93408203125,
                9.859999656677246,
                2141.143798828125
            ],
            "ypr": [
                81.99951171875,
                2.9999959468841554,
                6.999998092651367
            ]
        },
        {
            "name": "Land_Container_1Moh",
            "pos": [
                5204.6318359375,
                9.623100280761719,
                2137.6337890625
            ],
            "ypr": [
                -59.999855041503909,
                0.9999989867210388,
                -9.999996185302735
            ]
        },
        {
            "name": "Land_Castle_Stairs",
            "pos": [
                5223.49658203125,
                5.638965129852295,
                2151.939697265625
            ],
            "ypr": [
                104.99959564208985,
                0.0,
                0.0
            ]
        },
        {
            "name": "Land_Container_1Moh",
            "pos": [
                5231.76513671875,
                10.969087600708008,
                2147.0498046875
            ],
            "ypr": [
                -175.00094604492188,
                0.0,
                1.9999990463256837
            ]
        },
        {
            "name": "Land_Roadblock_Table",
            "pos": [
                5229.62060546875,
                10.160178184509278,
                2149.657958984375
            ],
            "ypr": [
                10.99999713897705,
                -0.9999999403953552,
                -0.9999999403953552
            ]
        },
        {
            "name": "Land_Roadblock_WoodenCrate",
            "pos": [
                5230.00634765625,
                10.058189392089844,
                2148.425048828125
            ],
            "ypr": [
                -6.999998092651367,
                0.0,
                -3.9999988079071047
            ]
        },
        {
            "name": "Land_Roadblock_Table",
            "pos": [
                5229.04638671875,
                10.160178184509278,
                2145.27392578125
            ],
            "ypr": [
                3.0,
                0.9999999403953552,
                -1.9999990463256837
            ]
        },
        {
            "name": "Land_Mil_CamoNet_Roof_east",
            "pos": [
                5226.5771484375,
                10.87902545928955,
                2153.0732421875
            ],
            "ypr": [
                -30.99997329711914,
                0.0,
                0.0
            ]
        },
        {
            "name": "Land_Monument_T34",
            "pos": [
                5229.8330078125,
                8.949999809265137,
                2159.297119140625
            ],
            "ypr": [
                0.0,
                -1.9999992847442628,
                5.999996185302734
            ]
        },
        {
            "name": "CraterLong",
            "pos": [
                5229.63720703125,
                9.124284744262696,
                2157.93359375
            ],
            "ypr": [
                86.99970245361328,
                0.0,
                0.0
            ]
        },
        {
            "name": "Land_Shed_W6",
            "pos": [
                5163.13134765625,
                9.358814239501954,
                2167.896240234375
            ],
            "ypr": [
                -172.99896240234376,
                0.0,
                0.0
            ]
        },
        {
            "name": "Land_Wreck_S1023_Beige",
            "pos": [
                5167.22509765625,
                8.656524658203125,
                2164.599853515625
            ],
            "ypr": [
                15.999994277954102,
                0.9999999403953552,
                -3.0
            ]
        },
        {
            "name": "Land_Wreck_Volha_Grey",
            "pos": [
                5170.3515625,
                8.842939376831055,
                2173.46484375
            ],
            "ypr": [
                -18.999975204467775,
                2.9999983310699465,
                -1.9999990463256837
            ]
        },
        {
            "name": "Land_Wreck_Uaz",
            "pos": [
                5173.4287109375,
                9.260126113891602,
                2175.48583984375
            ],
            "ypr": [
                -36.999961853027347,
                0.9999999403953552,
                -1.9999998807907105
            ]
        },
        {
            "name": "Land_Wreck_Tractor",
            "pos": [
                5162.126953125,
                9.744280815124512,
                2182.772216796875
            ],
            "ypr": [
                -137.9993133544922,
                -1.0,
                -6.999998092651367
            ]
        },
        {
            "name": "Land_wreck_truck01_aban1_orange",
            "pos": [
                5152.134765625,
                8.56563663482666,
                2176.223388671875
            ],
            "ypr": [
                82.99972534179688,
                -0.9999999403953552,
                0.9999999403953552
            ]
        },
        {
            "name": "Land_Mil_Tent_Big3",
            "pos": [
                4973.080078125,
                10.042900085449219,
                2645.280029296875
            ],
            "ypr": [
                48.000003814697269,
                0.0,
                0.0
            ]
        },
        {
            "name": "Land_Mil_Barracks3",
            "pos": [
                4966.69775390625,
                13.630399703979493,
                2674.065673828125
            ],
            "ypr": [
                -3.9999988079071047,
                0.0,
                0.0
            ]
        },
        {
            "name": "Land_Castle_Stairs",
            "pos": [
                4955.14599609375,
                4.616321086883545,
                2664.464599609375
            ],
            "ypr": [
                -2.9999990463256838,
                0.0,
                0.0
            ]
        },
        {
            "name": "Land_Castle_Stairs",
            "pos": [
                4966.40283203125,
                4.6163201332092289,
                2657.773193359375
            ],
            "ypr": [
                -90.99962615966797,
                0.0,
                0.0
            ]
        },
        {
            "name": "Land_Mil_Barracks2",
            "pos": [
                4788.64794921875,
                10.401633262634278,
                2569.453369140625
            ],
            "ypr": [
                0.0,
                0.0,
                0.0
            ]
        },
        {
            "name": "Land_Mil_Barracks2",
            "pos": [
                4810.80517578125,
                10.631107330322266,
                2564.76416015625
            ],
            "ypr": [
                -154.9995574951172,
                0.0,
                0.0
            ]
        },
        {
            "name": "Land_Wreck_Lada_Green",
            "pos": [
                4810.4638671875,
                9.558155059814454,
                2575.611083984375
            ],
            "ypr": [
                -115.99954223632813,
                3.0,
                3.9999988079071047
            ]
        },
        {
            "name": "Land_Wreck_Volha_Blue",
            "pos": [
                4813.98681640625,
                9.64640998840332,
                2574.0234375
            ],
            "ypr": [
                56.99981689453125,
                -1.0,
                -3.999999761581421
            ]
        },
        {
            "name": "Land_Wreck_Uaz",
            "pos": [
                4817.361328125,
                9.722702980041504,
                2572.509521484375
            ],
            "ypr": [
                48.99978256225586,
                -1.9999992847442628,
                -4.999996185302734
            ]
        },
        {
            "name": "Land_Wreck_Uaz",
            "pos": [
                4790.85009765625,
                9.537704467773438,
                2578.400390625
            ],
            "ypr": [
                51.999900817871097,
                1.9999979734420777,
                -4.999996662139893
            ]
        },
        {
            "name": "Land_Wreck_hb01_aban1_green",
            "pos": [
                4807.712890625,
                9.827722549438477,
                2579.144775390625
            ],
            "ypr": [
                10.99999713897705,
                -0.9999999403953552,
                -4.999998092651367
            ]
        },
        {
            "name": "Land_Mil_Guardhouse1",
            "pos": [
                4853.25,
                12.101449966430664,
                2578.818359375
            ],
            "ypr": [
                -15.999855995178223,
                0.0,
                0.0
            ]
        },
        {
            "name": "Land_Wall_Gate_Fen2_R",
            "pos": [
                4843.60498046875,
                10.931527137756348,
                2581.204345703125
            ],
            "ypr": [
                166.0007781982422,
                0.0,
                0.0
            ]
        },
        {
            "name": "Land_Wall_Gate_Fen2_L",
            "pos": [
                4846.615234375,
                10.933934211730957,
                2581.94580078125
            ],
            "ypr": [
                165.99984741210938,
                0.0,
                0.0
            ]
        },
        {
            "name": "Land_Castle_Wall1_End2",
            "pos": [
                4841.294921875,
                4.570141792297363,
                2572.2216796875
            ],
            "ypr": [
                83.99911499023438,
                0.0,
                0.0
            ]
        },
        {
            "name": "Land_Castle_Wall1_End1",
            "pos": [
                4833.484375,
                4.470132827758789,
                2577.776123046875
            ],
            "ypr": [
                -9.999996185302735,
                0.0,
                0.0
            ]
        },
        {
            "name": "Land_Castle_WallS_End",
            "pos": [
                4850.29833984375,
                10.049899101257325,
                2582.631103515625
            ],
            "ypr": [
                164.99978637695313,
                0.0,
                0.0
            ]
        },
        {
            "name": "Land_Castle_WallS_5_D",
            "pos": [
                4848.57421875,
                8.81825065612793,
                2582.156005859375
            ],
            "ypr": [
                160.99961853027345,
                0.0,
                23.999977111816408
            ]
        },
        {
            "name": "Land_Garage_Small",
            "pos": [
                4862.001953125,
                11.101007461547852,
                2575.028076171875
            ],
            "ypr": [
                -14.99997615814209,
                0.0,
                0.0
            ]
        },
        {
            "name": "Land_Container_1Aoh",
            "pos": [
                4857.05078125,
                10.957813262939454,
                2573.755126953125
            ],
            "ypr": [
                -105.99959564208985,
                -0.9999999403953552,
                -0.9999999403953552
            ]
        },
        {
            "name": "Land_Wreck_Uaz",
            "pos": [
                4858.11328125,
                10.550982475280762,
                2570.458740234375
            ],
            "ypr": [
                0.0,
                1.9999992847442628,
                -2.0
            ]
        },
        {
            "name": "Land_Mil_Fortified_Nest_Small",
            "pos": [
                4877.681640625,
                10.766804695129395,
                2602.877685546875
            ],
            "ypr": [
                -43.99993133544922,
                0.0,
                0.0
            ]
        },
        {
            "name": "Land_Roadblock_Table",
            "pos": [
                4877.76513671875,
                10.211042404174805,
                2602.299072265625
            ],
            "ypr": [
                -34.99996566772461,
                0.0,
                0.0
            ]
        },
        {
            "name": "Land_Roadblock_WoodenCrate",
            "pos": [
                4874.96728515625,
                10.136804580688477,
                2603.47119140625
            ],
            "ypr": [
                61.99984359741211,
                0.0,
                -1.999993920326233
            ]
        },
        {
            "name": "CraterLong",
            "pos": [
                4959.96826171875,
                9.869294166564942,
                2668.762939453125
            ],
            "ypr": [
                -179.00137329101563,
                -1.9999990463256837,
                -9.99999713897705
            ]
        },
        {
            "name": "CraterLong",
            "pos": [
                4962.01025390625,
                9.869294166564942,
                2668.162353515625
            ],
            "ypr": [
                96.99958801269531,
                -1.9999990463256837,
                -8.999993324279786
            ]
        },
        {
            "name": "Land_Mil_Barracks4",
            "pos": [
                4983.3623046875,
                10.9528169631958,
                2406.804443359375
            ],
            "ypr": [
                -37.99993133544922,
                0.0,
                0.0
            ]
        },
        {
            "name": "Land_Wreck_V3S",
            "pos": [
                4990.5205078125,
                10.763689041137696,
                2403.847412109375
            ],
            "ypr": [
                -139.99932861328126,
                -3.9999988079071047,
                4.999995231628418
            ]
        },
        {
            "name": "Land_Wreck_Uaz",
            "pos": [
                4999.0302734375,
                10.243185043334961,
                2412.923095703125
            ],
            "ypr": [
                -108.99957275390625,
                0.9999989867210388,
                -4.999998092651367
            ]
        },
        {
            "name": "Land_wreck_truck01_aban1_green",
            "pos": [
                5002.79541015625,
                9.176292419433594,
                2382.78271484375
            ],
            "ypr": [
                0.0,
                0.0,
                0.0
            ]
        },
        {
            "name": "Land_Workshop_FuelStation",
            "pos": [
                5011.96923828125,
                10.78032398223877,
                2380.307373046875
            ],
            "ypr": [
                169.00088500976563,
                0.0,
                0.0
            ]
        },
        {
            "name": "Land_FuelStation_Build",
            "pos": [
                5002.453125,
                11.075959205627442,
                2396.052490234375
            ],
            "ypr": [
                -45.999908447265628,
                0.0,
                0.0
            ]
        },
        {
            "name": "Land_Workshop1",
            "pos": [
                5013.3701171875,
                10.93857479095459,
                2415.25146484375
            ],
            "ypr": [
                -129.99935913085938,
                0.0,
                0.0
            ]
        },
        {
            "name": "Land_FuelStation_Feed",
            "pos": [
                5013.7734375,
                10.348132133483887,
                2411.894775390625
            ],
            "ypr": [
                -37.999900817871097,
                0.0,
                0.0
            ]
        },
        {
            "name": "Land_Mil_CamoNet_Roof_east",
            "pos": [
                5030.2255859375,
                10.733716011047364,
                2392.056396484375
            ],
            "ypr": [
                48.99988555908203,
                0.0,
                0.0
            ]
        },
        {
            "name": "Land_Container_1Mo",
            "pos": [
                5037.60009765625,
                10.519240379333496,
                2387.371826171875
            ],
            "ypr": [
                -52.99989318847656,
                -0.9999999403953552,
                1.9999990463256837
            ]
        },
        {
            "name": "Land_Roadblock_Table",
            "pos": [
                5033.4091796875,
                9.71017837524414,
                2387.328369140625
            ],
            "ypr": [
                0.0,
                -0.9999999403953552,
                0.0
            ]
        },
        {
            "name": "Land_Roadblock_WoodenCrate",
            "pos": [
                5031.93994140625,
                9.609201431274414,
                2387.250732421875
            ],
            "ypr": [
                0.0,
                0.0,
                -3.9999988079071047
            ]
        },
        {
            "name": "Land_Roadblock_Table",
            "pos": [
                5032.69677734375,
                9.71701717376709,
                2393.781005859375
            ],
            "ypr": [
                24.999984741210939,
                0.0,
                0.0
            ]
        },
        {
            "name": "Land_Roadblock_WoodenCrate",
            "pos": [
                5032.79931640625,
                9.620420455932618,
                2394.792236328125
            ],
            "ypr": [
                57.9998664855957,
                0.9999980330467224,
                -1.9999990463256837
            ]
        },
        {
            "name": "Land_Wreck_Uaz",
            "pos": [
                5027.68505859375,
                10.167208671569825,
                2393.923095703125
            ],
            "ypr": [
                -135.9993896484375,
                0.9999999403953552,
                -1.9999998807907105
            ]
        },
        {
            "name": "Land_Mil_Tent_Big2_2",
            "pos": [
                4841.01123046875,
                11.804381370544434,
                2597.165771484375
            ],
            "ypr": [
                77.99974822998047,
                0.0,
                0.0
            ]
        },
        {
            "name": "Land_Mil_Tent_Big1_5",
            "pos": [
                4837.8671875,
                9.415518760681153,
                2627.90966796875
            ],
            "ypr": [
                -39.99993896484375,
                0.9999999403953552,
                0.0
            ]
        },
        {
            "name": "Land_Mil_Barracks_Round",
            "pos": [
                4850.33984375,
                11.042156219482422,
                2610.629150390625
            ],
            "ypr": [
                147.00064086914063,
                0.0,
                0.0
            ]
        },
        {
            "name": "Land_Mil_Barracks5",
            "pos": [
                5036.94580078125,
                15.160842895507813,
                2530.904296875
            ],
            "ypr": [
                -120.9994888305664,
                0.0,
                0.0
            ]
        },
        {
            "name": "Land_Monument_T34",
            "pos": [
                4792.501953125,
                8.48264217376709,
                2591.292724609375
            ],
            "ypr": [
                157.99978637695313,
                -4.999998569488525,
                6.999998092651367
            ]
        },
        {
            "name": "CraterLong",
            "pos": [
                4794.19140625,
                8.90748405456543,
                2592.798583984375
            ],
            "ypr": [
                -91.99967193603516,
                -1.9999990463256837,
                -3.0
            ]
        },
        {
            "name": "CraterLong",
            "pos": [
                4792.80126953125,
                8.612468719482422,
                2590.299560546875
            ],
            "ypr": [
                72.9997787475586,
                -1.9999990463256837,
                4.999989986419678
            ]
        },
        {
            "name": "Land_Mil_Barracks_Round",
            "pos": [
                4712.59375,
                10.204330444335938,
                2441.94873046875
            ],
            "ypr": [
                165.99908447265626,
                0.0,
                0.0
            ]
        },
        {
            "name": "Land_Wreck_Uaz",
            "pos": [
                4715.1572265625,
                9.870985984802246,
                2450.068603515625
            ],
            "ypr": [
                -25.999975204467775,
                0.9999999403953552,
                3.9999988079071047
            ]
        },
        {
            "name": "Land_Monument_T34",
            "pos": [
                4694.271484375,
                6.999276161193848,
                2423.580810546875
            ],
            "ypr": [
                157.99913024902345,
                0.0,
                12.999983787536621
            ]
        },
        {
            "name": "CraterLong",
            "pos": [
                4695.4228515625,
                7.336172103881836,
                2422.8076171875
            ],
            "ypr": [
                53.9998893737793,
                0.0,
                0.0
            ]
        },
        {
            "name": "Land_Guardhouse",
            "pos": [
                4681.83935546875,
                8.405496597290039,
                2428.169189453125
            ],
            "ypr": [
                -156.9991912841797,
                0.0,
                0.0
            ]
        },
        {
            "name": "Land_Roadblock_Table",
            "pos": [
                4691.9111328125,
                9.231993675231934,
                2450.4873046875
            ],
            "ypr": [
                21.999980926513673,
                0.0,
                0.0
            ]
        },
        {
            "name": "Land_Roadblock_WoodenCrate",
            "pos": [
                4691.9443359375,
                9.283941268920899,
                2453.99365234375
            ],
            "ypr": [
                53.99988555908203,
                -3.0,
                -4.999998569488525
            ]
        },
        {
            "name": "Land_Roadblock_Table",
            "pos": [
                5086.95849609375,
                9.894147872924805,
                2460.05615234375
            ],
            "ypr": [
                49.999908447265628,
                0.0,
                0.0
            ]
        },
        {
            "name": "Land_Roadblock_WoodenCrate",
            "pos": [
                5087.97265625,
                9.849365234375,
                2458.72509765625
            ],
            "ypr": [
                18.999980926513673,
                -1.9999990463256837,
                3.999993324279785
            ]
        },
        {
            "name": "Land_Container_1Moh",
            "pos": [
                5083.6416015625,
                10.722884178161621,
                2450.353759765625
            ],
            "ypr": [
                131.9994659423828,
                0.0,
                0.0
            ]
        },
        {
            "name": "Land_Mil_CamoNet_Roof_east",
            "pos": [
                5082.88671875,
                10.709527969360352,
                2461.646484375
            ],
            "ypr": [
                -35.99991226196289,
                0.0,
                0.0
            ]
        },
        {
            "name": "Land_Mil_Barracks_Round",
            "pos": [
                4977.326171875,
                10.465177536010743,
                2662.39111328125
            ],
            "ypr": [
                55.9998779296875,
                0.0,
                0.0
            ]
        },
        {
            "name": "Land_Wreck_Uaz",
            "pos": [
                4978.17431640625,
                9.687589645385743,
                2656.794189453125
            ],
            "ypr": [
                -113.99951934814453,
                0.9999999403953552,
                -5.9999918937683109
            ]
        },
        {
            "name": "Land_Roadblock_WoodenCrate",
            "pos": [
                4974.130859375,
                9.40986442565918,
                2658.031982421875
            ],
            "ypr": [
                -43.99991989135742,
                4.999998569488525,
                0.0
            ]
        },
        {
            "name": "Land_Mil_Tent_Big1_5",
            "pos": [
                5167.38720703125,
                11.789864540100098,
                2424.890625
            ],
            "ypr": [
                -45.99992370605469,
                0.9999999403953552,
                0.0
            ]
        },
        {
            "name": "Land_Wreck_Uaz",
            "pos": [
                5168.2275390625,
                12.664559364318848,
                2414.177490234375
            ],
            "ypr": [
                81.99972534179688,
                -1.9999992847442628,
                -6.999997138977051
            ]
        },
        {
            "name": "Land_Container_1Mo",
            "pos": [
                5172.3662109375,
                13.145299911499024,
                2408.6806640625
            ],
            "ypr": [
                29.999975204467775,
                -2.9999992847442629,
                1.9999998807907105
            ]
        },
        {
            "name": "Land_Dead_MassGrave",
            "pos": [
                5196.14599609375,
                12.715373992919922,
                2425.10546875
            ],
            "ypr": [
                0.0,
                0.0,
                0.0
            ]
        },
        {
            "name": "Land_Lamp_City1_amp",
            "pos": [
                5281.36376953125,
                8.564969062805176,
                2107.009765625
            ],
            "ypr": [
                0.0,
                0.0,
                0.0
            ]
        },
        {
            "name": "PumpkinHelmet",
            "pos": [
                5280.37255859375,
                13.05888843536377,
                2108.2822265625
            ],
            "ypr": [
                100.12516784667969,
                -65.0,
                179.99989318847657
            ]
        },
        {
            "name": "PumpkinHelmet",
            "pos": [
                5048.65234375,
                14.300004959106446,
                2153.53955078125
            ],
            "ypr": [
                -135.99993896484376,
                -77.0000228881836,
                179.99989318847657
            ]
        },
        {
            "name": "PumpkinHelmet",
            "pos": [
                4855.81689453125,
                16.449996948242189,
                2462.484375
            ],
            "ypr": [
                59.59313201904297,
                -67.00000762939453,
                179.99989318847657
            ]
        },
        {
            "name": "PumpkinHelmet",
            "pos": [
                4915.5302734375,
                17.849971771240236,
                2515.547607421875
            ],
            "ypr": [
                144.99996948242188,
                -63.999996185302737,
                179.99989318847657
            ]
        },
        {
            "name": "PumpkinHelmet",
            "pos": [
                4868.013671875,
                15.94999885559082,
                2405.342529296875
            ],
            "ypr": [
                112.00662994384766,
                -67.00000762939453,
                179.99989318847657
            ]
        },
        {
            "name": "PumpkinHelmet",
            "pos": [
                4696.9658203125,
                15.499998092651368,
                2402.82080078125
            ],
            "ypr": [
                -153.00006103515626,
                -70.00001525878906,
                179.99989318847657
            ]
        },
        {
            "name": "Land_Misc_Greenhouse",
            "pos": [
                5038.69482421875,
                6.7453508377075199,
                2120.8671875
            ],
            "ypr": [
                79.99974060058594,
                0.0,
                0.0
            ]
        },
        {
            "name": "Land_Camp_House_white",
            "pos": [
                5058.0498046875,
                7.800000190734863,
                2122.469970703125
            ],
            "ypr": [
                -64.99999237060547,
                0.0,
                0.0
            ]
        },
        {
            "name": "Land_Village_Pub",
            "pos": [
                5025.77197265625,
                8.781063079833985,
                2143.118896484375
            ],
            "ypr": [
                -144.9991912841797,
                0.0,
                0.0
            ]
        },
        {
            "name": "Land_Camp_House_brown",
            "pos": [
                5060.93505859375,
                7.800000190734863,
                2128.601806640625
            ],
            "ypr": [
                -64.99999237060547,
                0.0,
                0.0
            ]
        },
        {
            "name": "Land_Wreck_Uaz",
            "pos": [
                5067.78955078125,
                6.11554479598999,
                2110.398193359375
            ],
            "ypr": [
                3.0,
                0.0,
                0.0
            ]
        },
        {
            "name": "Land_Wreck_Volha_Blue",
            "pos": [
                5064.32666015625,
                6.523670196533203,
                2133.1748046875
            ],
            "ypr": [
                99.99962615966797,
                0.0,
                0.0
            ]
        },
        {
            "name": "Land_Wreck_hb01_aban1_green",
            "pos": [
                5062.74462890625,
                6.153797149658203,
                2114.54638671875
            ],
            "ypr": [
                35.99996566772461,
                0.0,
                0.0
            ]
        },
        {
            "name": "Land_Misc_Toilet_Dry",
            "pos": [
                5034.33837890625,
                6.977135181427002,
                2120.261962890625
            ],
            "ypr": [
                34.99996566772461,
                0.0,
                0.0
            ]
        },
        {
            "name": "Land_Shed_W1",
            "pos": [
                5044.88916015625,
                6.540576934814453,
                2126.003173828125
            ],
            "ypr": [
                123.99899291992188,
                0.0,
                0.0
            ]
        }
    ]
}