{
    "Objects": [
        {
            "name": "StaticObj_Mil_ReinforcedTank1_Grass",
            "pos": [
                12891.259765625,
                -0.2590607702732086,
                10059.59375
            ],
            "ypr": [
                0.0,
                -0.0,
                -0.0
            ],
            "scale": 1.0
        },
        {
            "name": "StaticObj_Roadblock_CncBlocks_Long",
            "pos": [
                12884.2138671875,
                -3.809121608734131,
                10055.8662109375
            ],
            "ypr": [
                -108.00004577636719,
                0.0,
                -0.0
            ],
            "scale": 1.0
        },
        {
            "name": "StaticObj_Mil_ReinforcedTank1_Grass",
            "pos": [
                12888.583984375,
                -0.35906076431274416,
                10060.89453125
            ],
            "ypr": [
                0.0,
                -0.0,
                -0.0
            ],
            "scale": 1.0
        },
        {
            "name": "StaticObj_Mil_ReinforcedTank1_Grass",
            "pos": [
                12883.98828125,
                -0.35906076431274416,
                10050.23046875
            ],
            "ypr": [
                0.0,
                -0.0,
                -0.0
            ],
            "scale": 1.0
        },
        {
            "name": "StaticObj_Mil_ReinforcedTank1_Grass",
            "pos": [
                12879.419921875,
                -0.2590607702732086,
                10042.96484375
            ],
            "ypr": [
                0.0,
                -0.0,
                -0.0
            ],
            "scale": 1.0
        },
        {
            "name": "StaticObj_Mil_ReinforcedTank1_Grass",
            "pos": [
                12874.82421875,
                -0.2590607702732086,
                10032.30078125
            ],
            "ypr": [
                0.0,
                -0.0,
                -0.0
            ],
            "scale": 1.0
        },
        {
            "name": "StaticObj_Roadblock_CncBlocks_Long",
            "pos": [
                12865.9853515625,
                -3.809121608734131,
                10020.7041015625
            ],
            "ypr": [
                -108.00004577636719,
                0.0,
                -0.0
            ],
            "scale": 1.0
        },
        {
            "name": "StaticObj_Mil_ReinforcedTank1_Grass",
            "pos": [
                12870.35546875,
                -0.35906076431274416,
                10025.732421875
            ],
            "ypr": [
                0.0,
                -0.0,
                -0.0
            ],
            "scale": 1.0
        },
        {
            "name": "StaticObj_Mil_ReinforcedTank1_Grass",
            "pos": [
                12865.759765625,
                -0.35906076431274416,
                10015.068359375
            ],
            "ypr": [
                0.0,
                -0.0,
                -0.0
            ],
            "scale": 1.0
        },
        {
            "name": "StaticObj_Mil_ReinforcedTank1_Grass",
            "pos": [
                12861.19140625,
                -0.2590607702732086,
                10007.802734375
            ],
            "ypr": [
                0.0,
                -0.0,
                -0.0
            ],
            "scale": 1.0
        },
        {
            "name": "StaticObj_Mil_ReinforcedTank1_Grass",
            "pos": [
                12856.595703125,
                -0.40906062722206118,
                9997.138671875
            ],
            "ypr": [
                0.0,
                -0.0,
                -0.0
            ],
            "scale": 1.0
        },
        {
            "name": "StaticObj_Roadblock_CncBlocks_Long",
            "pos": [
                12849.5498046875,
                -3.809121608734131,
                9993.4111328125
            ],
            "ypr": [
                -108.00004577636719,
                0.0,
                -0.0
            ],
            "scale": 1.0
        },
        {
            "name": "StaticObj_Mil_ReinforcedTank1_Grass",
            "pos": [
                12853.919921875,
                -0.35906076431274416,
                9998.439453125
            ],
            "ypr": [
                0.0,
                -0.0,
                -0.0
            ],
            "scale": 1.0
        },
        {
            "name": "StaticObj_Mil_ReinforcedTank1_Grass",
            "pos": [
                12849.32421875,
                -0.35906076431274416,
                9987.775390625
            ],
            "ypr": [
                0.0,
                -0.0,
                -0.0
            ],
            "scale": 1.0
        },
        {
            "name": "StaticObj_Mil_ReinforcedTank1_Grass",
            "pos": [
                12844.755859375,
                -0.2590607702732086,
                9980.509765625
            ],
            "ypr": [
                0.0,
                -0.0,
                -0.0
            ],
            "scale": 1.0
        },
        {
            "name": "StaticObj_Mil_ReinforcedTank1_Grass",
            "pos": [
                12839.869140625,
                -0.5190605521202087,
                9969.845703125
            ],
            "ypr": [
                0.0,
                -0.0,
                -0.0
            ],
            "scale": 1.0
        },
        {
            "name": "StaticObj_Mil_ReinforcedTank1_Grass",
            "pos": [
                12832.091796875,
                -0.45906075835227969,
                9953.80859375
            ],
            "ypr": [
                0.0,
                -0.0,
                -0.0
            ],
            "scale": 1.0
        },
        {
            "name": "StaticObj_Roadblock_CncBlocks_Long",
            "pos": [
                12825.0458984375,
                -4.009121417999268,
                9950.0810546875
            ],
            "ypr": [
                -108.00004577636719,
                0.0,
                -0.0
            ],
            "scale": 1.0
        },
        {
            "name": "StaticObj_Mil_ReinforcedTank1_Grass",
            "pos": [
                12829.416015625,
                -0.5590607523918152,
                9955.109375
            ],
            "ypr": [
                0.0,
                -0.0,
                -0.0
            ],
            "scale": 1.0
        },
        {
            "name": "StaticObj_Mil_ReinforcedTank1_Grass",
            "pos": [
                12824.8203125,
                -0.5590607523918152,
                9944.4453125
            ],
            "ypr": [
                0.0,
                -0.0,
                -0.0
            ],
            "scale": 1.0
        },
        {
            "name": "StaticObj_Mil_ReinforcedTank1_Grass",
            "pos": [
                12820.251953125,
                -0.45906075835227969,
                9937.1796875
            ],
            "ypr": [
                0.0,
                -0.0,
                -0.0
            ],
            "scale": 1.0
        },
        {
            "name": "StaticObj_Mil_ReinforcedTank1_Grass",
            "pos": [
                12815.65625,
                -0.45906075835227969,
                9926.515625
            ],
            "ypr": [
                0.0,
                -0.0,
                -0.0
            ],
            "scale": 1.0
        },
        {
            "name": "StaticObj_Wall_Fen5_5",
            "pos": [
                12945.7998046875,
                7.246393203735352,
                10184.7998046875
            ],
            "ypr": [
                110.47200012207031,
                0.0,
                0.0
            ],
            "scale": 1.1700000762939454
        },
        {
            "name": "StaticObj_Wall_Fen5_5",
            "pos": [
                12943.6259765625,
                7.1893415451049809,
                10189.2294921875
            ],
            "ypr": [
                20.469890594482423,
                0.0,
                0.0
            ],
            "scale": 1.1699999570846558
        },
        {
            "name": "StaticObj_Wall_Fen5_10",
            "pos": [
                12930.5068359375,
                7.3043599128723148,
                10193.685546875
            ],
            "ypr": [
                -157.16793823242188,
                0.0,
                0.0
            ],
            "scale": 1.2700002193450928
        },
        {
            "name": "StaticObj_Roadblock_Bags_Long",
            "pos": [
                12931.431640625,
                14.967499732971192,
                10185.8173828125
            ],
            "ypr": [
                112.56099700927735,
                0.0,
                0.0
            ],
            "scale": 0.9999990463256836
        },
        {
            "name": "StaticObj_Roadblock_Bags_Long",
            "pos": [
                12928.47265625,
                14.967499732971192,
                10187.0771484375
            ],
            "ypr": [
                112.56099700927735,
                0.0,
                0.0
            ],
            "scale": 0.9999990463256836
        },
        {
            "name": "StaticObj_Roadblock_Bags_Long",
            "pos": [
                12925.54296875,
                14.967499732971192,
                10188.3369140625
            ],
            "ypr": [
                112.56099700927735,
                0.0,
                0.0
            ],
            "scale": 0.9999990463256836
        },
        {
            "name": "StaticObj_Roadblock_Bags_Long",
            "pos": [
                12922.583984375,
                14.967499732971192,
                10189.5966796875
            ],
            "ypr": [
                112.56099700927735,
                0.0,
                0.0
            ],
            "scale": 0.9999990463256836
        },
        {
            "name": "StaticObj_Roadblock_Bags_Long",
            "pos": [
                12921.109375,
                14.967499732971192,
                10188.4970703125
            ],
            "ypr": [
                21.56100082397461,
                0.0,
                0.0
            ],
            "scale": 0.999997615814209
        },
        {
            "name": "StaticObj_Roadblock_Bags_Long",
            "pos": [
                12919.927734375,
                14.967499732971192,
                10185.4892578125
            ],
            "ypr": [
                21.56100082397461,
                0.0,
                0.0
            ],
            "scale": 0.999997615814209
        },
        {
            "name": "StaticObj_Roadblock_Bags_Long",
            "pos": [
                12918.66796875,
                14.967499732971192,
                10182.5009765625
            ],
            "ypr": [
                21.56100082397461,
                0.0,
                0.0
            ],
            "scale": 0.999997615814209
        },
        {
            "name": "StaticObj_Roadblock_Bags_Long",
            "pos": [
                12917.486328125,
                14.967499732971192,
                10179.4931640625
            ],
            "ypr": [
                21.56100082397461,
                0.0,
                0.0
            ],
            "scale": 0.999997615814209
        },
        {
            "name": "StaticObj_Roadblock_Bags_EndR",
            "pos": [
                12916.873046875,
                15.666399955749512,
                10177.0458984375
            ],
            "ypr": [
                -71.9999008178711,
                0.0,
                0.0
            ],
            "scale": 1.1699999570846558
        },
        {
            "name": "StaticObj_Roadblock_Bags_Long",
            "pos": [
                12918.7099609375,
                14.967499732971192,
                10175.8388671875
            ],
            "ypr": [
                113.17500305175781,
                0.0,
                0.0
            ],
            "scale": 0.9999966621398926
        },
        {
            "name": "StaticObj_Roadblock_Bags_Long",
            "pos": [
                12921.7080078125,
                15.027501106262207,
                10174.6279296875
            ],
            "ypr": [
                113.17500305175781,
                0.0,
                0.0
            ],
            "scale": 0.9999967217445374
        },
        {
            "name": "StaticObj_Roadblock_Bags_Long",
            "pos": [
                12924.8134765625,
                14.967499732971192,
                10173.2314453125
            ],
            "ypr": [
                113.17500305175781,
                0.0,
                0.0
            ],
            "scale": 0.9999967217445374
        },
        {
            "name": "StaticObj_Roadblock_Bags_EndR",
            "pos": [
                12927.3486328125,
                15.59160041809082,
                10172.732421875
            ],
            "ypr": [
                -161.9999542236328,
                0.0,
                0.0
            ],
            "scale": 1.3800002336502076
        },
        {
            "name": "StaticObj_Panel_Concrete_Dam",
            "pos": [
                12932.8486328125,
                16.091196060180665,
                10178.0302734375
            ],
            "ypr": [
                23.0,
                0.0,
                0.0
            ],
            "scale": 1.9999990463256837
        },
        {
            "name": "StaticObj_Misc_Timbers_Log5",
            "pos": [
                12933.0,
                11.31820011138916,
                10172.0
            ],
            "ypr": [
                0.0,
                0.0,
                0.0
            ],
            "scale": 2.0
        },
        {
            "name": "StaticObj_Misc_Timbers_Log5",
            "pos": [
                12932.970703125,
                5.139767646789551,
                10172.009765625
            ],
            "ypr": [
                0.0,
                0.0,
                0.0
            ],
            "scale": 2.0
        },
        {
            "name": "StaticObj_Misc_Timbers_Log5",
            "pos": [
                12937.48046875,
                11.343892097473145,
                10182.234375
            ],
            "ypr": [
                0.0,
                0.0,
                0.0
            ],
            "scale": 2.0
        },
        {
            "name": "StaticObj_Misc_Timbers_Log5",
            "pos": [
                12937.431640625,
                5.175482749938965,
                10182.234375
            ],
            "ypr": [
                0.0,
                0.0,
                0.0
            ],
            "scale": 2.0
        },
        {
            "name": "StaticObj_Wall_SilageWall_5",
            "pos": [
                12934.79296875,
                16.469900131225587,
                10182.36328125
            ],
            "ypr": [
                -158.99998474121095,
                0.0,
                0.0
            ],
            "scale": 1.0
        },
        {
            "name": "StaticObj_Wall_SilageWall_5",
            "pos": [
                12935.599609375,
                16.469900131225587,
                10180.400390625
            ],
            "ypr": [
                -66.9999771118164,
                0.0,
                0.0
            ],
            "scale": 0.9999985694885254
        },
        {
            "name": "StaticObj_Wall_SilageWall_5",
            "pos": [
                12933.607421875,
                16.469900131225587,
                10175.732421875
            ],
            "ypr": [
                -66.9999771118164,
                0.0,
                0.0
            ],
            "scale": 0.9999985098838806
        },
        {
            "name": "StaticObj_Misc_Pallets3",
            "pos": [
                12929.458984375,
                15.235978126525879,
                10173.8310546875
            ],
            "ypr": [
                -62.99997329711914,
                0.0,
                0.0
            ],
            "scale": 1.0
        },
        {
            "name": "StaticObj_Misc_Pallets3",
            "pos": [
                12929.390625,
                16.74974822998047,
                10173.8310546875
            ],
            "ypr": [
                -62.99997329711914,
                0.0,
                0.0
            ],
            "scale": 1.0
        },
        {
            "name": "StaticObj_Misc_Pallets3",
            "pos": [
                12930.962890625,
                15.235978126525879,
                10173.1181640625
            ],
            "ypr": [
                -62.99997329711914,
                0.0,
                0.0
            ],
            "scale": 1.0
        },
        {
            "name": "StaticObj_Misc_Pallets3",
            "pos": [
                12930.89453125,
                16.74974822998047,
                10173.1181640625
            ],
            "ypr": [
                -62.99997329711914,
                0.0,
                0.0
            ],
            "scale": 1.0
        },
        {
            "name": "StaticObj_Misc_Pallets3",
            "pos": [
                12932.603515625,
                15.235978126525879,
                10172.4736328125
            ],
            "ypr": [
                -62.99997329711914,
                0.0,
                0.0
            ],
            "scale": 1.0
        },
        {
            "name": "StaticObj_Misc_Pallets3",
            "pos": [
                12932.53515625,
                16.74974822998047,
                10172.4736328125
            ],
            "ypr": [
                -62.99997329711914,
                0.0,
                0.0
            ],
            "scale": 1.0
        },
        {
            "name": "bldr_misc_pallet",
            "pos": [
                12928.0830078125,
                14.832398414611817,
                10176.2568359375
            ],
            "ypr": [
                22.0,
                0.0,
                -45.0
            ],
            "scale": 0.9999982118606567
        },
        {
            "name": "bldr_misc_pallet",
            "pos": [
                12929.099609375,
                14.962400436401368,
                10175.7001953125
            ],
            "ypr": [
                -155.18695068359376,
                0.0,
                -38.5
            ],
            "scale": 1.0000004768371583
        },
        {
            "name": "StaticObj_Furniture_SofaCorner",
            "pos": [
                12935.7001953125,
                14.85469913482666,
                10181.7001953125
            ],
            "ypr": [
                -68.0,
                0.0,
                0.0
            ],
            "scale": 0.9999998807907105
        },
        {
            "name": "StaticObj_Furniture_carpet_big",
            "pos": [
                12933.05859375,
                14.488222122192383,
                10178.396484375
            ],
            "ypr": [
                20.999996185302736,
                0.0,
                0.0
            ],
            "scale": 1.9999990463256837
        },
        {
            "name": "StaticObj_Furniture_flowers_01",
            "pos": [
                12933.5751953125,
                14.461122512817383,
                10183.556640625
            ],
            "ypr": [
                0.0,
                -0.0,
                -0.0
            ],
            "scale": 1.0
        },
        {
            "name": "StaticObj_Furniture_piano",
            "pos": [
                12932.5498046875,
                14.941731452941895,
                10174.646484375
            ],
            "ypr": [
                168.0294952392578,
                -0.0,
                -0.0
            ],
            "scale": 0.9999987483024597
        },
        {
            "name": "StaticObj_Furniture_lab_sink",
            "pos": [
                12934.6826171875,
                14.525967597961426,
                10177.20703125
            ],
            "ypr": [
                -65.3408432006836,
                -0.0,
                -0.0
            ],
            "scale": 0.9999983310699463
        },
        {
            "name": "StaticObj_Roadblock_Bags_Long",
            "pos": [
                12940.6513671875,
                6.463850021362305,
                10173.841796875
            ],
            "ypr": [
                20.499998092651368,
                0.0,
                0.0
            ],
            "scale": 1.4999998807907105
        },
        {
            "name": "StaticObj_Roadblock_CncBlocks_short",
            "pos": [
                12943.98828125,
                9.378487586975098,
                10180.921875
            ],
            "ypr": [
                38.74559020996094,
                -14.996418952941895,
                -88.99999237060547
            ],
            "scale": 0.9999886155128479
        },
        {
            "name": "StaticObj_Roadblock_CncBlocks_short",
            "pos": [
                12944.599609375,
                6.661590576171875,
                10180.900390625
            ],
            "ypr": [
                -150.1219940185547,
                -3.0149459838867189,
                0.0
            ],
            "scale": 0.9999898672103882
        },
        {
            "name": "StaticObj_Misc_Barbedwire",
            "pos": [
                12941.70703125,
                6.697072982788086,
                10172.8095703125
            ],
            "ypr": [
                116.99996185302735,
                0.0,
                0.0
            ],
            "scale": 0.9999997615814209
        },
        {
            "name": "StaticObj_Misc_Barbedwire",
            "pos": [
                12945.1220703125,
                6.801816940307617,
                10178.71484375
            ],
            "ypr": [
                -61.85255813598633,
                0.0,
                0.0
            ],
            "scale": 0.9999960064888
        },
        {
            "name": "StaticObj_Wall_Fen5_10",
            "pos": [
                12938.0986328125,
                7.267019271850586,
                10165.794921875
            ],
            "ypr": [
                111.17247772216797,
                0.0,
                0.0
            ],
            "scale": 1.1850007772445679
        },
        {
            "name": "StaticObj_Wall_Fen5_10",
            "pos": [
                12929.9912109375,
                7.214203834533691,
                10162.15625
            ],
            "ypr": [
                -158.65493774414063,
                0.0,
                0.0
            ],
            "scale": 1.1450001001358033
        },
        {
            "name": "StaticObj_Wall_Fen5_10",
            "pos": [
                12919.0009765625,
                7.187752723693848,
                10166.66015625
            ],
            "ypr": [
                -156.45199584960938,
                0.0,
                0.0
            ],
            "scale": 1.21999990940094
        },
        {
            "name": "StaticObj_Wall_MilCnc_4",
            "pos": [
                12908.0576171875,
                7.948829650878906,
                10172.25390625
            ],
            "ypr": [
                23.483047485351564,
                -0.0,
                -0.0
            ],
            "scale": 0.9999939203262329
        },
        {
            "name": "StaticObj_Wall_MilCnc_4",
            "pos": [
                12911.732421875,
                7.948829650878906,
                10170.658203125
            ],
            "ypr": [
                23.483047485351564,
                -0.0,
                -0.0
            ],
            "scale": 0.9999939203262329
        },
        {
            "name": "StaticObj_Wall_MilCnc_4",
            "pos": [
                12900.7119140625,
                7.948829650878906,
                10175.443359375
            ],
            "ypr": [
                23.483047485351564,
                -0.0,
                -0.0
            ],
            "scale": 0.9999939203262329
        },
        {
            "name": "StaticObj_Wall_MilCnc_4",
            "pos": [
                12904.38671875,
                7.948829650878906,
                10173.84765625
            ],
            "ypr": [
                23.483047485351564,
                -0.0,
                -0.0
            ],
            "scale": 0.9999939203262329
        },
        {
            "name": "StaticObj_Wall_MilCnc_4",
            "pos": [
                12901.1875,
                7.949055194854736,
                10181.5615234375
            ],
            "ypr": [
                113.18388366699219,
                -0.0,
                -0.0
            ],
            "scale": 0.9999932050704956
        },
        {
            "name": "StaticObj_Wall_MilCnc_4",
            "pos": [
                12899.6044921875,
                7.948636054992676,
                10177.8671875
            ],
            "ypr": [
                113.18388366699219,
                -0.0,
                -0.0
            ],
            "scale": 0.9999932050704956
        },
        {
            "name": "StaticObj_Wall_MilCnc_4",
            "pos": [
                12904.3330078125,
                7.948975563049316,
                10188.91796875
            ],
            "ypr": [
                113.18388366699219,
                -0.0,
                -0.0
            ],
            "scale": 0.9999932050704956
        },
        {
            "name": "StaticObj_Wall_MilCnc_4",
            "pos": [
                12902.7998046875,
                7.948919773101807,
                10185.2001953125
            ],
            "ypr": [
                113.18396759033203,
                0.0,
                0.0
            ],
            "scale": 0.9999923706054688
        },
        {
            "name": "StaticObj_Wall_MilCnc_4",
            "pos": [
                12907.4765625,
                7.949055194854736,
                10196.3076171875
            ],
            "ypr": [
                113.18388366699219,
                -0.0,
                -0.0
            ],
            "scale": 0.9999932050704956
        },
        {
            "name": "StaticObj_Wall_MilCnc_4",
            "pos": [
                12905.8935546875,
                7.948636054992676,
                10192.61328125
            ],
            "ypr": [
                113.18388366699219,
                -0.0,
                -0.0
            ],
            "scale": 0.9999932050704956
        },
        {
            "name": "StaticObj_Wall_MilCnc_4",
            "pos": [
                12909.0888671875,
                7.948919773101807,
                10199.9462890625
            ],
            "ypr": [
                113.18396759033203,
                0.0,
                0.0
            ],
            "scale": 0.9999923706054688
        },
        {
            "name": "StaticObj_Wall_MilCnc_4",
            "pos": [
                12911.55859375,
                7.948919773101807,
                10201.126953125
            ],
            "ypr": [
                -157.99195861816407,
                0.0,
                0.0
            ],
            "scale": 0.9999924302101135
        },
        {
            "name": "Land_Wall_Gate_IndCnc4",
            "pos": [
                12918.638671875,
                7.168905735015869,
                10198.41015625
            ],
            "ypr": [
                20.499799728393556,
                0.0,
                0.0
            ],
            "scale": 1.2000000476837159
        },
        {
            "name": "StaticObj_Roadblock_Bags_Long",
            "pos": [
                12942.3701171875,
                6.463850021362305,
                10178.3046875
            ],
            "ypr": [
                20.499998092651368,
                0.0,
                0.0
            ],
            "scale": 1.4999998807907105
        },
        {
            "name": "StaticObj_Roadblock_CncBlocks_short",
            "pos": [
                12944.599609375,
                7.941137313842773,
                10180.900390625
            ],
            "ypr": [
                -150.1219940185547,
                -3.0149152278900148,
                0.0
            ],
            "scale": 0.9999898672103882
        },
        {
            "name": "StaticObj_Mil_ReinforcedTank1_Grass",
            "pos": [
                13010.265625,
                -0.39695417881011965,
                10363.92578125
            ],
            "ypr": [
                -1.7999998331069947,
                0.0,
                0.0
            ],
            "scale": 1.0
        },
        {
            "name": "StaticObj_Mil_ReinforcedTank1_Grass",
            "pos": [
                13009.201171875,
                -0.39695417881011965,
                10347.8125
            ],
            "ypr": [
                -1.7999998331069947,
                0.0,
                0.0
            ],
            "scale": 1.0
        },
        {
            "name": "StaticObj_Mil_ReinforcedTank1_Grass",
            "pos": [
                13001.076171875,
                -0.39695417881011965,
                10333.73046875
            ],
            "ypr": [
                -1.7999998331069947,
                0.0,
                0.0
            ],
            "scale": 1.0
        },
        {
            "name": "StaticObj_Mil_ReinforcedTank1_Grass",
            "pos": [
                13001.41796875,
                -0.39695417881011965,
                10332.548828125
            ],
            "ypr": [
                -1.7999998331069947,
                0.0,
                0.0
            ],
            "scale": 1.0
        },
        {
            "name": "StaticObj_Mil_ReinforcedTank1_Grass",
            "pos": [
                13000.03125,
                -0.39695417881011965,
                10332.548828125
            ],
            "ypr": [
                -1.7999998331069947,
                0.0,
                0.0
            ],
            "scale": 1.0
        },
        {
            "name": "Land_wreck_truck01_aban1_orange",
            "pos": [
                13008.97265625,
                5.991271495819092,
                10366.484375
            ],
            "ypr": [
                44.99998092651367,
                -0.0,
                -0.0
            ],
            "scale": 0.9999999403953552
        },
        {
            "name": "Land_Wreck_offroad02_aban2",
            "pos": [
                13009.15234375,
                7.641678810119629,
                10351.75
            ],
            "ypr": [
                -18.000019073486329,
                0.0,
                0.0
            ],
            "scale": 1.0
        },
        {
            "name": "StaticObj_Wreck_Decal_Small1",
            "pos": [
                13008.0859375,
                7.898612976074219,
                10365.1767578125
            ],
            "ypr": [
                44.99999237060547,
                -0.0,
                -0.0
            ],
            "scale": 0.9999999403953552
        },
        {
            "name": "StaticObj_Mil_ReinforcedTank1_Grass",
            "pos": [
                12991.134765625,
                -0.48695409297943118,
                10316.923828125
            ],
            "ypr": [
                -1.7999998331069947,
                0.0,
                0.0
            ],
            "scale": 1.0
        },
        {
            "name": "Land_Wreck_V3S",
            "pos": [
                12994.599609375,
                7.58991813659668,
                10321.0
            ],
            "ypr": [
                0.4999998211860657,
                -2.9999966621398927,
                0.0
            ],
            "scale": 0.9999997615814209
        },
        {
            "name": "StaticObj_Mil_ReinforcedTank1_Grass",
            "pos": [
                12994.09375,
                -0.48695409297943118,
                10309.74609375
            ],
            "ypr": [
                -1.7999998331069947,
                0.0,
                0.0
            ],
            "scale": 1.0
        },
        {
            "name": "StaticObj_Mil_ReinforcedTank1_Grass",
            "pos": [
                12992.521484375,
                -0.48695409297943118,
                10304.619140625
            ],
            "ypr": [
                -1.7999998331069947,
                0.0,
                0.0
            ],
            "scale": 1.0
        },
        {
            "name": "StaticObj_Mil_ReinforcedTank1_Grass",
            "pos": [
                12990.5390625,
                -0.48695409297943118,
                10298.33984375
            ],
            "ypr": [
                -1.7999998331069947,
                0.0,
                0.0
            ],
            "scale": 1.0
        },
        {
            "name": "StaticObj_Mil_ReinforcedTank1_Grass",
            "pos": [
                12988.966796875,
                -0.48695409297943118,
                10293.212890625
            ],
            "ypr": [
                -1.7999998331069947,
                0.0,
                0.0
            ],
            "scale": 1.0
        },
        {
            "name": "StaticObj_Mil_ReinforcedTank1_Grass",
            "pos": [
                12985.265625,
                -0.5969539880752564,
                10279.736328125
            ],
            "ypr": [
                -1.7999998331069947,
                0.0,
                0.0
            ],
            "scale": 1.0
        },
        {
            "name": "StaticObj_Mil_ReinforcedTank1_Grass",
            "pos": [
                12983.693359375,
                -0.5969539880752564,
                10274.609375
            ],
            "ypr": [
                -1.7999998331069947,
                0.0,
                0.0
            ],
            "scale": 1.0
        },
        {
            "name": "StaticObj_Mil_ReinforcedTank1_Grass",
            "pos": [
                12981.7109375,
                -0.5969539880752564,
                10268.330078125
            ],
            "ypr": [
                -1.7999998331069947,
                0.0,
                0.0
            ],
            "scale": 1.0
        },
        {
            "name": "StaticObj_Mil_ReinforcedTank1_Grass",
            "pos": [
                12980.138671875,
                -0.5969539880752564,
                10263.203125
            ],
            "ypr": [
                -1.7999998331069947,
                0.0,
                0.0
            ],
            "scale": 1.0
        },
        {
            "name": "StaticObj_Mil_ReinforcedTank1_Grass",
            "pos": [
                12965.294921875,
                -0.3669542074203491,
                10238.837890625
            ],
            "ypr": [
                -1.7999998331069947,
                0.0,
                0.0
            ],
            "scale": 1.0
        },
        {
            "name": "StaticObj_Mil_ReinforcedTank1_Grass",
            "pos": [
                12968.25390625,
                -0.3669542074203491,
                10231.66015625
            ],
            "ypr": [
                -1.7999998331069947,
                0.0,
                0.0
            ],
            "scale": 1.0
        },
        {
            "name": "StaticObj_Mil_ReinforcedTank1_Grass",
            "pos": [
                12966.681640625,
                -0.3669542074203491,
                10226.533203125
            ],
            "ypr": [
                -1.7999998331069947,
                0.0,
                0.0
            ],
            "scale": 1.0
        },
        {
            "name": "StaticObj_Mil_ReinforcedTank1_Grass",
            "pos": [
                12964.69921875,
                -0.3669542074203491,
                10220.25390625
            ],
            "ypr": [
                -1.7999998331069947,
                0.0,
                0.0
            ],
            "scale": 1.0
        },
        {
            "name": "StaticObj_Mil_ReinforcedTank1_Grass",
            "pos": [
                12963.126953125,
                -0.3669542074203491,
                10215.126953125
            ],
            "ypr": [
                -1.7999998331069947,
                0.0,
                0.0
            ],
            "scale": 1.0
        },
        {
            "name": "StaticObj_Mil_ReinforcedTank1_Grass",
            "pos": [
                12959.42578125,
                -0.4769541025161743,
                10201.650390625
            ],
            "ypr": [
                -1.7999998331069947,
                0.0,
                0.0
            ],
            "scale": 1.0
        },
        {
            "name": "StaticObj_Mil_ReinforcedTank1_Grass",
            "pos": [
                12957.853515625,
                -0.4769541025161743,
                10196.5234375
            ],
            "ypr": [
                -1.7999998331069947,
                0.0,
                0.0
            ],
            "scale": 1.0
        },
        {
            "name": "StaticObj_Mil_ReinforcedTank1_Grass",
            "pos": [
                12955.87109375,
                -0.4769541025161743,
                10190.244140625
            ],
            "ypr": [
                -1.7999998331069947,
                0.0,
                0.0
            ],
            "scale": 1.0
        },
        {
            "name": "StaticObj_Mil_ReinforcedTank1_Grass",
            "pos": [
                12954.298828125,
                -0.4769541025161743,
                10185.1171875
            ],
            "ypr": [
                -1.7999998331069947,
                0.0,
                0.0
            ],
            "scale": 1.0
        },
        {
            "name": "StaticObj_Mil_ReinforcedTank1_Grass",
            "pos": [
                12976.154296875,
                -0.6469539403915405,
                10246.630859375
            ],
            "ypr": [
                -1.7999998331069947,
                0.0,
                0.0
            ],
            "scale": 1.0
        },
        {
            "name": "Land_Wreck_sed02_aban1_yellow",
            "pos": [
                12994.3271484375,
                6.816020488739014,
                10305.740234375
            ],
            "ypr": [
                179.99978637695313,
                0.0,
                -0.0
            ],
            "scale": 1.0
        },
        {
            "name": "Land_Wreck_sed02_aban1_grey",
            "pos": [
                12987.4990234375,
                6.789463520050049,
                10300.19921875
            ],
            "ypr": [
                -27.00003433227539,
                0.0,
                0.0
            ],
            "scale": 1.0
        },
        {
            "name": "Land_Wreck_S1023_Blue",
            "pos": [
                12984.7275390625,
                6.971377849578857,
                10286.8076171875
            ],
            "ypr": [
                62.99997329711914,
                -0.0,
                -0.0
            ],
            "scale": 1.0
        },
        {
            "name": "Land_Wreck_Ikarus",
            "pos": [
                12985.2763671875,
                7.446921348571777,
                10271.3544921875
            ],
            "ypr": [
                -152.99993896484376,
                0.0,
                -0.0
            ],
            "scale": 1.0
        },
        {
            "name": "Land_Wreck_hb01_aban1_white",
            "pos": [
                12976.85546875,
                7.035696983337402,
                10257.1220703125
            ],
            "ypr": [
                9.000018119812012,
                -0.0,
                -0.0
            ],
            "scale": 1.0
        },
        {
            "name": "Land_Wreck_sed01_aban1_wine",
            "pos": [
                12976.580078125,
                6.731732368469238,
                10242.8603515625
            ],
            "ypr": [
                44.99998092651367,
                -0.0,
                -0.0
            ],
            "scale": 0.9999999403953552
        },
        {
            "name": "Land_Wreck_Ikarus",
            "pos": [
                12894.8828125,
                7.336963653564453,
                10212.1884765625
            ],
            "ypr": [
                117.00003051757813,
                0.0,
                -0.0
            ],
            "scale": 0.9999999403953552
        },
        {
            "name": "Land_Wreck_hb02_aban1_red",
            "pos": [
                12927.5927734375,
                6.731484889984131,
                10198.9287109375
            ],
            "ypr": [
                -62.99997329711914,
                0.0,
                0.0
            ],
            "scale": 1.0
        },
        {
            "name": "Land_wreck_truck01_aban1_orange",
            "pos": [
                12968.083984375,
                5.978755474090576,
                10232.244140625
            ],
            "ypr": [
                -0.000018119810192729348,
                0.0,
                0.0
            ],
            "scale": 1.0
        },
        {
            "name": "Land_Wreck_offroad02_aban2",
            "pos": [
                12974.7197265625,
                7.60598087310791,
                10216.3349609375
            ],
            "ypr": [
                62.99997329711914,
                -0.0,
                -0.0
            ],
            "scale": 1.0
        },
        {
            "name": "Land_Wreck_sed01_aban1_police",
            "pos": [
                12967.564453125,
                6.748507499694824,
                10202.0234375
            ],
            "ypr": [
                80.99995422363281,
                -0.0,
                -0.0
            ],
            "scale": 0.9999999403953552
        },
        {
            "name": "Land_Wreck_hb01_aban1_police",
            "pos": [
                12965.20703125,
                7.017470359802246,
                10213.5283203125
            ],
            "ypr": [
                35.999996185302737,
                -0.0,
                -0.0
            ],
            "scale": 1.0
        },
        {
            "name": "Land_Wreck_Volha_Grey",
            "pos": [
                12964.1748046875,
                6.60581111907959,
                10208.6630859375
            ],
            "ypr": [
                0.0,
                -0.0,
                -0.0
            ],
            "scale": 1.0
        },
        {
            "name": "Land_Wreck_hb02_aban1_black",
            "pos": [
                12960.1923828125,
                6.751269817352295,
                10203.931640625
            ],
            "ypr": [
                53.99998474121094,
                -0.0,
                -0.0
            ],
            "scale": 1.0
        },
        {
            "name": "StaticObj_Mil_ReinforcedTank1_Grass",
            "pos": [
                12948.478515625,
                -0.4769541025161743,
                10193.4375
            ],
            "ypr": [
                -1.7999998331069947,
                0.0,
                0.0
            ],
            "scale": 1.0
        },
        {
            "name": "StaticObj_Mil_ReinforcedTank1_Grass",
            "pos": [
                12940.392578125,
                -0.4769541025161743,
                10196.85546875
            ],
            "ypr": [
                -1.7999998331069947,
                0.0,
                0.0
            ],
            "scale": 1.0
        },
        {
            "name": "StaticObj_Mil_ReinforcedTank1_Grass",
            "pos": [
                12931.935546875,
                -0.5669540166854858,
                10198.10546875
            ],
            "ypr": [
                -1.7999998331069947,
                0.0,
                0.0
            ],
            "scale": 1.0
        },
        {
            "name": "StaticObj_Mil_ReinforcedTank1_Grass",
            "pos": [
                12923.849609375,
                -0.5669540166854858,
                10201.5234375
            ],
            "ypr": [
                -1.7999998331069947,
                0.0,
                0.0
            ],
            "scale": 1.0
        },
        {
            "name": "StaticObj_Mil_ReinforcedTank1_Grass",
            "pos": [
                12913.166015625,
                -0.5669540166854858,
                10207.734375
            ],
            "ypr": [
                -1.7999998331069947,
                0.0,
                0.0
            ],
            "scale": 1.0
        },
        {
            "name": "StaticObj_Mil_ReinforcedTank1_Grass",
            "pos": [
                12905.080078125,
                -0.5669540166854858,
                10211.15234375
            ],
            "ypr": [
                -1.7999998331069947,
                0.0,
                0.0
            ],
            "scale": 1.0
        },
        {
            "name": "StaticObj_Mil_ReinforcedTank1_Grass",
            "pos": [
                12896.623046875,
                -0.6569539308547974,
                10212.40234375
            ],
            "ypr": [
                -1.7999998331069947,
                0.0,
                0.0
            ],
            "scale": 1.0
        },
        {
            "name": "StaticObj_Mil_ReinforcedTank1_Grass",
            "pos": [
                12888.537109375,
                -0.6569539308547974,
                10215.8203125
            ],
            "ypr": [
                -1.7999998331069947,
                0.0,
                0.0
            ],
            "scale": 1.0
        },
        {
            "name": "Land_Container_1Mo",
            "pos": [
                12952.9248046875,
                7.208396911621094,
                10176.8359375
            ],
            "ypr": [
                62.99997329711914,
                -0.0,
                -0.0
            ],
            "scale": 1.0
        },
        {
            "name": "Land_Container_1Mo",
            "pos": [
                12952.9248046875,
                9.788455963134766,
                10176.8359375
            ],
            "ypr": [
                62.99997329711914,
                -0.0,
                -0.0
            ],
            "scale": 1.0
        },
        {
            "name": "Land_Mil_Fortified_Nest_Small",
            "pos": [
                12948.6728515625,
                7.1114044189453129,
                10186.1708984375
            ],
            "ypr": [
                -161.9998321533203,
                0.0,
                -0.0
            ],
            "scale": 1.0
        },
        {
            "name": "Land_Mil_GuardShed",
            "pos": [
                12935.8447265625,
                6.812402725219727,
                10193.755859375
            ],
            "ypr": [
                107.9998550415039,
                0.0,
                -0.0
            ],
            "scale": 1.0
        },
        {
            "name": "Land_Mil_GuardTower",
            "pos": [
                12933.1220703125,
                12.73919677734375,
                10157.6123046875
            ],
            "ypr": [
                18.000165939331056,
                -0.0,
                -0.0
            ],
            "scale": 1.0
        },
        {
            "name": "Land_Dead_MassGrave",
            "pos": [
                12964.10546875,
                6.2310075759887699,
                10171.8828125
            ],
            "ypr": [
                0.0,
                -0.0,
                -0.0
            ],
            "scale": 1.0
        },
        {
            "name": "Land_Misc_Well_Pump_Yellow",
            "pos": [
                12937.4033203125,
                6.370879173278809,
                10170.7890625
            ],
            "ypr": [
                -116.99991607666016,
                0.0,
                -0.0
            ],
            "scale": 1.0
        },
        {
            "name": "Land_Construction_Crane",
            "pos": [
                12962.1748046875,
                24.30270004272461,
                10179.87890625
            ],
            "ypr": [
                -162.00009155273438,
                0.0,
                -0.0
            ],
            "scale": 1.0
        },
        {
            "name": "Land_Container_1Aoh_DE",
            "pos": [
                12954.619140625,
                12.352315902709961,
                10177.5361328125
            ],
            "ypr": [
                35.999908447265628,
                -0.0,
                -0.0
            ],
            "scale": 0.9999998807907105
        },
        {
            "name": "Land_Container_1Bo",
            "pos": [
                12954.2021484375,
                25.67982292175293,
                10182.263671875
            ],
            "ypr": [
                62.99997329711914,
                -0.0,
                -0.0
            ],
            "scale": 1.0
        },
        {
            "name": "StaticObj_Furniture_flag_chernarus_pole",
            "pos": [
                12930.599609375,
                10.054499626159668,
                10179.900390625
            ],
            "ypr": [
                17.89299964904785,
                0.0,
                0.0
            ],
            "scale": 0.9999982118606567
        },
        {
            "name": "StaticObj_Furniture_flag_chernarus_pole",
            "pos": [
                12929.7109375,
                10.054499626159668,
                10177.693359375
            ],
            "ypr": [
                17.89299964904785,
                0.0,
                0.0
            ],
            "scale": 0.9999982118606567
        },
        {
            "name": "StaticObj_Furniture_flag_chernarus_wall",
            "pos": [
                12969.2001953125,
                11.169318199157715,
                10195.60546875
            ],
            "ypr": [
                -160.17193603515626,
                0.0,
                0.0
            ],
            "scale": 3.000000476837158
        },
        {
            "name": "StaticObj_Misc_Timbers_Log1",
            "pos": [
                12966.2001953125,
                12.455900192260743,
                10195.900390625
            ],
            "ypr": [
                110.33097076416016,
                0.0,
                0.0
            ],
            "scale": 1.0
        },
        {
            "name": "StaticObj_Misc_Pipes",
            "pos": [
                12977.1279296875,
                6.646522521972656,
                10230.6494140625
            ],
            "ypr": [
                80.99992370605469,
                0.0,
                -0.0
            ],
            "scale": 1.0
        },
        {
            "name": "StaticObj_Misc_Timbers3",
            "pos": [
                12975.552734375,
                6.74033260345459,
                10265.865234375
            ],
            "ypr": [
                -81.00000762939453,
                0.0,
                0.0
            ],
            "scale": 1.0
        },
        {
            "name": "StaticObj_Misc_TirePile",
            "pos": [
                12974.5498046875,
                10.182074546813965,
                10224.5810546875
            ],
            "ypr": [
                71.99994659423828,
                -0.0,
                -0.0
            ],
            "scale": 1.0
        },
        {
            "name": "StaticObj_Tank_Small_Gas",
            "pos": [
                12933.7021484375,
                7.149731159210205,
                10191.5029296875
            ],
            "ypr": [
                107.99993896484375,
                0.0,
                -0.0
            ],
            "scale": 1.0
        },
        {
            "name": "StaticObj_Garbage_Pile8",
            "pos": [
                12946.4677734375,
                5.908662796020508,
                10198.2548828125
            ],
            "ypr": [
                -9.0,
                0.0,
                0.0
            ],
            "scale": 1.0
        },
        {
            "name": "StaticObj_Garbage_Ground_6m",
            "pos": [
                12986.3837890625,
                7.08421516418457,
                10286.5283203125
            ],
            "ypr": [
                18.000003814697267,
                -0.0,
                -0.0
            ],
            "scale": 1.0
        },
        {
            "name": "StaticObj_Garbage_Ground_6m",
            "pos": [
                12981.5625,
                7.074312210083008,
                10254.3037109375
            ],
            "ypr": [
                53.99998474121094,
                -0.0,
                -0.0
            ],
            "scale": 1.0
        },
        {
            "name": "StaticObj_Garbage_Ground_6m",
            "pos": [
                12972.7646484375,
                7.0942888259887699,
                10238.2890625
            ],
            "ypr": [
                -9.0,
                0.0,
                0.0
            ],
            "scale": 1.0
        },
        {
            "name": "StaticObj_Garbage_Pile5",
            "pos": [
                12969.4873046875,
                6.233964920043945,
                10207.0654296875
            ],
            "ypr": [
                18.0,
                -0.0,
                -0.0
            ],
            "scale": 1.0
        },
        {
            "name": "StaticObj_Garbage_Pile3",
            "pos": [
                12964.072265625,
                6.238646984100342,
                10224.4365234375
            ],
            "ypr": [
                -27.0,
                0.0,
                0.0
            ],
            "scale": 0.9999999403953552
        },
        {
            "name": "StaticObj_Garbage_Container_Plastic",
            "pos": [
                12939.9345703125,
                6.759393215179443,
                10201.076171875
            ],
            "ypr": [
                -9.0,
                0.0,
                0.0
            ],
            "scale": 1.0
        },
        {
            "name": "StaticObj_Garbage_Pile2",
            "pos": [
                12866.4375,
                6.2921037673950199,
                10223.986328125
            ],
            "ypr": [
                -27.0,
                0.0,
                0.0
            ],
            "scale": 0.9999999403953552
        },
        {
            "name": "StaticObj_Slum_Roof6",
            "pos": [
                12929.7802734375,
                8.807279586791993,
                10145.837890625
            ],
            "ypr": [
                9.000219345092774,
                -0.0,
                -0.0
            ],
            "scale": 1.0
        },
        {
            "name": "StaticObj_Slum_Roof5",
            "pos": [
                12936.8583984375,
                8.218866348266602,
                10143.005859375
            ],
            "ypr": [
                116.99994659423828,
                0.0,
                -0.0
            ],
            "scale": 0.9999999403953552
        },
        {
            "name": "StaticObj_Misc_WoodenCrate_5x",
            "pos": [
                12939.03515625,
                6.918373107910156,
                10142.896484375
            ],
            "ypr": [
                80.99992370605469,
                -0.0,
                -0.0
            ],
            "scale": 1.0
        },
        {
            "name": "StaticObj_Misc_WoodenCrate_3x",
            "pos": [
                12937.8671875,
                6.670638084411621,
                10140.6669921875
            ],
            "ypr": [
                -9.0,
                -0.0,
                -0.0
            ],
            "scale": 1.0
        },
        {
            "name": "StaticObj_Misc_Table_Market",
            "pos": [
                12931.28515625,
                6.434140205383301,
                10143.37890625
            ],
            "ypr": [
                -71.99994659423828,
                0.0,
                0.0
            ],
            "scale": 1.0
        },
        {
            "name": "StaticObj_Misc_SewerCover",
            "pos": [
                12937.125,
                5.911658763885498,
                10138.0654296875
            ],
            "ypr": [
                0.0,
                -0.0,
                -0.0
            ],
            "scale": 1.0
        },
        {
            "name": "StaticObj_Misc_Table_Large",
            "pos": [
                12930.5986328125,
                6.2922682762146,
                10146.1298828125
            ],
            "ypr": [
                107.99993896484375,
                0.0,
                -0.0
            ],
            "scale": 1.0
        },
        {
            "name": "StaticObj_Road_Sidewalk_Stairs",
            "pos": [
                12937.7001953125,
                7.487760543823242,
                10136.013671875
            ],
            "ypr": [
                -152.9998016357422,
                0.0,
                -0.0
            ],
            "scale": 1.0
        },
        {
            "name": "StaticObj_Statue_General",
            "pos": [
                12976.0634765625,
                11.781280517578125,
                10212.33984375
            ],
            "ypr": [
                107.99993896484375,
                0.0,
                -0.0
            ],
            "scale": 1.0
        },
        {
            "name": "StaticObj_Hanged_doctor",
            "pos": [
                12974.5810546875,
                11.043209075927735,
                10213.8681640625
            ],
            "ypr": [
                116.99994659423828,
                0.0,
                -0.0
            ],
            "scale": 0.9999999403953552
        },
        {
            "name": "StaticObj_Misc_DragonTeeth",
            "pos": [
                12918.6962890625,
                6.783782005310059,
                10121.845703125
            ],
            "ypr": [
                98.99993133544922,
                0.0,
                -0.0
            ],
            "scale": 1.0
        },
        {
            "name": "StaticObj_Misc_Barbedwire",
            "pos": [
                12919.173828125,
                6.8010993003845219,
                10105.53125
            ],
            "ypr": [
                71.99994659423828,
                -0.0,
                -0.0
            ],
            "scale": 1.0
        },
        {
            "name": "StaticObj_Misc_BagFence_Round",
            "pos": [
                12914.2021484375,
                6.196808815002441,
                10094.8408203125
            ],
            "ypr": [
                -18.00008773803711,
                0.0,
                0.0
            ],
            "scale": 1.0
        },
        {
            "name": "StaticObj_Roadblock_Pillbox",
            "pos": [
                12903.28515625,
                7.014995574951172,
                10094.8330078125
            ],
            "ypr": [
                71.99992370605469,
                -0.0,
                -0.0
            ],
            "scale": 1.0
        },
        {
            "name": "StaticObj_Roadblock_CncBlocks_Long",
            "pos": [
                12900.6494140625,
                -3.809121608734131,
                10083.1591796875
            ],
            "ypr": [
                -108.00004577636719,
                0.0,
                -0.0
            ],
            "scale": 1.0
        },
        {
            "name": "StaticObj_Mil_ReinforcedTank1_Grass",
            "pos": [
                12773.451171875,
                -0.4270113706588745,
                9858.22265625
            ],
            "ypr": [
                0.0,
                -0.0,
                -0.0
            ],
            "scale": 1.0
        },
        {
            "name": "StaticObj_Roadblock_CncBlocks_Long",
            "pos": [
                12900.6494140625,
                6.670019149780273,
                10083.1591796875
            ],
            "ypr": [
                -108.00004577636719,
                0.0,
                -0.0
            ],
            "scale": 1.0
        },
        {
            "name": "StaticObj_Mil_ReinforcedTank1_Grass",
            "pos": [
                12779.2421875,
                -0.4270113706588745,
                9867.587890625
            ],
            "ypr": [
                0.0,
                -0.0,
                -0.0
            ],
            "scale": 1.0
        },
        {
            "name": "StaticObj_Mil_ReinforcedTank1_Grass",
            "pos": [
                12784.916015625,
                -0.5370112657546997,
                9874.453125
            ],
            "ypr": [
                0.0,
                -0.0,
                -0.0
            ],
            "scale": 1.0
        },
        {
            "name": "StaticObj_Mil_ReinforcedTank1_Grass",
            "pos": [
                12790.70703125,
                -0.5370112657546997,
                9883.818359375
            ],
            "ypr": [
                0.0,
                -0.0,
                -0.0
            ],
            "scale": 1.0
        },
        {
            "name": "StaticObj_Mil_ReinforcedTank1_Grass",
            "pos": [
                12796.9375,
                -0.3670114278793335,
                9895.625
            ],
            "ypr": [
                0.0,
                -0.0,
                -0.0
            ],
            "scale": 1.0
        },
        {
            "name": "StaticObj_Mil_ReinforcedTank1_Grass",
            "pos": [
                12802.728515625,
                -0.3670114278793335,
                9904.990234375
            ],
            "ypr": [
                0.0,
                -0.0,
                -0.0
            ],
            "scale": 1.0
        },
        {
            "name": "StaticObj_Mil_ReinforcedTank1_Grass",
            "pos": [
                12808.40234375,
                -0.4770113229751587,
                9911.85546875
            ],
            "ypr": [
                0.0,
                -0.0,
                -0.0
            ],
            "scale": 1.0
        },
        {
            "name": "StaticObj_Mil_ReinforcedTank1_Grass",
            "pos": [
                12814.2001953125,
                -0.4770109951496124,
                9921.2197265625
            ],
            "ypr": [
                0.0,
                0.0,
                0.0
            ],
            "scale": 1.0
        },
        {
            "name": "StaticObj_Mil_ReinforcedTank1_Grass",
            "pos": [
                12814.2001953125,
                -0.4770109951496124,
                9921.2197265625
            ],
            "ypr": [
                0.0,
                0.0,
                0.0
            ],
            "scale": 1.0
        },
        {
            "name": "StaticObj_Mil_ReinforcedTank1_Grass",
            "pos": [
                12945.087890625,
                -0.41427183151245119,
                10165.4912109375
            ],
            "ypr": [
                27.0,
                -0.0,
                -0.0
            ],
            "scale": 0.9999999403953552
        },
        {
            "name": "StaticObj_Mil_ReinforcedTank1_Grass",
            "pos": [
                12937.58984375,
                -0.32292795181274416,
                10148.4013671875
            ],
            "ypr": [
                27.0,
                -0.0,
                -0.0
            ],
            "scale": 0.9999999403953552
        },
        {
            "name": "StaticObj_Mil_ReinforcedTank1_Grass",
            "pos": [
                12935.857421875,
                -0.40296003222465517,
                10142.1103515625
            ],
            "ypr": [
                27.523128509521486,
                -0.0,
                -0.0
            ],
            "scale": 0.9999992847442627
        },
        {
            "name": "StaticObj_Mil_ReinforcedTank1_Grass",
            "pos": [
                12928.2021484375,
                -0.3616156578063965,
                10125.09375
            ],
            "ypr": [
                27.523128509521486,
                -0.0,
                -0.0
            ],
            "scale": 0.9999995231628418
        },
        {
            "name": "StaticObj_Mil_ReinforcedTank1_Grass",
            "pos": [
                12917.37109375,
                -0.4590606689453125,
                10110.400390625
            ],
            "ypr": [
                0.0,
                -0.0,
                -0.0
            ],
            "scale": 1.0
        },
        {
            "name": "StaticObj_Mil_ReinforcedTank1_Grass",
            "pos": [
                12912.775390625,
                -0.35906076431274416,
                10099.736328125
            ],
            "ypr": [
                0.0,
                -0.0,
                -0.0
            ],
            "scale": 1.0
        },
        {
            "name": "StaticObj_Mil_ReinforcedTank1_Grass",
            "pos": [
                12905.01953125,
                -0.35906076431274416,
                10088.1875
            ],
            "ypr": [
                0.0,
                -0.0,
                -0.0
            ],
            "scale": 1.0
        },
        {
            "name": "StaticObj_Mil_ReinforcedTank1_Grass",
            "pos": [
                12900.423828125,
                -0.35906076431274416,
                10077.5234375
            ],
            "ypr": [
                0.0,
                -0.0,
                -0.0
            ],
            "scale": 1.0
        },
        {
            "name": "StaticObj_Mil_ReinforcedTank1_Grass",
            "pos": [
                12895.85546875,
                -0.2590607702732086,
                10070.2578125
            ],
            "ypr": [
                0.0,
                -0.0,
                -0.0
            ],
            "scale": 1.0
        }
    ]
}