{
    "Objects": [
        {
            "name": "Land_Castle_Stairs",
            "pos": [
                5848.67041015625,
                7.799302101135254,
                2211.709228515625
            ],
            "ypr": [
                74.00194549560547,
                0.0,
                0.0
            ]
        },
        {
            "name": "StaticObj_Wall_VilVar2_4",
            "pos": [
                5852.32373046875,
                9.302979469299317,
                2202.29638671875
            ],
            "ypr": [
                -16.70887565612793,
                0.0,
                -0.0
            ]
        },
        {
            "name": "StaticObj_Wall_VilVar2_4",
            "pos": [
                5849.6767578125,
                9.277070045471192,
                2203.5751953125
            ],
            "ypr": [
                67.2873764038086,
                0.0,
                -0.0
            ]
        },
        {
            "name": "StaticObj_Wall_VilVar2_4",
            "pos": [
                5848.47900390625,
                9.252274513244629,
                2207.287353515625
            ],
            "ypr": [
                76.86387634277344,
                0.0,
                -0.0
            ]
        },
        {
            "name": "StaticObj_Wall_VilVar2_4",
            "pos": [
                5846.14208984375,
                9.204559326171875,
                2209.39892578125
            ],
            "ypr": [
                79.26007080078125,
                0.0,
                -0.0
            ]
        },
        {
            "name": "StaticObj_Wall_VilVar2_4",
            "pos": [
                5847.57666015625,
                9.132844924926758,
                2212.087890625
            ],
            "ypr": [
                156.86109924316407,
                0.0,
                -0.0
            ]
        },
        {
            "name": "StaticObj_Wall_VilVar2_4",
            "pos": [
                5856.12939453125,
                9.323715209960938,
                2203.427978515625
            ],
            "ypr": [
                -16.223575592041017,
                0.0,
                -0.0
            ]
        },
        {
            "name": "StaticObj_Wall_VilVar2_4",
            "pos": [
                5859.87646484375,
                9.273026466369629,
                2204.68505859375
            ],
            "ypr": [
                -21.690507888793947,
                0.0,
                2.4999990463256838
            ]
        },
        {
            "name": "Land_Wall_Gate_Fen4",
            "pos": [
                5861.60009765625,
                9.895535469055176,
                2207.613037109375
            ],
            "ypr": [
                -96.1122817993164,
                -1.0003409385681153,
                -0.9999989867210388
            ]
        },
        {
            "name": "StaticObj_Wall_Tin7_8",
            "pos": [
                5852.115234375,
                16.00482749938965,
                2199.349365234375
            ],
            "ypr": [
                75.40772247314453,
                -0.0,
                -0.0
            ]
        },
        {
            "name": "StaticObj_Wall_Tin7_8",
            "pos": [
                5854.1220703125,
                16.02705955505371,
                2191.656494140625
            ],
            "ypr": [
                75.40772247314453,
                -0.0,
                -0.0
            ]
        },
        {
            "name": "StaticObj_Wall_IndFnc2_3",
            "pos": [
                5855.24658203125,
                15.916565895080567,
                2187.3173828125
            ],
            "ypr": [
                -102.49767303466797,
                0.0,
                0.0
            ]
        },
        {
            "name": "StaticObj_Wall_PipeFence_4",
            "pos": [
                5857.57470703125,
                15.682145118713379,
                2186.4140625
            ],
            "ypr": [
                165.6013641357422,
                0.0,
                0.0
            ]
        },
        {
            "name": "StaticObj_Wall_Tin6_2_4",
            "pos": [
                5861.49951171875,
                16.185598373413087,
                2187.450439453125
            ],
            "ypr": [
                -13.498647689819336,
                0.0,
                -0.0
            ]
        },
        {
            "name": "StaticObj_Misc_ConcreteBlock2_Damaged",
            "pos": [
                5863.14404296875,
                15.586747169494629,
                2188.16796875
            ],
            "ypr": [
                168.64227294921876,
                0.0,
                0.0
            ]
        },
        {
            "name": "StaticObj_Misc_ConcretePipe",
            "pos": [
                5846.30859375,
                10.045182228088379,
                2216.108154296875
            ],
            "ypr": [
                -112.49747467041016,
                1.5,
                0.0
            ]
        },
        {
            "name": "StaticObj_Wall_VilVar2_4",
            "pos": [
                5845.66552734375,
                9.168946266174317,
                2212.34814453125
            ],
            "ypr": [
                82.06665802001953,
                0.0,
                -0.0
            ]
        },
        {
            "name": "StaticObj_Misc_Timbers_Log4",
            "pos": [
                5850.2939453125,
                8.987855911254883,
                2217.083251953125
            ],
            "ypr": [
                -111.99745178222656,
                0.4999998211860657,
                0.4999998211860657
            ]
        },
        {
            "name": "StaticObj_Wall_IndFnc_9",
            "pos": [
                5854.19921875,
                10.393921852111817,
                2203.021728515625
            ],
            "ypr": [
                162.47738647460938,
                0.0,
                0.0
            ]
        },
        {
            "name": "StaticObj_Wall_IndFnc_3",
            "pos": [
                5860.2880859375,
                10.401856422424317,
                2204.912353515625
            ],
            "ypr": [
                162.00140380859376,
                0.0,
                0.0
            ]
        },
        {
            "name": "StaticObj_Wall_IndFnc_Corner",
            "pos": [
                5849.82080078125,
                10.340287208557129,
                2203.069091796875
            ],
            "ypr": [
                -112.49747467041016,
                0.0,
                0.0
            ]
        },
        {
            "name": "StaticObj_Wall_IndFnc_3",
            "pos": [
                5848.8359375,
                10.339570045471192,
                2205.90771484375
            ],
            "ypr": [
                -103.49766540527344,
                0.0,
                0.0
            ]
        },
        {
            "name": "StaticObj_Wall_IndFnc_3_Hole",
            "pos": [
                5848.40966796875,
                10.280426979064942,
                2207.81982421875
            ],
            "ypr": [
                -97.60102844238281,
                0.0,
                0.0
            ]
        },
        {
            "name": "StaticObj_Wall_IndFnc_Pole",
            "pos": [
                5848.22705078125,
                10.242463111877442,
                2209.252685546875
            ],
            "ypr": [
                -112.49747467041016,
                0.0,
                0.0
            ]
        },
        {
            "name": "StaticObj_Wall_IndFnc_9",
            "pos": [
                5845.763671875,
                10.589570045471192,
                2210.12255859375
            ],
            "ypr": [
                -100.24421691894531,
                0.0,
                0.0
            ]
        },
        {
            "name": "StaticObj_Wall_IndFnc_Pole",
            "pos": [
                5845.01025390625,
                10.502823829650879,
                2214.083251953125
            ],
            "ypr": [
                -103.49766540527344,
                0.0,
                0.0
            ]
        },
        {
            "name": "StaticObj_Wall_IndFnc_Pole",
            "pos": [
                5859.60595703125,
                10.846756935119629,
                2212.009765625
            ],
            "ypr": [
                78.23878479003906,
                0.0,
                -0.0
            ]
        },
        {
            "name": "StaticObj_Wall_IndFnc_9",
            "pos": [
                5857.5859375,
                9.572769165039063,
                2215.538330078125
            ],
            "ypr": [
                59.0754280090332,
                0.0,
                -0.0
            ]
        },
        {
            "name": "StaticObj_Wall_IndFnc_9",
            "pos": [
                5848.53271484375,
                9.500457763671875,
                2218.8369140625
            ],
            "ypr": [
                -24.0214900970459,
                0.0,
                -0.0
            ]
        },
        {
            "name": "StaticObj_Wall_IndFnc_Corner",
            "pos": [
                5853.4892578125,
                9.524332046508789,
                2220.1875
            ],
            "ypr": [
                14.327933311462403,
                -0.0,
                -0.0
            ]
        },
        {
            "name": "StaticObj_Misc_ConcretePipe",
            "pos": [
                5848.99609375,
                9.963379859924317,
                2217.2265625
            ],
            "ypr": [
                -112.49747467041016,
                1.5,
                0.0
            ]
        },
        {
            "name": "StaticObj_Misc_Timbers_Log4",
            "pos": [
                5849.5205078125,
                8.974580764770508,
                2219.11962890625
            ],
            "ypr": [
                -112.9975814819336,
                0.4999998211860657,
                0.4999998211860657
            ]
        },
        {
            "name": "StaticObj_Misc_Pallets3",
            "pos": [
                5845.794921875,
                9.779236793518067,
                2206.044921875
            ],
            "ypr": [
                175.35789489746095,
                -0.0,
                -0.0
            ]
        },
        {
            "name": "StaticObj_Misc_Pallets2",
            "pos": [
                5845.60595703125,
                9.419251441955567,
                2207.6650390625
            ],
            "ypr": [
                -13.498647689819336,
                0.0,
                -0.0
            ]
        },
        {
            "name": "StaticObj_Garbage_Pile8",
            "pos": [
                5849.29150390625,
                9.565415382385254,
                2202.73046875
            ],
            "ypr": [
                -130.49728393554688,
                -0.0,
                -0.0
            ]
        },
        {
            "name": "StaticObj_Garbage_Pile7",
            "pos": [
                5850.455078125,
                9.592881202697754,
                2201.048583984375
            ],
            "ypr": [
                -175.49835205078126,
                0.0,
                0.0
            ]
        },
        {
            "name": "StaticObj_Garbage_Pile8",
            "pos": [
                5848.5341796875,
                9.577515602111817,
                2202.91748046875
            ],
            "ypr": [
                76.50178527832031,
                0.0,
                -0.0
            ]
        },
        {
            "name": "StaticObj_Garbage_Pile2",
            "pos": [
                5845.591796875,
                9.306839942932129,
                2204.875
            ],
            "ypr": [
                -103.49766540527344,
                -0.0,
                -0.0
            ]
        },
        {
            "name": "StaticObj_Garbage_Pile3",
            "pos": [
                5870.21533203125,
                9.406622886657715,
                2217.779052734375
            ],
            "ypr": [
                164.67550659179688,
                -0.0,
                -0.0
            ]
        },
        {
            "name": "StaticObj_Garbage_Pile6",
            "pos": [
                5867.6171875,
                8.902101516723633,
                2218.028076171875
            ],
            "ypr": [
                -141.3249053955078,
                -0.0,
                -0.0
            ]
        },
        {
            "name": "StaticObj_Garbage_Pile8",
            "pos": [
                5867.93701171875,
                9.599506378173829,
                2216.413818359375
            ],
            "ypr": [
                164.67550659179688,
                -0.0,
                -0.0
            ]
        },
        {
            "name": "StaticObj_Garbage_Pile7",
            "pos": [
                5865.9794921875,
                9.669330596923829,
                2216.098388671875
            ],
            "ypr": [
                146.67616271972657,
                -0.0,
                -0.0
            ]
        },
        {
            "name": "StaticObj_Garbage_Pile8",
            "pos": [
                5861.0625,
                9.365036010742188,
                2204.655517578125
            ],
            "ypr": [
                148.50137329101563,
                0.0,
                0.0
            ]
        },
        {
            "name": "StaticObj_Garbage_Pile7",
            "pos": [
                5861.17626953125,
                9.241089820861817,
                2203.58984375
            ],
            "ypr": [
                130.5018310546875,
                0.0,
                -0.0
            ]
        },
        {
            "name": "StaticObj_Wall_Tin_4",
            "pos": [
                5856.17041015625,
                15.746506690979004,
                2204.77734375
            ],
            "ypr": [
                165.75640869140626,
                0.0,
                0.0
            ]
        },
        {
            "name": "StaticObj_Wall_Tin_4",
            "pos": [
                5860.44580078125,
                15.719193458557129,
                2203.88916015625
            ],
            "ypr": [
                -104.49713897705078,
                0.0,
                0.0
            ]
        },
        {
            "name": "StaticObj_Wall_WoodF_5_2",
            "pos": [
                5857.63525390625,
                15.358643531799317,
                2205.33642578125
            ],
            "ypr": [
                -13.37950325012207,
                0.0,
                0.0
            ]
        },
        {
            "name": "StaticObj_Wall_Fen6_8",
            "pos": [
                5862.1630859375,
                16.46657371520996,
                2198.397705078125
            ],
            "ypr": [
                -104.99776458740235,
                0.0,
                0.0
            ]
        },
        {
            "name": "StaticObj_Wall_Fen6_8",
            "pos": [
                5863.580078125,
                16.441268920898439,
                2192.15087890625
            ],
            "ypr": [
                75.07378387451172,
                0.0,
                0.0
            ]
        },
        {
            "name": "StaticObj_Wall_Fen6_Pole",
            "pos": [
                5862.91943359375,
                16.59493064880371,
                2195.275634765625
            ],
            "ypr": [
                88.89756774902344,
                -0.0,
                -0.0
            ]
        },
        {
            "name": "StaticObj_Slum_Roof5",
            "pos": [
                5859.39599609375,
                16.752840042114259,
                2190.645751953125
            ],
            "ypr": [
                -103.49742126464844,
                -0.0,
                -0.0
            ]
        },
        {
            "name": "StaticObj_Slum_Roof3",
            "pos": [
                5857.89404296875,
                16.886709213256837,
                2203.211181640625
            ],
            "ypr": [
                162.27029418945313,
                0.0,
                0.0
            ]
        },
        {
            "name": "StaticObj_Misc_Range_Roof",
            "pos": [
                5860.70751953125,
                16.92995262145996,
                2198.258544921875
            ],
            "ypr": [
                76.50178527832031,
                0.0,
                -0.0
            ]
        },
        {
            "name": "StaticObj_Wall_Tin_4",
            "pos": [
                5854.87255859375,
                15.721375465393067,
                2202.482666015625
            ],
            "ypr": [
                70.70856475830078,
                0.0,
                0.0
            ]
        },
        {
            "name": "Land_Wreck_Ikarus",
            "pos": [
                5858.97705078125,
                10.38400650024414,
                2191.205322265625
            ],
            "ypr": [
                -103.4975814819336,
                0.4999998211860657,
                0.4999998211860657
            ]
        },
        {
            "name": "Land_Wreck_Volha_Blue",
            "pos": [
                5858.61767578125,
                9.602663040161133,
                2198.462646484375
            ],
            "ypr": [
                76.50178527832031,
                0.0,
                -0.0
            ]
        },
        {
            "name": "Land_Wreck_S1023_Beige",
            "pos": [
                5853.673828125,
                9.876709938049317,
                2199.595458984375
            ],
            "ypr": [
                -112.49747467041016,
                -0.0,
                -0.0
            ]
        },
        {
            "name": "Land_Wreck_hb01_aban1_white",
            "pos": [
                5870.017578125,
                10.049772262573243,
                2197.110595703125
            ],
            "ypr": [
                -100.16887664794922,
                -0.0,
                -0.0
            ]
        },
        {
            "name": "StaticObj_Wall_VilVar2_4",
            "pos": [
                5867.1953125,
                9.432226181030274,
                2215.427734375
            ],
            "ypr": [
                -15.967401504516602,
                0.0,
                -0.0
            ]
        },
        {
            "name": "StaticObj_Wall_VilVar2_4",
            "pos": [
                5871.00439453125,
                9.415892601013184,
                2216.51318359375
            ],
            "ypr": [
                -16.287004470825197,
                0.0,
                -0.0
            ]
        },
        {
            "name": "StaticObj_Wall_VilVar2_4",
            "pos": [
                5858.31591796875,
                9.550433158874512,
                2215.189208984375
            ],
            "ypr": [
                -122.10108947753906,
                0.0,
                -0.0
            ]
        },
        {
            "name": "StaticObj_Wall_VilVar2_4",
            "pos": [
                5856.2197265625,
                9.438559532165528,
                2218.519287109375
            ],
            "ypr": [
                -122.10108947753906,
                0.0,
                -0.0
            ]
        },
        {
            "name": "Land_Roadblock_Table",
            "pos": [
                5816.7099609375,
                9.337939262390137,
                2170.6513671875
            ],
            "ypr": [
                0.0,
                -0.0,
                -0.0
            ]
        },
        {
            "name": "StaticObj_Misc_Table_Camp_Small",
            "pos": [
                5815.39990234375,
                9.355145454406739,
                2174.484130859375
            ],
            "ypr": [
                53.99998474121094,
                -0.0,
                -0.0
            ]
        },
        {
            "name": "StaticObj_Misc_WoodTable_Indoor",
            "pos": [
                5851.3837890625,
                9.379247665405274,
                2206.82666015625
            ],
            "ypr": [
                -0.00003147125244140625,
                0.0,
                0.0
            ]
        },
        {
            "name": "StaticObj_Misc_WoodTable_Indoor",
            "pos": [
                5854.2177734375,
                9.39217758178711,
                2208.173828125
            ],
            "ypr": [
                162.20443725585938,
                0.0,
                0.0
            ]
        },
        {
            "name": "StaticObj_Garbage_Bin",
            "pos": [
                5859.35791015625,
                9.580049514770508,
                2204.888671875
            ],
            "ypr": [
                0.0,
                -0.0,
                -0.0
            ]
        },
        {
            "name": "StaticObj_Garbage_Bin",
            "pos": [
                5859.97216796875,
                9.58121109008789,
                2205.23779296875
            ],
            "ypr": [
                -92.13788604736328,
                -0.0,
                -0.0
            ]
        },
        {
            "name": "StaticObj_Garbage_Pile4",
            "pos": [
                5856.71484375,
                9.203376770019532,
                2205.589599609375
            ],
            "ypr": [
                -179.9998321533203,
                0.0,
                -0.0
            ]
        },
        {
            "name": "StaticObj_Garbage_Container_Plastic",
            "pos": [
                5859.1806640625,
                9.869140625,
                2210.724609375
            ],
            "ypr": [
                179.9998779296875,
                0.0,
                -0.0
            ]
        },
        {
            "name": "StaticObj_Garbage_Pile6",
            "pos": [
                5857.916015625,
                8.912252426147461,
                2212.39599609375
            ],
            "ypr": [
                -161.9998779296875,
                0.0,
                -0.0
            ]
        },
        {
            "name": "StaticObj_Misc_WoodenCrate",
            "pos": [
                5822.63916015625,
                9.298151969909668,
                2172.942138671875
            ],
            "ypr": [
                35.999996185302737,
                -0.0,
                -0.0
            ]
        },
        {
            "name": "StaticObj_Misc_WoodenCrate_3x",
            "pos": [
                5822.267578125,
                9.643139839172364,
                2177.54296875
            ],
            "ypr": [
                -44.99999237060547,
                0.0,
                0.0
            ]
        },
        {
            "name": "StaticObj_Misc_WoodenCrate_5x",
            "pos": [
                5819.412109375,
                9.900836944580079,
                2179.315673828125
            ],
            "ypr": [
                -44.99999237060547,
                0.0,
                0.0
            ]
        },
        {
            "name": "StaticObj_Misc_Gunrack",
            "pos": [
                5815.27880859375,
                9.315107345581055,
                2172.374755859375
            ],
            "ypr": [
                170.99986267089845,
                0.0,
                -0.0
            ]
        },
        {
            "name": "Land_Wreck_Uaz",
            "pos": [
                5814.400390625,
                9.768872261047364,
                2182.405029296875
            ],
            "ypr": [
                -89.99994659423828,
                0.0,
                0.0
            ]
        },
        {
            "name": "Land_Wreck_Uaz",
            "pos": [
                5925.74755859375,
                10.00687313079834,
                2203.581298828125
            ],
            "ypr": [
                26.99982261657715,
                -0.0,
                -0.0
            ]
        },
        {
            "name": "Land_Wreck_Ikarus",
            "pos": [
                5848.18017578125,
                10.376908302307129,
                2177.38818359375
            ],
            "ypr": [
                80.99995422363281,
                -0.0,
                -0.0
            ]
        },
        {
            "name": "Land_Wreck_hb01_aban1_green",
            "pos": [
                5859.14697265625,
                10.053910255432129,
                2179.78125
            ],
            "ypr": [
                71.99994659423828,
                -0.0,
                -0.0
            ]
        },
        {
            "name": "Land_Wreck_hb02_aban1_red",
            "pos": [
                5864.8251953125,
                9.77220344543457,
                2180.77099609375
            ],
            "ypr": [
                62.99997329711914,
                -0.0,
                -0.0
            ]
        },
        {
            "name": "Land_Wreck_sed01_aban1_white",
            "pos": [
                5871.02197265625,
                9.76900863647461,
                2183.14892578125
            ],
            "ypr": [
                81.22237396240235,
                -0.0,
                -0.0
            ]
        },
        {
            "name": "Land_Wreck_S1023_Beige",
            "pos": [
                5876.234375,
                9.989348411560059,
                2185.310791015625
            ],
            "ypr": [
                71.99995422363281,
                -0.0,
                -0.0
            ]
        },
        {
            "name": "Land_Wreck_sed01_aban1_wine",
            "pos": [
                5890.16162109375,
                9.786953926086426,
                2182.180419921875
            ],
            "ypr": [
                -98.99998474121094,
                0.0,
                -0.0
            ]
        },
        {
            "name": "Land_Wreck_Volha_Grey",
            "pos": [
                5882.85595703125,
                9.64995288848877,
                2181.299560546875
            ],
            "ypr": [
                -116.99994659423828,
                0.0,
                -0.0
            ]
        },
        {
            "name": "Land_Wreck_Lada_Green",
            "pos": [
                5815.2919921875,
                9.592867851257325,
                2165.735595703125
            ],
            "ypr": [
                117.00003051757813,
                0.0,
                -0.0
            ]
        },
        {
            "name": "Land_Wreck_V3S",
            "pos": [
                5828.0224609375,
                10.518840789794922,
                2155.08544921875
            ],
            "ypr": [
                -54.0,
                -2.499999761581421,
                2.499999761581421
            ]
        },
        {
            "name": "StaticObj_Furniture_hospital_transport_bed",
            "pos": [
                5822.916015625,
                8.928502082824707,
                2155.77099609375
            ],
            "ypr": [
                -8.999988555908204,
                0.0,
                0.0
            ]
        },
        {
            "name": "StaticObj_Furniture_patient_monitor",
            "pos": [
                5822.23193359375,
                8.915289878845215,
                2155.68505859375
            ],
            "ypr": [
                27.0,
                -0.0,
                -0.0
            ]
        },
        {
            "name": "StartKitIV",
            "pos": [
                5822.2099609375,
                9.918379783630371,
                2155.5556640625
            ],
            "ypr": [
                20.955698013305665,
                10.999999046325684,
                0.0
            ]
        },
        {
            "name": "StartKitIV",
            "pos": [
                5822.2060546875,
                9.920003890991211,
                2155.77099609375
            ],
            "ypr": [
                117.12542724609375,
                10.993565559387207,
                0.0
            ]
        },
        {
            "name": "FirstAidKit",
            "pos": [
                5822.27978515625,
                9.914690017700196,
                2155.671630859375
            ],
            "ypr": [
                -63.0,
                -26.499998092651368,
                0.0
            ]
        },
        {
            "name": "Land_Wreck_Volha_Blue",
            "pos": [
                5789.0263671875,
                9.58676528930664,
                2154.50341796875
            ],
            "ypr": [
                -134.99990844726563,
                0.0,
                -0.0
            ]
        },
        {
            "name": "Land_Wreck_hb01_aban2_blue",
            "pos": [
                5782.82666015625,
                9.73064136505127,
                2151.322021484375
            ],
            "ypr": [
                -107.99993896484375,
                0.0,
                -0.0
            ]
        },
        {
            "name": "Land_Wreck_hb02_aban1_black",
            "pos": [
                5758.80908203125,
                9.350042343139649,
                2151.555908203125
            ],
            "ypr": [
                90.00003814697266,
                0.0,
                -0.0
            ]
        },
        {
            "name": "Land_Wreck_Ikarus",
            "pos": [
                5768.97021484375,
                9.98509693145752,
                2146.429931640625
            ],
            "ypr": [
                -108.0,
                -0.4999999701976776,
                0.0
            ]
        },
        {
            "name": "Land_Wreck_sed01_aban2_white",
            "pos": [
                5758.52734375,
                9.245040893554688,
                2142.570068359375
            ],
            "ypr": [
                -107.99999237060547,
                0.0,
                -0.0
            ]
        },
        {
            "name": "Land_Wreck_Volha_Grey",
            "pos": [
                5746.12353515625,
                8.93985652923584,
                2136.054931640625
            ],
            "ypr": [
                -98.99993133544922,
                0.0,
                -0.0
            ]
        },
        {
            "name": "Land_Wreck_S1023_Blue",
            "pos": [
                5738.43017578125,
                9.17370319366455,
                2135.889892578125
            ],
            "ypr": [
                -117.0,
                -1.5,
                0.0
            ]
        },
        {
            "name": "Land_Wreck_hb01_aban2_green",
            "pos": [
                5731.9736328125,
                9.023163795471192,
                2133.994384765625
            ],
            "ypr": [
                -107.99993896484375,
                0.0,
                -0.0
            ]
        },
        {
            "name": "Land_Wreck_hb02_aban2_blue",
            "pos": [
                5707.34814453125,
                8.587662696838379,
                2131.044189453125
            ],
            "ypr": [
                62.99997329711914,
                -0.0,
                -0.0
            ]
        },
        {
            "name": "Land_Wreck_sed01_aban1_black",
            "pos": [
                5714.98876953125,
                8.688720703125,
                2134.662353515625
            ],
            "ypr": [
                80.99995422363281,
                -0.0,
                -0.0
            ]
        },
        {
            "name": "Land_Wreck_sed02_aban1_grey",
            "pos": [
                5722.94580078125,
                8.814584732055664,
                2135.82861328125
            ],
            "ypr": [
                71.99995422363281,
                -0.0,
                -0.0
            ]
        },
        {
            "name": "Land_Wreck_Volha_Blue",
            "pos": [
                5678.18701171875,
                8.214417457580567,
                2114.9140625
            ],
            "ypr": [
                -116.99994659423828,
                0.0,
                -0.0
            ]
        },
        {
            "name": "Land_Wreck_Ikarus",
            "pos": [
                5644.96435546875,
                8.646230697631836,
                2110.24462890625
            ],
            "ypr": [
                72.00001525878906,
                -0.0,
                -0.0
            ]
        },
        {
            "name": "Land_Wreck_Lada_Red",
            "pos": [
                5639.33251953125,
                7.910181522369385,
                2105.825439453125
            ],
            "ypr": [
                -135.00001525878907,
                0.0,
                -0.0
            ]
        },
        {
            "name": "StaticObj_Tisy_Garages_Grass_L",
            "pos": [
                5657.3740234375,
                0.2265080213546753,
                2112.7978515625
            ],
            "ypr": [
                -98.99993133544922,
                0.0,
                -0.0
            ]
        },
        {
            "name": "StaticObj_Mil_ReinforcedTank1_Grass",
            "pos": [
                5642.38232421875,
                0.6786074638366699,
                2107.09130859375
            ],
            "ypr": [
                0.0,
                -0.0,
                -0.0
            ]
        },
        {
            "name": "StaticObj_Tisy_Garages_Grass_L",
            "pos": [
                5691.5498046875,
                0.5331109762191773,
                2125.7099609375
            ],
            "ypr": [
                -108.0,
                1.9999998807907105,
                0.0
            ]
        },
        {
            "name": "StaticObj_Mil_ReinforcedTank1_Grass",
            "pos": [
                5714.22802734375,
                1.4475111961364747,
                2132.781494140625
            ],
            "ypr": [
                0.0,
                -0.0,
                -0.0
            ]
        },
        {
            "name": "StaticObj_Mil_ReinforcedTank1_Grass",
            "pos": [
                5709.123046875,
                1.4475111961364747,
                2131.680419921875
            ],
            "ypr": [
                75.22401428222656,
                -0.0,
                -0.0
            ]
        },
        {
            "name": "StaticObj_Mil_ReinforcedTank1_Grass",
            "pos": [
                5734.77490234375,
                1.640018105506897,
                2139.25048828125
            ],
            "ypr": [
                -53.74323654174805,
                -0.0,
                -0.0
            ]
        },
        {
            "name": "StaticObj_Mil_ReinforcedTank1_Grass",
            "pos": [
                5732.64599609375,
                1.640018105506897,
                2134.483154296875
            ],
            "ypr": [
                21.480918884277345,
                -0.0,
                -0.0
            ]
        },
        {
            "name": "StaticObj_Tisy_Garages_Grass_L",
            "pos": [
                5773.990234375,
                1.4864609241485596,
                2155.3701171875
            ],
            "ypr": [
                -98.9998779296875,
                1.9999996423721314,
                0.9999998211860657
            ]
        },
        {
            "name": "StaticObj_Mil_ReinforcedTank1_Grass",
            "pos": [
                5763.658203125,
                2.0109877586364748,
                2145.880859375
            ],
            "ypr": [
                0.0,
                -0.0,
                -0.0
            ]
        },
        {
            "name": "StaticObj_Mil_ReinforcedTank1_Grass",
            "pos": [
                5765.8603515625,
                2.143490791320801,
                2148.66650390625
            ],
            "ypr": [
                61.99082946777344,
                -0.0,
                -0.0
            ]
        },
        {
            "name": "StaticObj_Mil_ReinforcedTank1_Grass",
            "pos": [
                5765.8603515625,
                2.4809985160827638,
                2148.66650390625
            ],
            "ypr": [
                61.99082946777344,
                -0.0,
                -0.0
            ]
        },
        {
            "name": "StaticObj_Tisy_Garages_Grass_R",
            "pos": [
                5759.1884765625,
                1.2914490699768067,
                2143.81787109375
            ],
            "ypr": [
                -117.00003051757813,
                0.0,
                -0.0
            ]
        },
        {
            "name": "StaticObj_Mil_ReinforcedTank1_Grass",
            "pos": [
                5770.66162109375,
                2.2847323417663576,
                2152.278564453125
            ],
            "ypr": [
                0.0,
                -0.0,
                -0.0
            ]
        },
        {
            "name": "StaticObj_Tisy_Garages_Grass_R",
            "pos": [
                5816.2578125,
                1.6927852630615235,
                2168.513671875
            ],
            "ypr": [
                71.99995422363281,
                -0.0,
                -0.0
            ]
        },
        {
            "name": "StaticObj_Mil_ReinforcedTank1_Grass",
            "pos": [
                5827.21533203125,
                2.520108699798584,
                2170.406982421875
            ],
            "ypr": [
                0.0,
                -0.0,
                -0.0
            ]
        },
        {
            "name": "StaticObj_Tisy_Garages_Grass_L",
            "pos": [
                5874.150390625,
                1.9771203994750977,
                2187.573486328125
            ],
            "ypr": [
                -107.99993896484375,
                0.0,
                -0.0
            ]
        },
        {
            "name": "StaticObj_Mil_ReinforcedTank1_Grass",
            "pos": [
                5868.12451171875,
                2.4069037437438967,
                2181.396484375
            ],
            "ypr": [
                0.0,
                0.0,
                0.0
            ]
        },
        {
            "name": "StaticObj_Tisy_Garages_Grass_R",
            "pos": [
                5857.89990234375,
                1.7337158918380738,
                2181.080078125
            ],
            "ypr": [
                71.99989318847656,
                1.9999998807907105,
                0.0
            ]
        },
        {
            "name": "StaticObj_Mil_ReinforcedTank1_Grass",
            "pos": [
                5941.82861328125,
                2.6822009086608888,
                2198.615478515625
            ],
            "ypr": [
                0.0,
                -0.0,
                -0.0
            ]
        },
        {
            "name": "StaticObj_Tisy_Garages_Grass_R",
            "pos": [
                5947.77978515625,
                1.694481611251831,
                2203.239990234375
            ],
            "ypr": [
                -117.0,
                3.0,
                -4.999999523162842
            ]
        },
        {
            "name": "StaticObj_Mil_ReinforcedTank1_Grass",
            "pos": [
                5924.59228515625,
                2.6569151878356935,
                2200.664306640625
            ],
            "ypr": [
                0.0,
                -0.0,
                -0.0
            ]
        },
        {
            "name": "StaticObj_Mil_HBarrier_4m",
            "pos": [
                5903.02734375,
                9.593764305114746,
                2212.31640625
            ],
            "ypr": [
                178.0642852783203,
                -0.0,
                -0.0
            ]
        },
        {
            "name": "StaticObj_Mil_HBarrier_6m",
            "pos": [
                5910.68603515625,
                9.669368743896485,
                2212.257568359375
            ],
            "ypr": [
                0.0,
                -0.0,
                -0.0
            ]
        },
        {
            "name": "StaticObj_Mil_HBarrier_Round",
            "pos": [
                5916.2939453125,
                9.749469757080079,
                2213.437255859375
            ],
            "ypr": [
                -17.99982452392578,
                0.0,
                0.0
            ]
        },
        {
            "name": "StaticObj_Mil_HBarrier_4m",
            "pos": [
                5918.14599609375,
                9.71065902709961,
                2220.70703125
            ],
            "ypr": [
                0.0,
                -0.0,
                -0.0
            ]
        },
        {
            "name": "Land_Container_1Mo",
            "pos": [
                5891.83056640625,
                10.205841064453125,
                2214.578857421875
            ],
            "ypr": [
                71.99995422363281,
                -0.0,
                -0.0
            ]
        },
        {
            "name": "Land_Container_1Moh",
            "pos": [
                5917.990234375,
                10.384499549865723,
                2218.179931640625
            ],
            "ypr": [
                91.5,
                0.0,
                0.0
            ]
        },
        {
            "name": "StaticObj_Misc_WoodenCrate",
            "pos": [
                5914.82958984375,
                9.46216106414795,
                2213.94091796875
            ],
            "ypr": [
                -107.99993896484375,
                0.0,
                -0.0
            ]
        },
        {
            "name": "StaticObj_Furniture_metalcrate",
            "pos": [
                5913.57861328125,
                9.049795150756836,
                2213.79052734375
            ],
            "ypr": [
                9.0,
                -0.0,
                -0.0
            ]
        },
        {
            "name": "StaticObj_Misc_WoodenCrate_5x",
            "pos": [
                5908.2431640625,
                10.001871109008789,
                2213.8095703125
            ],
            "ypr": [
                -2.589540481567383,
                -0.0,
                -0.0
            ]
        },
        {
            "name": "StaticObj_Misc_WoodenCrate_3x",
            "pos": [
                5906.9501953125,
                9.734453201293946,
                2211.87939453125
            ],
            "ypr": [
                -107.99993896484375,
                0.0,
                -0.0
            ]
        },
        {
            "name": "Land_Roadblock_Table",
            "pos": [
                5909.51806640625,
                9.452091217041016,
                2214.171630859375
            ],
            "ypr": [
                -89.99994659423828,
                0.0,
                0.0
            ]
        },
        {
            "name": "StaticObj_Misc_Table_Camp_Small",
            "pos": [
                5907.3359375,
                9.46675968170166,
                2219.47705078125
            ],
            "ypr": [
                -18.0,
                0.0,
                0.0
            ]
        },
        {
            "name": "Land_Roadblock_Table",
            "pos": [
                5902.98095703125,
                9.419379234313965,
                2213.9560546875
            ],
            "ypr": [
                18.0,
                -0.0,
                -0.0
            ]
        },
        {
            "name": "StaticObj_Misc_Chair_Camp1",
            "pos": [
                5903.53076171875,
                9.492325782775879,
                2214.399169921875
            ],
            "ypr": [
                44.99999237060547,
                -0.0,
                -0.0
            ]
        },
        {
            "name": "StaticObj_Misc_Chair_Camp2",
            "pos": [
                5910.25,
                9.524598121643067,
                2213.625
            ],
            "ypr": [
                152.99990844726563,
                0.0,
                -0.0
            ]
        },
        {
            "name": "StaticObj_Misc_Gunrack",
            "pos": [
                5908.50146484375,
                9.407949447631836,
                2215.023193359375
            ],
            "ypr": [
                80.99995422363281,
                -0.0,
                -0.0
            ]
        },
        {
            "name": "StaticObj_Roadblock_Pillbox",
            "pos": [
                5949.919921875,
                10.344697952270508,
                2197.245361328125
            ],
            "ypr": [
                -26.999950408935548,
                0.0,
                0.0
            ]
        },
        {
            "name": "StaticObj_Misc_BoxWooden",
            "pos": [
                5947.9501953125,
                9.691886901855469,
                2194.219970703125
            ],
            "ypr": [
                0.0,
                -3.0,
                -4.500000476837158
            ]
        },
        {
            "name": "StaticObj_Misc_BoxWooden",
            "pos": [
                5946.85009765625,
                9.687272071838379,
                2193.449951171875
            ],
            "ypr": [
                154.63099670410157,
                -3.0,
                -1.9999998807907105
            ]
        },
        {
            "name": "StaticObj_Misc_WoodenCrate",
            "pos": [
                5949.7314453125,
                9.590417861938477,
                2198.086669921875
            ],
            "ypr": [
                -35.99998474121094,
                0.0,
                0.0
            ]
        },
        {
            "name": "StaticObj_Misc_WoodenCrate_3x",
            "pos": [
                5949.51416015625,
                9.936010360717774,
                2200.89599609375
            ],
            "ypr": [
                -171.0001220703125,
                0.0,
                -0.0
            ]
        },
        {
            "name": "StaticObj_Furniture_metalcrate",
            "pos": [
                5946.9111328125,
                9.167686462402344,
                2198.762451171875
            ],
            "ypr": [
                44.99999237060547,
                -0.0,
                -0.0
            ]
        },
        {
            "name": "Land_Wreck_Uaz",
            "pos": [
                5944.0498046875,
                10.081732749938965,
                2198.293212890625
            ],
            "ypr": [
                -143.99989318847657,
                0.0,
                -0.0
            ]
        },
        {
            "name": "Land_Wreck_Ikarus",
            "pos": [
                5981.169921875,
                11.440400123596192,
                2217.860107421875
            ],
            "ypr": [
                72.00000762939453,
                1.9999998807907105,
                0.0
            ]
        },
        {
            "name": "Land_Wreck_hb01_aban1_blue",
            "pos": [
                5990.34228515625,
                11.382407188415528,
                2220.712646484375
            ],
            "ypr": [
                80.99995422363281,
                -0.0,
                -0.0
            ]
        },
        {
            "name": "Land_Wreck_S1023_Blue",
            "pos": [
                5996.09814453125,
                11.313752174377442,
                2221.1201171875
            ],
            "ypr": [
                71.99994659423828,
                -0.0,
                -0.0
            ]
        },
        {
            "name": "Land_Wreck_sed01_aban1_wine",
            "pos": [
                6002.0927734375,
                11.043439865112305,
                2223.426025390625
            ],
            "ypr": [
                71.99995422363281,
                -0.0,
                -0.0
            ]
        },
        {
            "name": "Land_Wreck_hb02_aban1_red",
            "pos": [
                6007.9462890625,
                11.1251220703125,
                2224.88134765625
            ],
            "ypr": [
                71.99995422363281,
                -0.0,
                -0.0
            ]
        },
        {
            "name": "Land_Wreck_sed02_aban2_grey",
            "pos": [
                6020.81005859375,
                11.171603202819825,
                2227.1201171875
            ],
            "ypr": [
                72.00000762939453,
                0.9999999403953552,
                0.0
            ]
        },
        {
            "name": "Land_Wreck_Volha_Grey",
            "pos": [
                6014.541015625,
                11.096880912780762,
                2226.146728515625
            ],
            "ypr": [
                81.00000762939453,
                -0.0,
                -0.0
            ]
        },
        {
            "name": "Land_Wreck_sed01_aban2_black",
            "pos": [
                6039.5,
                11.619400024414063,
                2233.1201171875
            ],
            "ypr": [
                72.00000762939453,
                1.5,
                0.0
            ]
        },
        {
            "name": "Land_Wreck_hb02_aban1_blue",
            "pos": [
                6046.38818359375,
                11.738166809082032,
                2234.54296875
            ],
            "ypr": [
                80.99995422363281,
                -0.0,
                -0.0
            ]
        },
        {
            "name": "Land_Wreck_sed02_aban1_red",
            "pos": [
                6053.0732421875,
                11.838303565979004,
                2237.089111328125
            ],
            "ypr": [
                71.99994659423828,
                -0.0,
                -0.0
            ]
        },
        {
            "name": "Land_Wreck_Volha_Blue",
            "pos": [
                6058.93115234375,
                11.732061386108399,
                2237.502685546875
            ],
            "ypr": [
                71.99995422363281,
                -0.0,
                -0.0
            ]
        },
        {
            "name": "Land_Wreck_hb01_aban1_green",
            "pos": [
                6081.9189453125,
                12.53487491607666,
                2246.1728515625
            ],
            "ypr": [
                89.99995422363281,
                -0.0,
                -0.0
            ]
        },
        {
            "name": "Land_Wreck_sed01_aban1_black",
            "pos": [
                6095.60009765625,
                12.435604095458985,
                2248.669921875
            ],
            "ypr": [
                71.99989318847656,
                0.9999999403953552,
                0.0
            ]
        },
        {
            "name": "Land_Wreck_Ikarus",
            "pos": [
                6076.5,
                12.767297744750977,
                2237.9541015625
            ],
            "ypr": [
                -107.99993896484375,
                0.0,
                -0.0
            ]
        },
        {
            "name": "StaticObj_Wreck_HMMWV",
            "pos": [
                5827.8935546875,
                9.866621971130371,
                2174.201171875
            ],
            "ypr": [
                -18.0,
                0.0,
                0.0
            ]
        },
        {
            "name": "StaticObj_Wreck_BMP1",
            "pos": [
                5947.27197265625,
                10.40035343170166,
                2189.793701171875
            ],
            "ypr": [
                -80.99995422363281,
                0.0,
                0.0
            ]
        },
        {
            "name": "StaticObj_Wreck_BMP2",
            "pos": [
                5955.41015625,
                10.335237503051758,
                2219.3798828125
            ],
            "ypr": [
                -125.99999237060547,
                3.499999761581421,
                9.499999046325684
            ]
        },
        {
            "name": "StaticObj_Misc_ConcreteBlock2_Damaged",
            "pos": [
                5826.14208984375,
                9.34481430053711,
                2181.818603515625
            ],
            "ypr": [
                -161.9998779296875,
                0.0,
                -0.0
            ]
        },
        {
            "name": "StaticObj_Misc_ConcreteBlock2_Damaged",
            "pos": [
                5829.431640625,
                9.34532356262207,
                2178.773193359375
            ],
            "ypr": [
                57.942562103271487,
                0.0,
                -0.0
            ]
        },
        {
            "name": "StaticObj_Misc_Barbedwire",
            "pos": [
                5960.16015625,
                9.498498916625977,
                2226.909912109375
            ],
            "ypr": [
                -117.0,
                1.9999998807907105,
                7.999999523162842
            ]
        },
        {
            "name": "StaticObj_Misc_Barbedwire",
            "pos": [
                5961.7958984375,
                10.160985946655274,
                2218.6640625
            ],
            "ypr": [
                98.99993133544922,
                0.0,
                -0.0
            ]
        },
        {
            "name": "StaticObj_Misc_Barbedwire",
            "pos": [
                5963.919921875,
                10.825599670410157,
                2189.7900390625
            ],
            "ypr": [
                107.99999237060547,
                0.0,
                -4.5
            ]
        },
        {
            "name": "StaticObj_Misc_Barbedwire",
            "pos": [
                5965.49462890625,
                10.640033721923829,
                2199.760498046875
            ],
            "ypr": [
                53.99995803833008,
                -0.0,
                -0.0
            ]
        },
        {
            "name": "StaticObj_Misc_Barbedwire",
            "pos": [
                5798.55908203125,
                9.720794677734375,
                2169.192626953125
            ],
            "ypr": [
                53.99995803833008,
                -0.0,
                -0.0
            ]
        },
        {
            "name": "StaticObj_Misc_Barbedwire",
            "pos": [
                5796.759765625,
                9.653770446777344,
                2176.27001953125
            ],
            "ypr": [
                94.05498504638672,
                1.9999998807907105,
                0.9999999403953552
            ]
        },
        {
            "name": "StaticObj_Misc_Barbedwire",
            "pos": [
                5794.4609375,
                9.707653045654297,
                2148.17822265625
            ],
            "ypr": [
                62.99997329711914,
                -0.0,
                -0.0
            ]
        },
        {
            "name": "StaticObj_Misc_Barbedwire",
            "pos": [
                5792.1923828125,
                9.629847526550293,
                2141.612060546875
            ],
            "ypr": [
                107.99993896484375,
                0.0,
                -0.0
            ]
        },
        {
            "name": "StaticObj_Misc_Barbedwire",
            "pos": [
                5794.02978515625,
                9.586803436279297,
                2134.2099609375
            ],
            "ypr": [
                53.999996185302737,
                0.0,
                -1.9999998807907105
            ]
        },
        {
            "name": "Land_Container_1Mo",
            "pos": [
                5805.30810546875,
                10.121469497680664,
                2146.93603515625
            ],
            "ypr": [
                -98.99993133544922,
                0.0,
                -0.0
            ]
        },
        {
            "name": "StaticObj_Container_2E",
            "pos": [
                5804.03076171875,
                11.576972961425782,
                2143.940673828125
            ],
            "ypr": [
                -90.00003814697266,
                0.0,
                -0.0
            ]
        },
        {
            "name": "Land_Container_1Bo",
            "pos": [
                5805.9599609375,
                10.159587860107422,
                2141.0
            ],
            "ypr": [
                -108.0,
                -0.4999999701976776,
                0.9999998211860657
            ]
        },
        {
            "name": "StaticObj_Container_1D",
            "pos": [
                5806.0673828125,
                12.754090309143067,
                2140.7421875
            ],
            "ypr": [
                80.99992370605469,
                -0.0,
                -0.0
            ]
        },
        {
            "name": "StaticObj_Container_2C",
            "pos": [
                5806.951171875,
                11.559372901916504,
                2138.04345703125
            ],
            "ypr": [
                -105.35800170898438,
                0.4999999701976776,
                1.5000001192092896
            ]
        },
        {
            "name": "StaticObj_Mil_HBarrier_Round",
            "pos": [
                5806.72802734375,
                9.560461044311524,
                2152.700439453125
            ],
            "ypr": [
                -171.0001220703125,
                0.0,
                -0.0
            ]
        },
        {
            "name": "StaticObj_Mil_HBarrier_4m",
            "pos": [
                5799.93505859375,
                9.515717506408692,
                2151.5244140625
            ],
            "ypr": [
                -18.0,
                0.0,
                0.0
            ]
        },
        {
            "name": "StaticObj_Roadblock_CncBlock",
            "pos": [
                5795.84619140625,
                9.282448768615723,
                2156.65234375
            ],
            "ypr": [
                62.99997329711914,
                -0.0,
                -0.0
            ]
        },
        {
            "name": "Land_Roadblock_Table",
            "pos": [
                5796.84228515625,
                9.362611770629883,
                2152.25390625
            ],
            "ypr": [
                9.0,
                -0.0,
                -0.0
            ]
        },
        {
            "name": "StaticObj_Misc_Chair_Camp1",
            "pos": [
                5797.39990234375,
                9.432212829589844,
                2152.81005859375
            ],
            "ypr": [
                35.999996185302737,
                0.9999999403953552,
                0.9999999403953552
            ]
        },
        {
            "name": "StaticObj_Misc_WoodenCrate",
            "pos": [
                5796.73779296875,
                9.225621223449707,
                2156.155029296875
            ],
            "ypr": [
                62.999961853027347,
                -0.0,
                -0.0
            ]
        },
        {
            "name": "StaticObj_Tisy_Garages_Grass_R",
            "pos": [
                5993.06005859375,
                3.023815155029297,
                2221.179931640625
            ],
            "ypr": [
                80.9999008178711,
                0.9999999403953552,
                -1.9999998807907105
            ]
        },
        {
            "name": "StaticObj_Mil_ReinforcedTank1_Grass",
            "pos": [
                5985.59375,
                3.641005516052246,
                2219.02587890625
            ],
            "ypr": [
                0.0,
                -0.0,
                -0.0
            ]
        },
        {
            "name": "StaticObj_Tisy_Garages_Grass_R",
            "pos": [
                5982.21044921875,
                2.7001900672912599,
                2216.497802734375
            ],
            "ypr": [
                80.99995422363281,
                -0.0,
                -0.0
            ]
        },
        {
            "name": "StaticObj_Tisy_Garages_Grass_L",
            "pos": [
                6028.43994140625,
                3.347667932510376,
                2223.860107421875
            ],
            "ypr": [
                80.99999237060547,
                1.9999998807907105,
                4.500000476837158
            ]
        },
        {
            "name": "StaticObj_Mil_ReinforcedTank2_Grass_Top",
            "pos": [
                6029.47705078125,
                1.8177165985107422,
                2232.255859375
            ],
            "ypr": [
                0.0,
                -0.0,
                -0.0
            ]
        },
        {
            "name": "StaticObj_Mil_ReinforcedTank1_Grass",
            "pos": [
                6025.08154296875,
                4.225026607513428,
                2227.87646484375
            ],
            "ypr": [
                0.0,
                -0.0,
                -0.0
            ]
        },
        {
            "name": "StaticObj_Tisy_Garages_Grass_R",
            "pos": [
                6020.419921875,
                3.155148983001709,
                2220.840087890625
            ],
            "ypr": [
                -108.0,
                1.5,
                -2.5
            ]
        },
        {
            "name": "StaticObj_Mil_ReinforcedTank1_Grass",
            "pos": [
                6099.4990234375,
                5.153146266937256,
                2248.3623046875
            ],
            "ypr": [
                0.0,
                -0.0,
                -0.0
            ]
        },
        {
            "name": "StaticObj_Tisy_Garages_Grass_L",
            "pos": [
                6109.044921875,
                4.5163774490356449,
                2246.4169921875
            ],
            "ypr": [
                71.99995422363281,
                -0.0,
                -0.0
            ]
        },
        {
            "name": "StaticObj_Tisy_Garages_Grass_R",
            "pos": [
                6095.85986328125,
                4.22023344039917,
                2247.31005859375
            ],
            "ypr": [
                -125.99999237060547,
                1.5,
                -5.499999523162842
            ]
        }
    ]
}