{
    "Objects": [
        {
            "name": "Land_Construction_Building",
            "pos": [
                13225.599609375,
                12.722900390625,
                7175.89013671875
            ],
            "ypr": [
                -24.499998092651368,
                0.0,
                0.0
            ]
        },
        {
            "name": "Land_Tisy_Barracks",
            "pos": [
                13271.3447265625,
                12.033740997314454,
                6874.3681640625
            ],
            "ypr": [
                -13.999981880187989,
                0.0,
                0.0
            ]
        },
        {
            "name": "Land_Tisy_KitchenRoom",
            "pos": [
                13319.78125,
                10.663728713989258,
                6837.14306640625
            ],
            "ypr": [
                -15.999994277954102,
                0.0,
                0.0
            ]
        },
        {
            "name": "Land_Mil_Barracks6",
            "pos": [
                13322.333984375,
                6.03182315826416,
                6776.14990234375
            ],
            "ypr": [
                -15.999994277954102,
                0.0,
                0.0
            ]
        },
        {
            "name": "Land_Mil_Barracks6",
            "pos": [
                13283.2802734375,
                5.892693996429443,
                6764.27099609375
            ],
            "ypr": [
                164.00062561035157,
                0.0,
                0.0
            ]
        },
        {
            "name": "Land_Mil_Barracks2",
            "pos": [
                13251.8330078125,
                8.677360534667969,
                6838.193359375
            ],
            "ypr": [
                -15.999994277954102,
                0.0,
                0.0
            ]
        },
        {
            "name": "Land_Mil_Barracks1",
            "pos": [
                13258.33203125,
                9.302712440490723,
                6816.2333984375
            ],
            "ypr": [
                -15.999977111816407,
                0.0,
                0.0
            ]
        },
        {
            "name": "Land_Mil_Barracks3",
            "pos": [
                13264.5908203125,
                8.117534637451172,
                6789.45458984375
            ],
            "ypr": [
                -106.99974822998047,
                0.0,
                0.0
            ]
        },
        {
            "name": "Land_Mil_Tent_Big3",
            "pos": [
                13292.005859375,
                8.3602933883667,
                6849.77685546875
            ],
            "ypr": [
                -15.999994277954102,
                0.0,
                0.0
            ]
        },
        {
            "name": "Land_Mil_Tent_Big2_5",
            "pos": [
                13272.2685546875,
                9.572839736938477,
                6849.4697265625
            ],
            "ypr": [
                -13.999981880187989,
                0.0,
                0.0
            ]
        },
        {
            "name": "Land_Mil_Tent_Big2_3",
            "pos": [
                13303.681640625,
                8.603324890136719,
                6828.94140625
            ],
            "ypr": [
                75.99987030029297,
                0.0,
                0.0
            ]
        },
        {
            "name": "Land_Mil_Tent_Big4",
            "pos": [
                13278.3095703125,
                8.420015335083008,
                6828.119140625
            ],
            "ypr": [
                -13.999992370605469,
                0.0,
                0.0
            ]
        },
        {
            "name": "Land_Mil_Tent_Big1_2",
            "pos": [
                13291.857421875,
                6.9814558029174809,
                6823.009765625
            ],
            "ypr": [
                -15.999994277954102,
                0.0,
                0.0
            ]
        },
        {
            "name": "Land_Mil_Tent_Big3",
            "pos": [
                13287.7978515625,
                7.145427227020264,
                6797.98046875
            ],
            "ypr": [
                71.99978637695313,
                0.0,
                0.0
            ]
        },
        {
            "name": "Land_Mil_Tent_Big2_1",
            "pos": [
                13324.189453125,
                7.851350784301758,
                6805.75048828125
            ],
            "ypr": [
                69.99979400634766,
                0.0,
                0.0
            ]
        },
        {
            "name": "Land_Mil_Tent_Big4",
            "pos": [
                13306.61328125,
                7.253320217132568,
                6807.97216796875
            ],
            "ypr": [
                -16.99999237060547,
                0.0,
                0.0
            ]
        },
        {
            "name": "Land_Mil_ATC_Big",
            "pos": [
                13189.0078125,
                23.457958221435548,
                6806.0146484375
            ],
            "ypr": [
                -15.999977111816407,
                0.0,
                0.0
            ]
        },
        {
            "name": "Land_Mil_Fortified_Nest_Watchtower",
            "pos": [
                13182.603515625,
                19.684913635253908,
                6794.32666015625
            ],
            "ypr": [
                -16.999988555908204,
                0.0,
                0.0
            ]
        },
        {
            "name": "Land_Castle_Stairs_nolc",
            "pos": [
                13047.4306640625,
                31.881282806396486,
                7131.80517578125
            ],
            "ypr": [
                80.99992370605469,
                0.0,
                0.0
            ]
        },
        {
            "name": "Land_Castle_Stairs_nolc",
            "pos": [
                13047.2529296875,
                31.900650024414064,
                7142.70068359375
            ],
            "ypr": [
                -113.99962615966797,
                0.0,
                0.0
            ]
        },
        {
            "name": "Land_CementWorks_ExpeditionB",
            "pos": [
                13033.2314453125,
                37.435420989990237,
                7135.1318359375
            ],
            "ypr": [
                72.9997787475586,
                0.0,
                0.0
            ]
        },
        {
            "name": "Land_Mil_Fortified_Nest_Big",
            "pos": [
                13261.169921875,
                16.574382781982423,
                6871.3818359375
            ],
            "ypr": [
                75.99987030029297,
                0.0,
                0.0
            ]
        },
        {
            "name": "Land_Mil_Fortified_Nest_Small",
            "pos": [
                13283.6533203125,
                16.760711669921876,
                6877.34521484375
            ],
            "ypr": [
                -103.9999008178711,
                0.0,
                0.0
            ]
        },
        {
            "name": "Land_Container_1Bo",
            "pos": [
                13073.95703125,
                9.150483131408692,
                6941.11767578125
            ],
            "ypr": [
                0.0,
                0.0,
                0.0
            ]
        },
        {
            "name": "Land_Container_1Bo",
            "pos": [
                13085.1171875,
                8.538834571838379,
                6970.32568359375
            ],
            "ypr": [
                -89.99998474121094,
                0.0,
                90.0
            ]
        },
        {
            "name": "Land_Container_1Bo",
            "pos": [
                13135.314453125,
                8.425943374633789,
                6958.458984375
            ],
            "ypr": [
                35.0,
                0.0,
                0.0
            ]
        },
        {
            "name": "Land_Container_1Bo",
            "pos": [
                13120.0322265625,
                8.404178619384766,
                6923.2412109375
            ],
            "ypr": [
                0.0,
                0.0,
                0.0
            ]
        },
        {
            "name": "Land_Container_1Bo",
            "pos": [
                13155.52734375,
                7.199240207672119,
                6925.54736328125
            ],
            "ypr": [
                79.99974060058594,
                0.0,
                0.0
            ]
        },
        {
            "name": "Land_Container_1Mo",
            "pos": [
                13081.337890625,
                8.817773818969727,
                6961.677734375
            ],
            "ypr": [
                0.0,
                0.0,
                0.0
            ]
        },
        {
            "name": "Land_Container_1Mo",
            "pos": [
                13082.7197265625,
                9.02578353881836,
                6931.01123046875
            ],
            "ypr": [
                90.0,
                0.0,
                90.0
            ]
        },
        {
            "name": "Land_Container_1Mo",
            "pos": [
                13161.30859375,
                7.207653045654297,
                6941.42578125
            ],
            "ypr": [
                0.0,
                0.0,
                0.0
            ]
        },
        {
            "name": "Land_Container_1Mo",
            "pos": [
                13134.2431640625,
                8.350465774536133,
                6931.9580078125
            ],
            "ypr": [
                0.0,
                0.0,
                0.0
            ]
        },
        {
            "name": "Land_Container_1Mo",
            "pos": [
                13152.6474609375,
                7.366428852081299,
                6909.2587890625
            ],
            "ypr": [
                0.0,
                0.0,
                0.0
            ]
        },
        {
            "name": "Land_Tisy_RadarB_Base",
            "pos": [
                13100.63671875,
                7.1521100997924809,
                6950.90478515625
            ],
            "ypr": [
                -11.999992370605469,
                0.0,
                0.0
            ]
        },
        {
            "name": "Land_Tisy_RadarB_Antenna",
            "pos": [
                13113.3701171875,
                22.784116744995118,
                6951.1767578125
            ],
            "ypr": [
                0.00010399999155197293,
                -63.999996185302737,
                179.99989318847657
            ]
        },
        {
            "name": "Land_Mil_Tent_Big4",
            "pos": [
                13148.7529296875,
                7.6406569480896,
                6945.3984375
            ],
            "ypr": [
                0.0,
                0.0,
                0.0
            ]
        },
        {
            "name": "Land_Medical_Tent_Big",
            "pos": [
                13136.361328125,
                6.9964799880981449,
                6913.7353515625
            ],
            "ypr": [
                -7.999997138977051,
                0.0,
                0.0
            ]
        },
        {
            "name": "Land_Medical_Tent_Big",
            "pos": [
                13244.14453125,
                6.835697174072266,
                6860.0703125
            ],
            "ypr": [
                -150.99964904785157,
                0.0,
                0.0
            ]
        },
        {
            "name": "Land_Medical_Tent_Big",
            "pos": [
                13302.9951171875,
                6.865423202514648,
                6871.982421875
            ],
            "ypr": [
                -53.9998893737793,
                0.0,
                0.0
            ]
        },
        {
            "name": "Land_Train_Wagon_Box",
            "pos": [
                13179.9169921875,
                7.624496936798096,
                7003.60986328125
            ],
            "ypr": [
                -16.999990463256837,
                0.0,
                0.0
            ]
        },
        {
            "name": "Land_Train_742_Red",
            "pos": [
                13184.6416015625,
                8.003228187561036,
                6989.24267578125
            ],
            "ypr": [
                -16.999977111816408,
                0.0,
                0.0
            ]
        },
        {
            "name": "Land_Train_Wagon_Box",
            "pos": [
                13171.4443359375,
                7.624496936798096,
                7030.8359375
            ],
            "ypr": [
                -16.99999237060547,
                0.0,
                0.0
            ]
        },
        {
            "name": "Land_Train_Wagon_Box",
            "pos": [
                13175.392578125,
                7.624496936798096,
                7017.7333984375
            ],
            "ypr": [
                -16.99999237060547,
                0.0,
                0.0
            ]
        },
        {
            "name": "Land_Train_742_Blue",
            "pos": [
                13187.123046875,
                8.321898460388184,
                6945.80517578125
            ],
            "ypr": [
                -50.999874114990237,
                0.0,
                -90.0
            ]
        },
        {
            "name": "Land_Train_Wagon_Box",
            "pos": [
                13175.2861328125,
                7.624496936798096,
                6980.96533203125
            ],
            "ypr": [
                -34.99993133544922,
                0.0,
                0.0
            ]
        },
        {
            "name": "Land_Train_Wagon_Box",
            "pos": [
                13182.30859375,
                7.624496936798096,
                6963.185546875
            ],
            "ypr": [
                -20.99994659423828,
                0.0,
                -90.0
            ]
        },
        {
            "name": "Land_Monument_T34",
            "pos": [
                13121.072265625,
                6.5212202072143559,
                6976.96923828125
            ],
            "ypr": [
                0.0,
                0.0,
                6.999998092651367
            ]
        },
        {
            "name": "Land_Monument_T34",
            "pos": [
                13159.14453125,
                6.1769118309021,
                6835.95751953125
            ],
            "ypr": [
                -90.0,
                -1.9999990463256837,
                3.999998092651367
            ]
        },
        {
            "name": "Land_Monument_T34",
            "pos": [
                13232.7041015625,
                5.554041862487793,
                7099.74365234375
            ],
            "ypr": [
                90.0,
                0.0,
                7.999997138977051
            ]
        },
        {
            "name": "Land_Medical_Tent_Shower",
            "pos": [
                13136.1611328125,
                7.770255088806152,
                6900.6796875
            ],
            "ypr": [
                -7.999997138977051,
                0.0,
                0.0
            ]
        },
        {
            "name": "Land_Mil_Tent_Big2_1",
            "pos": [
                13113.677734375,
                8.372247695922852,
                6899.29736328125
            ],
            "ypr": [
                0.0,
                0.0,
                0.0
            ]
        },
        {
            "name": "Land_Mil_Tent_Big3",
            "pos": [
                13104.13671875,
                7.803309917449951,
                6975.63037109375
            ],
            "ypr": [
                0.0,
                0.0,
                0.0
            ]
        },
        {
            "name": "Land_Construction_House2",
            "pos": [
                13141.4736328125,
                9.398431777954102,
                6991.8720703125
            ],
            "ypr": [
                163.99984741210938,
                0.0,
                0.0
            ]
        },
        {
            "name": "Land_Construction_House2",
            "pos": [
                13144.419921875,
                9.37958812713623,
                6979.7919921875
            ],
            "ypr": [
                -16.99997901916504,
                0.0,
                0.0
            ]
        },
        {
            "name": "Land_Office_Municipal2",
            "pos": [
                13209.19921875,
                39.0,
                7053.27734375
            ],
            "ypr": [
                -17.999984741210939,
                0.0,
                0.0
            ]
        },
        {
            "name": "Land_Barn_Wood1",
            "pos": [
                13064.1669921875,
                10.928799629211426,
                6909.6669921875
            ],
            "ypr": [
                -37.999996185302737,
                3.0,
                1.9999998807907105
            ]
        },
        {
            "name": "Land_Mil_Airfield_HQ",
            "pos": [
                13193.078125,
                11.83250904083252,
                6875.91796875
            ],
            "ypr": [
                -15.999992370605469,
                0.0,
                0.0
            ]
        },
        {
            "name": "Land_Construction_Building",
            "pos": [
                13248.2001953125,
                14.217499732971192,
                6981.4501953125
            ],
            "ypr": [
                -26.499996185302736,
                0.0,
                0.0
            ]
        },
        {
            "name": "Land_Construction_House1",
            "pos": [
                13243.2001953125,
                23.249799728393556,
                6986.4501953125
            ],
            "ypr": [
                63.999996185302737,
                0.0,
                0.0
            ]
        },
        {
            "name": "Land_Construction_House1",
            "pos": [
                13229.2998046875,
                22.73889923095703,
                6977.47998046875
            ],
            "ypr": [
                -27.0,
                0.0,
                0.0
            ]
        },
        {
            "name": "Land_Mil_Fortified_Nest_Big",
            "pos": [
                13223.5,
                19.180400848388673,
                7182.85986328125
            ],
            "ypr": [
                -114.4990005493164,
                0.0,
                0.0
            ]
        },
        {
            "name": "Wreck_Mi8",
            "pos": [
                13264.400390625,
                10.546799659729004,
                6920.58984375
            ],
            "ypr": [
                50.99989318847656,
                0.9999999403953552,
                5.999999523162842
            ]
        },
        {
            "name": "Wreck_Mi8",
            "pos": [
                13242.099609375,
                8.816659927368164,
                7015.35986328125
            ],
            "ypr": [
                0.4999999701976776,
                0.4999999701976776,
                4.999999046325684
            ]
        },
        {
            "name": "Wreck_Mi8",
            "pos": [
                13189.1328125,
                9.701622009277344,
                6846.13525390625
            ],
            "ypr": [
                46.99992752075195,
                0.0,
                0.0
            ]
        },
        {
            "name": "Land_Mil_Tent_Big3",
            "pos": [
                13163.1748046875,
                7.798605918884277,
                6805.56396484375
            ],
            "ypr": [
                -14.999991416931153,
                0.0,
                0.0
            ]
        },
        {
            "name": "Land_Mil_Barracks3",
            "pos": [
                13145.1103515625,
                8.200923919677735,
                6870.36669921875
            ],
            "ypr": [
                -11.999992370605469,
                0.0,
                0.0
            ]
        },
        {
            "name": "Land_Container_1Bo",
            "pos": [
                13167.2197265625,
                8.5997314453125,
                6858.13671875
            ],
            "ypr": [
                99.99962615966797,
                0.0,
                0.0
            ]
        },
        {
            "name": "Land_Container_1Mo",
            "pos": [
                13146.1787109375,
                7.088818073272705,
                6848.52001953125
            ],
            "ypr": [
                11.999992370605469,
                0.0,
                0.0
            ]
        },
        {
            "name": "Land_Container_1Mo",
            "pos": [
                13205.033203125,
                8.055891036987305,
                6841.81689453125
            ],
            "ypr": [
                32.99997329711914,
                0.0,
                0.0
            ]
        },
        {
            "name": "Land_Mil_Tent_Big3",
            "pos": [
                13248.0,
                7.300000190734863,
                7095.02001953125
            ],
            "ypr": [
                -48.3909912109375,
                0.0,
                0.0
            ]
        },
        {
            "name": "Land_Mil_Tent_Big3",
            "pos": [
                13266.2998046875,
                9.984299659729004,
                6944.68017578125
            ],
            "ypr": [
                -80.5,
                0.4999999701976776,
                0.9999998211860657
            ]
        },
        {
            "name": "Land_Mil_Tent_Big4",
            "pos": [
                13250.3515625,
                10.334320068359375,
                6932.5810546875
            ],
            "ypr": [
                45.0,
                0.0,
                0.0
            ]
        },
        {
            "name": "Land_Mil_Tent_Big4",
            "pos": [
                13219.400390625,
                8.900199890136719,
                7018.419921875
            ],
            "ypr": [
                65.49998474121094,
                0.0,
                0.0
            ]
        },
        {
            "name": "Land_Ship_Big_FrontA",
            "pos": [
                13423.423828125,
                18.82105827331543,
                6686.2421875
            ],
            "ypr": [
                -179.99989318847657,
                0.0,
                0.0
            ]
        },
        {
            "name": "Land_Ship_Big_FrontB",
            "pos": [
                13443.1591796875,
                17.329635620117189,
                6688.541015625
            ],
            "ypr": [
                -179.99989318847657,
                0.0,
                0.0
            ]
        },
        {
            "name": "Land_Ship_Big_BackA",
            "pos": [
                13479.001953125,
                18.70404052734375,
                6689.78515625
            ],
            "ypr": [
                -179.99989318847657,
                0.0,
                0.0
            ]
        },
        {
            "name": "Land_Ship_Big_BackB",
            "pos": [
                13498.052734375,
                17.1800537109375,
                6689.26123046875
            ],
            "ypr": [
                -179.99989318847657,
                0.0,
                0.0
            ]
        },
        {
            "name": "Land_Ship_Big_Castle",
            "pos": [
                13486.7001953125,
                27.339399337768556,
                6689.490234375
            ],
            "ypr": [
                179.99998474121095,
                0.0,
                0.0
            ]
        },
        {
            "name": "Land_Castle_Stairs",
            "pos": [
                12946.9638671875,
                12.870772361755371,
                7011.015625
            ],
            "ypr": [
                0.0,
                0.0,
                0.0
            ]
        }
    ]
}