{
    "Objects": [
        {
            "name": "Land_Pier_Crane_A",
            "pos": [
                1205.1700439453126,
                156.28700256347657,
                6268.72021484375
            ],
            "ypr": [
                58.999996185302737,
                0.0,
                0.0
            ]
        },
        {
            "name": "Land_Pier_Crane_B",
            "pos": [
                1209.5999755859376,
                169.04800415039063,
                6265.10009765625
            ],
            "ypr": [
                38.5,
                0.0,
                0.0
            ]
        },
        {
            "name": "Land_Tank_Medium_Stairs",
            "pos": [
                1217.800048828125,
                158.55499267578126,
                6259.39990234375
            ],
            "ypr": [
                0.0,
                21.0,
                -50.499996185302737
            ]
        },
        {
            "name": "Land_Pipe_Big_Ground2",
            "pos": [
                1227.7164306640626,
                133.1541748046875,
                6217.54931640625
            ],
            "ypr": [
                -89.9999008178711,
                0.0,
                0.0
            ]
        },
        {
            "name": "Land_Pipe_Big_BuildL",
            "pos": [
                1234.969970703125,
                133.3800048828125,
                6223.1201171875
            ],
            "ypr": [
                90.0,
                0.0,
                0.0
            ]
        },
        {
            "name": "Land_Pipe_Big_BuildR",
            "pos": [
                1243.0899658203126,
                133.1999969482422,
                6223.2001953125
            ],
            "ypr": [
                -90.0,
                0.0,
                0.0
            ]
        },
        {
            "name": "Land_Pipe_Big_Ground1",
            "pos": [
                1250.1800537109376,
                132.89999389648438,
                6217.5
            ],
            "ypr": [
                -90.0,
                0.0,
                0.0
            ]
        },
        {
            "name": "Land_Quarry_Main",
            "pos": [
                1135.8699951171876,
                164.31300354003907,
                6216.0400390625
            ],
            "ypr": [
                0.0,
                0.0,
                0.0
            ]
        },
        {
            "name": "Land_Sawmill_Illuminanttower",
            "pos": [
                1258.5400390625,
                159.5679931640625,
                6309.2900390625
            ],
            "ypr": [
                -25.999998092651368,
                0.0,
                0.0
            ]
        },
        {
            "name": "Land_Smokestack_Brick",
            "pos": [
                1158.0704345703126,
                170.9647216796875,
                6193.5048828125
            ],
            "ypr": [
                0.0,
                -0.0,
                -0.0
            ]
        },
        {
            "name": "Land_Tank_Big",
            "pos": [
                1151.0201416015626,
                160.69491577148438,
                6185.20751953125
            ],
            "ypr": [
                0.0,
                -0.0,
                -0.0
            ]
        },
        {
            "name": "Land_Construction_Crane",
            "pos": [
                1251.9300537109376,
                145.53900146484376,
                6245.169921875
            ],
            "ypr": [
                137.0,
                0.0,
                0.0
            ]
        },
        {
            "name": "Land_Container_1Bo",
            "pos": [
                1262.10791015625,
                129.8291473388672,
                6212.45654296875
            ],
            "ypr": [
                0.0,
                -0.0,
                -0.0
            ]
        },
        {
            "name": "Land_Power_VHV_Tower",
            "pos": [
                997.5180053710938,
                208.66700744628907,
                6395.77978515625
            ],
            "ypr": [
                -50.99999237060547,
                0.0,
                0.0
            ]
        },
        {
            "name": "Land_Power_VHV_Tower_Corner",
            "pos": [
                1087.0,
                176.26754760742188,
                6326.740234375
            ],
            "ypr": [
                -51.5,
                0.0,
                0.0
            ]
        },
        {
            "name": "Land_DieselPowerPlant_Tank_Big",
            "pos": [
                1290.70703125,
                132.8393096923828,
                6208.9169921875
            ],
            "ypr": [
                0.0,
                -0.0,
                -0.0
            ]
        },
        {
            "name": "Land_Farm_Hopper2",
            "pos": [
                1168.6429443359376,
                155.73435974121095,
                6237.02294921875
            ],
            "ypr": [
                0.0,
                -0.0,
                -0.0
            ]
        },
        {
            "name": "Land_DieselPowerPlant_Tank_Small",
            "pos": [
                1165.4981689453126,
                155.57350158691407,
                6207.7578125
            ],
            "ypr": [
                0.0,
                -0.0,
                -0.0
            ]
        },
        {
            "name": "Land_Tower_TC5",
            "pos": [
                659.9000244140625,
                321.50494384765627,
                6545.697265625
            ],
            "ypr": [
                0.0,
                -0.0,
                -0.0
            ]
        },
        {
            "name": "Land_Tower_TC6",
            "pos": [
                1254.1700439453126,
                173.44400024414063,
                6336.14990234375
            ],
            "ypr": [
                -10.999999046325684,
                0.0,
                0.0
            ]
        },
        {
            "name": "Land_streambed_sand_short_straight",
            "pos": [
                1227.7945556640626,
                133.23162841796876,
                6267.25048828125
            ],
            "ypr": [
                -29.499998092651368,
                45.000003814697269,
                0.0
            ]
        },
        {
            "name": "Land_streambed_sand_short_straight",
            "pos": [
                1223.30517578125,
                133.38595581054688,
                6264.830078125
            ],
            "ypr": [
                -29.499998092651368,
                45.000003814697269,
                0.0
            ]
        },
        {
            "name": "Land_streambed_sand_short_straight",
            "pos": [
                1225.4171142578126,
                140.05130004882813,
                6272.9296875
            ],
            "ypr": [
                -29.499998092651368,
                45.000003814697269,
                0.0
            ]
        },
        {
            "name": "Land_streambed_sand_short_straight",
            "pos": [
                1220.6787109375,
                140.0576629638672,
                6270.212890625
            ],
            "ypr": [
                -29.499998092651368,
                45.000003814697269,
                0.0
            ]
        },
        {
            "name": "Land_streambed_sand_long_snake",
            "pos": [
                1225.3199462890626,
                130.6739959716797,
                6261.89013671875
            ],
            "ypr": [
                -35.999996185302737,
                37.499996185302737,
                0.0
            ]
        },
        {
            "name": "Land_streambed_sand_long_snake",
            "pos": [
                1228.6500244140626,
                130.5780029296875,
                6263.7001953125
            ],
            "ypr": [
                -35.999996185302737,
                38.0,
                0.0
            ]
        },
        {
            "name": "Land_WindPowerPlant_Grey",
            "pos": [
                1236.1497802734376,
                179.5888671875,
                6050.5634765625
            ],
            "ypr": [
                -179.99996948242188,
                0.0,
                0.0
            ]
        },
        {
            "name": "Land_WindPowerPlant_Grey",
            "pos": [
                1226.0753173828126,
                161.54934692382813,
                6100.990234375
            ],
            "ypr": [
                -179.9999542236328,
                0.0,
                0.0
            ]
        },
        {
            "name": "Land_WindPowerPlant_Grey",
            "pos": [
                1252.258056640625,
                164.6439666748047,
                6138.33740234375
            ],
            "ypr": [
                -179.9999237060547,
                0.0,
                0.0
            ]
        },
        {
            "name": "Land_WindPowerPlant_Grey",
            "pos": [
                1264.75390625,
                180.89248657226563,
                6068.85400390625
            ],
            "ypr": [
                -179.99996948242188,
                0.0,
                0.0
            ]
        },
        {
            "name": "Land_Power_VHV_Tower",
            "pos": [
                893.2340087890625,
                253.02999877929688,
                6476.27001953125
            ],
            "ypr": [
                -80.5,
                0.0,
                0.0
            ]
        },
        {
            "name": "Land_Power_VHV_Tower",
            "pos": [
                716.0349731445313,
                318.8524475097656,
                6535.22021484375
            ],
            "ypr": [
                -61.99999237060547,
                0.0,
                0.0
            ]
        },
        {
            "name": "Land_Tank_Medium_Stairs",
            "pos": [
                1237.43994140625,
                131.01600646972657,
                6233.009765625
            ],
            "ypr": [
                0.0,
                0.0,
                0.0
            ]
        },
        {
            "name": "Dam_Concrete_20_Floodgate",
            "pos": [
                1243.300048828125,
                120.83200073242188,
                6225.56982421875
            ],
            "ypr": [
                0.0,
                0.0,
                0.0
            ]
        },
        {
            "name": "Land_Tank_Medium_Stairs",
            "pos": [
                1237.7332763671876,
                131.4798583984375,
                6230.36669921875
            ],
            "ypr": [
                0.0,
                0.0,
                0.0
            ]
        },
        {
            "name": "Land_Tank_Medium_Stairs",
            "pos": [
                1245.27001953125,
                144.2010040283203,
                6240.580078125
            ],
            "ypr": [
                0.0,
                21.0,
                -50.499996185302737
            ]
        },
        {
            "name": "Land_Tisy_RadarPlatform_Top",
            "pos": [
                1141.6099853515626,
                147.86752319335938,
                6186.009765625
            ],
            "ypr": [
                90.0,
                0.0,
                0.0
            ]
        },
        {
            "name": "Land_Tisy_RadarPlatform_Top",
            "pos": [
                1134.6600341796876,
                149.52000427246095,
                6216.2998046875
            ],
            "ypr": [
                0.0,
                0.0,
                0.0
            ]
        },
        {
            "name": "Land_Roadblock_WoodenCrate",
            "pos": [
                1131.9296875,
                155.50013732910157,
                6196.736328125
            ],
            "ypr": [
                89.99995422363281,
                -0.0,
                -0.0
            ]
        },
        {
            "name": "Land_Roadblock_WoodenCrate",
            "pos": [
                1133.3541259765626,
                155.50013732910157,
                6196.73095703125
            ],
            "ypr": [
                89.99995422363281,
                -0.0,
                -0.0
            ]
        },
        {
            "name": "Land_Roadblock_WoodenCrate",
            "pos": [
                1133.3631591796876,
                155.50013732910157,
                6195.892578125
            ],
            "ypr": [
                89.99995422363281,
                -0.0,
                -0.0
            ]
        },
        {
            "name": "Land_Roadblock_WoodenCrate",
            "pos": [
                1131.949951171875,
                155.5,
                6195.89013671875
            ],
            "ypr": [
                90.0,
                0.0,
                0.0
            ]
        },
        {
            "name": "Land_Roadblock_WoodenCrate",
            "pos": [
                1131.9296875,
                156.10147094726563,
                6196.736328125
            ],
            "ypr": [
                89.99995422363281,
                -0.0,
                -0.0
            ]
        },
        {
            "name": "Land_Roadblock_WoodenCrate",
            "pos": [
                1133.3541259765626,
                156.10232543945313,
                6196.73095703125
            ],
            "ypr": [
                89.99995422363281,
                -0.0,
                -0.0
            ]
        },
        {
            "name": "Land_Farm_WaterTower_Small",
            "pos": [
                1180.862060546875,
                149.17596435546876,
                6199.873046875
            ],
            "ypr": [
                0.0,
                -0.0,
                -0.0
            ]
        },
        {
            "name": "Land_Misc_Through_Static",
            "pos": [
                1224.2989501953126,
                128.98899841308595,
                6242.92138671875
            ],
            "ypr": [
                0.0,
                -0.0,
                -0.0
            ]
        },
        {
            "name": "Land_CementWorks_MillC",
            "pos": [
                1131.7099609375,
                167.468994140625,
                6184.330078125
            ],
            "ypr": [
                178.49998474121095,
                0.0,
                0.0
            ]
        },
        {
            "name": "Land_BusStation_wall_bench",
            "pos": [
                1122.5899658203126,
                156.816650390625,
                6176.830078125
            ],
            "ypr": [
                179.99998474121095,
                0.0,
                0.0
            ]
        },
        {
            "name": "Land_BusStation_wall_bench",
            "pos": [
                1122.5899658203126,
                156.8076171875,
                6179.830078125
            ],
            "ypr": [
                -179.99998474121095,
                0.0,
                0.0
            ]
        },
        {
            "name": "Land_BusStation_wall_bench",
            "pos": [
                1122.5899658203126,
                156.80770874023438,
                6182.830078125
            ],
            "ypr": [
                179.99998474121095,
                0.0,
                0.0
            ]
        },
        {
            "name": "Land_BusStation_wall_bench",
            "pos": [
                1122.5899658203126,
                156.7892608642578,
                6185.830078125
            ],
            "ypr": [
                -179.99998474121095,
                0.0,
                0.0
            ]
        },
        {
            "name": "Land_BusStation_wall_bench",
            "pos": [
                1122.5899658203126,
                156.79232788085938,
                6188.830078125
            ],
            "ypr": [
                179.99998474121095,
                0.0,
                0.0
            ]
        },
        {
            "name": "Land_BusStation_wall_bench",
            "pos": [
                1122.5899658203126,
                156.7767333984375,
                6190.830078125
            ],
            "ypr": [
                -179.99998474121095,
                0.0,
                0.0
            ]
        },
        {
            "name": "Land_BusStation_wall_bench",
            "pos": [
                1122.5899658203126,
                159.87222290039063,
                6190.830078125
            ],
            "ypr": [
                -179.99996948242188,
                0.0,
                0.0
            ]
        },
        {
            "name": "Land_BusStation_wall_bench",
            "pos": [
                1122.5899658203126,
                159.8642578125,
                6188.830078125
            ],
            "ypr": [
                179.99996948242188,
                0.0,
                0.0
            ]
        },
        {
            "name": "Land_BusStation_wall_bench",
            "pos": [
                1122.5899658203126,
                162.017822265625,
                6188.830078125
            ],
            "ypr": [
                179.9999542236328,
                0.0,
                0.0
            ]
        },
        {
            "name": "Land_BusStation_wall_bench",
            "pos": [
                1122.5899658203126,
                162.02166748046876,
                6190.830078125
            ],
            "ypr": [
                -179.9999542236328,
                0.0,
                0.0
            ]
        },
        {
            "name": "Land_BusStation_wall_bench",
            "pos": [
                1122.5899658203126,
                159.80596923828126,
                6179.830078125
            ],
            "ypr": [
                -179.99996948242188,
                0.0,
                0.0
            ]
        },
        {
            "name": "Land_BusStation_wall_bench",
            "pos": [
                1122.5899658203126,
                159.81149291992188,
                6182.830078125
            ],
            "ypr": [
                179.99996948242188,
                0.0,
                0.0
            ]
        },
        {
            "name": "Land_BusStation_wall_bench",
            "pos": [
                1122.5899658203126,
                159.8242645263672,
                6185.830078125
            ],
            "ypr": [
                -179.99996948242188,
                0.0,
                0.0
            ]
        },
        {
            "name": "Land_BusStation_wall_bench",
            "pos": [
                1122.5899658203126,
                162.00506591796876,
                6185.830078125
            ],
            "ypr": [
                -179.9999542236328,
                0.0,
                0.0
            ]
        },
        {
            "name": "Land_BusStation_wall_bench",
            "pos": [
                1122.5899658203126,
                162.00875854492188,
                6182.830078125
            ],
            "ypr": [
                179.9999542236328,
                0.0,
                0.0
            ]
        },
        {
            "name": "Land_BusStation_wall_bench",
            "pos": [
                1122.5899658203126,
                162.0074462890625,
                6179.830078125
            ],
            "ypr": [
                -179.9999542236328,
                0.0,
                0.0
            ]
        },
        {
            "name": "Land_BusStation_wall_bench",
            "pos": [
                1122.5899658203126,
                159.83831787109376,
                6176.830078125
            ],
            "ypr": [
                179.99996948242188,
                0.0,
                0.0
            ]
        },
        {
            "name": "Land_BusStation_wall_bench",
            "pos": [
                1122.5899658203126,
                162.0172119140625,
                6176.830078125
            ],
            "ypr": [
                179.9999542236328,
                0.0,
                0.0
            ]
        },
        {
            "name": "Land_Container_1Bo",
            "pos": [
                1253.8499755859376,
                150.98410034179688,
                6326.89990234375
            ],
            "ypr": [
                -10.5,
                0.0,
                0.0
            ]
        },
        {
            "name": "Land_Container_1Bo",
            "pos": [
                1256.592041015625,
                150.97305297851563,
                6327.3125
            ],
            "ypr": [
                -10.5,
                0.0,
                0.0
            ]
        },
        {
            "name": "Land_Container_1Bo",
            "pos": [
                1255.48583984375,
                150.90921020507813,
                6317.68408203125
            ],
            "ypr": [
                -10.5,
                0.0,
                0.0
            ]
        },
        {
            "name": "Land_Container_1Bo",
            "pos": [
                1258.2279052734376,
                150.8942413330078,
                6318.0966796875
            ],
            "ypr": [
                -10.5,
                0.0,
                0.0
            ]
        },
        {
            "name": "Land_Container_1Bo",
            "pos": [
                1277.07763671875,
                129.97607421875,
                6212.8486328125
            ],
            "ypr": [
                0.0,
                -0.0,
                -0.0
            ]
        },
        {
            "name": "Land_Smokestack_Metal",
            "pos": [
                1218.0899658203126,
                129.91400146484376,
                6191.35986328125
            ],
            "ypr": [
                80.99999237060547,
                69.99999237060547,
                0.0
            ]
        },
        {
            "name": "Land_Smokestack_Metal",
            "pos": [
                1196.77001953125,
                137.58299255371095,
                6188.06982421875
            ],
            "ypr": [
                80.99999237060547,
                69.99999237060547,
                0.0
            ]
        },
        {
            "name": "Land_Smokestack_Metal",
            "pos": [
                1183.5064697265626,
                142.2243194580078,
                6186.41064453125
            ],
            "ypr": [
                80.9999771118164,
                69.99999237060547,
                0.0
            ]
        },
        {
            "name": "Land_Smokestack_Metal",
            "pos": [
                1165.9200439453126,
                150.7790069580078,
                6183.60009765625
            ],
            "ypr": [
                -82.5,
                -68.99998474121094,
                164.49998474121095
            ]
        },
        {
            "name": "Land_Container_1Bo",
            "pos": [
                1164.992431640625,
                152.17015075683595,
                6227.06298828125
            ],
            "ypr": [
                -1.5,
                0.0,
                0.0
            ]
        },
        {
            "name": "Land_Container_1Bo",
            "pos": [
                1159.648681640625,
                152.19078063964845,
                6227.060546875
            ],
            "ypr": [
                -1.5,
                0.0,
                0.0
            ]
        },
        {
            "name": "Land_Container_1Bo",
            "pos": [
                1162.28955078125,
                152.22506713867188,
                6227.09619140625
            ],
            "ypr": [
                0.0,
                0.0,
                0.0
            ]
        },
        {
            "name": "Land_Power_VHV_Tower_Corner",
            "pos": [
                1293.7099609375,
                166.88600158691407,
                6276.330078125
            ],
            "ypr": [
                -81.49999237060547,
                0.0,
                0.0
            ]
        },
        {
            "name": "Land_CementWorks_ExpeditionA",
            "pos": [
                1186.93994140625,
                158.427001953125,
                6328.7998046875
            ],
            "ypr": [
                53.999996185302737,
                0.0,
                0.0
            ]
        },
        {
            "name": "Land_Tisy_RadarPlatform_Top",
            "pos": [
                1187.79833984375,
                138.40745544433595,
                6333.673828125
            ],
            "ypr": [
                53.99977493286133,
                -0.0,
                -0.0
            ]
        },
        {
            "name": "Land_Castle_Donjon",
            "pos": [
                1175.760009765625,
                138.88999938964845,
                6320.27001953125
            ],
            "ypr": [
                -35.5,
                -89.23126983642578,
                0.0
            ]
        }
    ]
}