{
    "Objects": [
        {
            "_comments1": "Sawmp Houses East Cherno",
            "_comments2": "design by King Alobar",
            "name": "Land_Ruin_HouseBig2",
            "pos": [
                8192.44140625,
                7.746119499206543,
                2870.5439453125
            ],
            "ypr": [
                -146.15089416503907,
                -0.0,
                -0.0
            ],
            "scale": 1.0
        },
        {
            "name": "StaticObj_Boathouse_PierT",
            "pos": [
                8199.474609375,
                -1.4166228771209717,
                2877.51953125
            ],
            "ypr": [
                -62.0909309387207,
                -0.0,
                -0.0
            ],
            "scale": 0.999998152256012
        },
        {
            "name": "StaticObj_Boathouse_PierR",
            "pos": [
                8188.37890625,
                -1.4282665252685547,
                2894.2841796875
            ],
            "ypr": [
                -52.62095642089844,
                -0.0,
                -0.0
            ],
            "scale": 0.9999964237213135
        },
        {
            "name": "StaticObj_Boathouse_PierT",
            "pos": [
                8174.13330078125,
                -1.278684139251709,
                2894.91357421875
            ],
            "ypr": [
                -62.0909309387207,
                -0.0,
                -0.0
            ],
            "scale": 0.999998152256012
        },
        {
            "name": "StaticObj_Ruin_HouseBlock_Half",
            "pos": [
                8142.86181640625,
                9.127713203430176,
                2862.783203125
            ],
            "ypr": [
                -144.24806213378907,
                -0.0,
                -0.0
            ],
            "scale": 0.9999988675117493
        },
        {
            "name": "Land_Ruin_HouseBig1",
            "pos": [
                8173.7685546875,
                6.873077869415283,
                2884.330078125
            ],
            "ypr": [
                -56.484825134277347,
                -0.0,
                -0.0
            ],
            "scale": 0.9999992847442627
        },
        {
            "name": "StaticObj_Boathouse_PierT",
            "pos": [
                8182.94140625,
                -1.7180471420288087,
                2910.705078125
            ],
            "ypr": [
                -147.87344360351563,
                -0.0,
                -0.0
            ],
            "scale": 1.0
        },
        {
            "name": "StaticObj_Boathouse_PierR",
            "pos": [
                8173.90478515625,
                -1.4282665252685547,
                2903.03271484375
            ],
            "ypr": [
                -52.62095642089844,
                -0.0,
                -0.0
            ],
            "scale": 0.9999963045120239
        },
        {
            "name": "Land_Ruin_HouseBig1_Half",
            "pos": [
                8202.3525390625,
                4.242016792297363,
                2883.390625
            ],
            "ypr": [
                122.03980255126953,
                -0.0,
                -0.0
            ],
            "scale": 0.9999954700469971
        },
        {
            "name": "StaticObj_Boathouse_PierT",
            "pos": [
                8201.982421875,
                -1.7086408138275147,
                2907.309326171875
            ],
            "ypr": [
                -147.87344360351563,
                -0.0,
                -0.0
            ],
            "scale": 1.0
        },
        {
            "name": "Land_Ruin_HouseBig3",
            "pos": [
                8319.525390625,
                6.916940212249756,
                2814.164794921875
            ],
            "ypr": [
                -26.522367477416993,
                -0.0,
                -0.0
            ],
            "scale": 0.9999961853027344
        },
        {
            "name": "Land_Slum_House3",
            "pos": [
                8180.33203125,
                4.978723049163818,
                2896.44970703125
            ],
            "ypr": [
                -55.187713623046878,
                -0.0,
                -0.0
            ],
            "scale": 0.999998927116394
        },
        {
            "name": "Land_Slum_House3",
            "pos": [
                8342.9951171875,
                3.637629270553589,
                2736.534423828125
            ],
            "ypr": [
                -6.816129207611084,
                -0.0,
                -0.0
            ],
            "scale": 0.9999961853027344
        },
        {
            "name": "Land_Ruin_HouseSmall2",
            "pos": [
                8292.25,
                4.83907413482666,
                2790.9326171875
            ],
            "ypr": [
                0.0,
                -0.0,
                -0.0
            ],
            "scale": 0.9999997615814209
        },
        {
            "name": "StaticObj_Boathouse_PierT",
            "pos": [
                8316.732421875,
                -3.0907704830169679,
                2788.9482421875
            ],
            "ypr": [
                90.25335693359375,
                -0.0,
                -0.0
            ],
            "scale": 0.9999969601631165
        },
        {
            "name": "StaticObj_Boathouse_PierT",
            "pos": [
                8148.654296875,
                -1.223318099975586,
                2912.35546875
            ],
            "ypr": [
                -62.0909309387207,
                -0.0,
                -0.0
            ],
            "scale": 0.999998152256012
        },
        {
            "name": "StaticObj_Boathouse_PierT",
            "pos": [
                8123.18017578125,
                -1.1909347772598267,
                2929.67919921875
            ],
            "ypr": [
                -62.0909309387207,
                -0.0,
                -0.0
            ],
            "scale": 0.999998152256012
        },
        {
            "name": "Land_Ruin_HouseSmall1",
            "pos": [
                8190.80078125,
                5.866418361663818,
                2908.96728515625
            ],
            "ypr": [
                127.96553802490235,
                -0.0,
                -0.0
            ],
            "scale": 0.9999995827674866
        },
        {
            "name": "Land_Ruin_HouseBig1",
            "pos": [
                8175.751953125,
                6.3281402587890629,
                2918.769287109375
            ],
            "ypr": [
                -147.56126403808595,
                -0.0,
                -0.0
            ],
            "scale": 1.0
        },
        {
            "name": "Land_Ruin_House_2B01",
            "pos": [
                8159.2060546875,
                3.7989962100982668,
                2924.6416015625
            ],
            "ypr": [
                -143.4750213623047,
                -0.0,
                -0.0
            ],
            "scale": 0.9999996423721314
        },
        {
            "name": "Land_Ruin_HouseBig3",
            "pos": [
                8140.478515625,
                8.22208023071289,
                2927.61181640625
            ],
            "ypr": [
                -55.8258171081543,
                -0.0,
                -0.0
            ],
            "scale": 0.9999978542327881
        },
        {
            "name": "Land_Ruin_HouseBig3_Half",
            "pos": [
                8129.82080078125,
                5.6420111656188969,
                2914.14013671875
            ],
            "ypr": [
                128.01512145996095,
                -0.0,
                -0.0
            ],
            "scale": 1.0
        },
        {
            "name": "Land_Ruin_HouseBig1",
            "pos": [
                8152.8798828125,
                6.966169834136963,
                2899.130615234375
            ],
            "ypr": [
                -55.018898010253909,
                0.0,
                0.0
            ],
            "scale": 0.999996542930603
        },
        {
            "name": "StaticObj_Boathouse_PierT",
            "pos": [
                8165.0185546875,
                -1.2956993579864503,
                2920.490234375
            ],
            "ypr": [
                -153.42190551757813,
                -0.0,
                -0.0
            ],
            "scale": 0.9999991059303284
        },
        {
            "name": "StaticObj_Boathouse_PierL",
            "pos": [
                8177.47705078125,
                -1.593233585357666,
                2938.588623046875
            ],
            "ypr": [
                127.59758758544922,
                -0.0,
                -0.0
            ],
            "scale": 0.9999995231628418
        },
        {
            "name": "StaticObj_Ruin_HouseBlock_Half",
            "pos": [
                8296.80078125,
                9.76429557800293,
                2736.17822265625
            ],
            "ypr": [
                -144.07444763183595,
                -0.0,
                -0.0
            ],
            "scale": 0.9999996423721314
        },
        {
            "name": "StaticObj_Ruin_Church",
            "pos": [
                8245.5068359375,
                9.610807418823243,
                2741.76318359375
            ],
            "ypr": [
                -63.70657730102539,
                -0.0,
                -0.0
            ],
            "scale": 0.9999979138374329
        },
        {
            "name": "StaticObj_Boathouse_PierT",
            "pos": [
                8320.287109375,
                -2.7529916763305666,
                2755.885009765625
            ],
            "ypr": [
                -135.6746826171875,
                -0.0,
                -0.0
            ],
            "scale": 0.999997615814209
        },
        {
            "name": "StaticObj_Ruin_HouseBlock_Total",
            "pos": [
                8373.8359375,
                2.9351725578308107,
                2721.215576171875
            ],
            "ypr": [
                -115.9811782836914,
                -0.0,
                -0.0
            ],
            "scale": 1.0
        },
        {
            "name": "Land_Ruin_HouseSmall1",
            "pos": [
                8377.6865234375,
                4.634815216064453,
                2702.76708984375
            ],
            "ypr": [
                -18.897750854492189,
                -0.0,
                -0.0
            ],
            "scale": 0.9999986290931702
        },
        {
            "name": "Land_Ruin_HouseBig2_Half",
            "pos": [
                8297.3701171875,
                5.024695873260498,
                2689.632080078125
            ],
            "ypr": [
                67.25001525878906,
                -0.0,
                -0.0
            ],
            "scale": 0.9999940395355225
        },
        {
            "name": "Land_Ruin_HouseBig1",
            "pos": [
                8385.0869140625,
                5.213939666748047,
                2673.0498046875
            ],
            "ypr": [
                -21.720401763916017,
                -0.0,
                -0.0
            ],
            "scale": 0.9999990463256836
        },
        {
            "name": "Land_Ruin_HouseBig1_Half",
            "pos": [
                8318.673828125,
                2.9443399906158449,
                2699.228271484375
            ],
            "ypr": [
                -67.85369873046875,
                0.0,
                0.0
            ],
            "scale": 0.9999924302101135
        },
        {
            "name": "Land_Ruin_Shed_Closed2",
            "pos": [
                8246.41796875,
                3.3857226371765138,
                2904.353515625
            ],
            "ypr": [
                -125.29783630371094,
                -0.0,
                -0.0
            ],
            "scale": 0.9999998211860657
        },
        {
            "name": "StaticObj_Boathouse_PierT",
            "pos": [
                8158.5693359375,
                -1.3490376472473145,
                2885.798095703125
            ],
            "ypr": [
                -152.38011169433595,
                -0.0,
                -0.0
            ],
            "scale": 0.9999988079071045
        },
        {
            "name": "StaticObj_Boathouse_PierL",
            "pos": [
                8148.0439453125,
                -1.4920172691345215,
                2873.114501953125
            ],
            "ypr": [
                33.85549545288086,
                -0.0,
                -0.0
            ],
            "scale": 0.9999967217445374
        },
        {
            "name": "Land_Ruin_House_2W03",
            "pos": [
                8307.650390625,
                2.850677967071533,
                2844.066162109375
            ],
            "ypr": [
                0.0,
                -0.0,
                -0.0
            ],
            "scale": 0.9999998211860657
        },
        {
            "name": "Land_Ruin_HouseSmall2",
            "pos": [
                8312.7177734375,
                4.620480060577393,
                2778.65966796875
            ],
            "ypr": [
                176.38479614257813,
                0.0,
                0.0
            ],
            "scale": 0.9999983906745911
        },
        {
            "name": "Land_Ruin_Slum_House2",
            "pos": [
                8337.7294921875,
                3.304612398147583,
                2720.399658203125
            ],
            "ypr": [
                0.0,
                -0.0,
                -0.0
            ],
            "scale": 0.9999998211860657
        },
        {
            "name": "Land_Ruin_House_1W02",
            "pos": [
                8354.65234375,
                2.3783140182495119,
                2702.783203125
            ],
            "ypr": [
                0.0,
                -0.0,
                -0.0
            ],
            "scale": 0.9999998211860657
        },
        {
            "name": "Land_Lunapark_Carousel_Small",
            "pos": [
                8345.2216796875,
                4.833848476409912,
                2614.74462890625
            ],
            "ypr": [
                0.0,
                -0.0,
                -0.0
            ],
            "scale": 0.9999998211860657
        },
        {
            "name": "Land_Lunapark_Shooting_Gallery",
            "pos": [
                8366.150390625,
                3.3754324913024904,
                2612.7666015625
            ],
            "ypr": [
                0.0,
                -0.0,
                -0.0
            ],
            "scale": 0.9999998211860657
        },
        {
            "name": "Land_Lunapark_Ferris_wheel",
            "pos": [
                8352.392578125,
                9.24896240234375,
                2630.85546875
            ],
            "ypr": [
                26.4337215423584,
                -0.0,
                -0.0
            ],
            "scale": 0.9999991059303284
        },
        {
            "name": "Land_Lunapark_Autodrome",
            "pos": [
                8370.9970703125,
                2.3110899925231935,
                2641.788818359375
            ],
            "ypr": [
                47.21269989013672,
                0.0,
                0.0
            ],
            "scale": 0.9999979734420776
        },
        {
            "name": "Land_Lunapark_Carousel_Swan",
            "pos": [
                8365.9501953125,
                5.757669925689697,
                2670.110107421875
            ],
            "ypr": [
                0.0,
                -4.999988079071045,
                -3.0
            ],
            "scale": 0.9999988675117493
        },
        {
            "name": "Land_Lunapark_Bumper_Car",
            "pos": [
                8369.4111328125,
                2.4061944484710695,
                2642.697998046875
            ],
            "ypr": [
                0.0,
                -0.0,
                -0.0
            ],
            "scale": 0.9999998211860657
        },
        {
            "name": "Land_Mil_Fortified_Nest_Big",
            "pos": [
                8241.142578125,
                3.1662027835845949,
                2814.28076171875
            ],
            "ypr": [
                106.31126403808594,
                -0.0,
                -0.0
            ],
            "scale": 0.9999988675117493
        },
        {
            "name": "Land_Lunapark_Bumper_Car",
            "pos": [
                8359.740234375,
                3.1928255558013918,
                2647.469970703125
            ],
            "ypr": [
                0.0,
                0.0,
                -108.99998474121094
            ],
            "scale": 0.9999960660934448
        },
        {
            "name": "Land_Lunapark_Shooting_Gallery",
            "pos": [
                8344.6904296875,
                3.1881980895996095,
                2647.143798828125
            ],
            "ypr": [
                -150.08212280273438,
                -0.0,
                -0.0
            ],
            "scale": 1.0
        },
        {
            "name": "Land_Boat_Small1",
            "pos": [
                8308.359375,
                2.6882572174072267,
                2800.3251953125
            ],
            "ypr": [
                0.0,
                -0.0,
                -0.0
            ],
            "scale": 0.9999998807907105
        },
        {
            "name": "Land_Boat_Small1",
            "pos": [
                8333.1103515625,
                2.6663401126861574,
                2798.8701171875
            ],
            "ypr": [
                0.0,
                28.99986457824707,
                0.0
            ],
            "scale": 0.9999957084655762
        }
    ]
}