{
    "Objects": [
        {
            "name": "Land_Castle_Stairs",
            "pos": [
                10468.0625,
                222.095703125,
                8871.900390625
            ],
            "ypr": [
                -125.0550765991211,
                0.0,
                0.0
            ],
            "scale": 1.0
        },
        {
            "name": "StaticObj_Wall_Tin7_8",
            "pos": [
                10456.978515625,
                230.28460693359376,
                8875.4970703125
            ],
            "ypr": [
                144.79367065429688,
                -0.0,
                -0.0
            ],
            "scale": 1.0
        },
        {
            "name": "StaticObj_Wall_Tin7_8",
            "pos": [
                10450.4853515625,
                230.3068389892578,
                8870.9208984375
            ],
            "ypr": [
                144.79367065429688,
                -0.0,
                -0.0
            ],
            "scale": 1.0
        },
        {
            "name": "StaticObj_Wall_IndFnc2_3",
            "pos": [
                10446.8271484375,
                230.19635009765626,
                8868.3447265625
            ],
            "ypr": [
                -33.1115837097168,
                0.0,
                0.0
            ],
            "scale": 0.9999999403953552
        },
        {
            "name": "StaticObj_Wall_PipeFenceWall_8",
            "pos": [
                10444.2529296875,
                225.75465393066407,
                8845.4453125
            ],
            "ypr": [
                64.61614990234375,
                0.0,
                0.0
            ],
            "scale": 1.0
        },
        {
            "name": "StaticObj_Wall_PipeFenceWall_8",
            "pos": [
                10440.748046875,
                225.7444610595703,
                8852.2392578125
            ],
            "ypr": [
                60.616512298583987,
                0.0,
                0.0
            ],
            "scale": 1.0
        },
        {
            "name": "StaticObj_Wall_PipeFenceWall_8",
            "pos": [
                10436.7294921875,
                225.7547607421875,
                8858.732421875
            ],
            "ypr": [
                56.11672592163086,
                0.0,
                0.0
            ],
            "scale": 0.9999999403953552
        },
        {
            "name": "StaticObj_Wall_PipeFence_4",
            "pos": [
                10446.791015625,
                229.96192932128907,
                8865.8369140625
            ],
            "ypr": [
                -125.0110092163086,
                0.0,
                0.0
            ],
            "scale": 1.0
        },
        {
            "name": "StaticObj_Wall_Tin6_2_4",
            "pos": [
                10449.1416015625,
                230.4653778076172,
                8862.537109375
            ],
            "ypr": [
                55.88824462890625,
                0.0,
                -0.0
            ],
            "scale": 1.0
        },
        {
            "name": "StaticObj_Misc_ConcreteBlock2_Damaged",
            "pos": [
                10450.400390625,
                229.8665313720703,
                8861.2373046875
            ],
            "ypr": [
                -121.97000122070313,
                0.0,
                0.0
            ],
            "scale": 1.0
        },
        {
            "name": "StaticObj_Misc_ConcretePipe",
            "pos": [
                10433.1484375,
                224.19058227539063,
                8881.88671875
            ],
            "ypr": [
                2.285292863845825,
                1.4993735551834107,
                0.0
            ],
            "scale": 1.0
        },
        {
            "name": "StaticObj_Misc_ConcretePipe",
            "pos": [
                10433.0283203125,
                224.10877990722657,
                8878.9814453125
            ],
            "ypr": [
                2.285510301589966,
                1.4994407892227173,
                0.0
            ],
            "scale": 1.0
        },
        {
            "name": "StaticObj_Misc_Pallets3",
            "pos": [
                10463.0205078125,
                223.8560028076172,
                8879.3447265625
            ],
            "ypr": [
                -42.51401138305664,
                -0.0,
                -0.0
            ],
            "scale": 0.9999999403953552
        },
        {
            "name": "StaticObj_Misc_Pallets2",
            "pos": [
                10464.1767578125,
                223.4960174560547,
                8878.1796875
            ],
            "ypr": [
                128.62945556640626,
                0.0,
                -0.0
            ],
            "scale": 1.0
        },
        {
            "name": "StaticObj_Garbage_Pile2",
            "pos": [
                10462.4716796875,
                223.38360595703126,
                8880.3935546875
            ],
            "ypr": [
                38.63040542602539,
                -0.0,
                -0.0
            ],
            "scale": 0.9999999403953552
        },
        {
            "name": "StaticObj_Garbage_Pile6",
            "pos": [
                10470.333984375,
                223.56329345703126,
                8872.740234375
            ],
            "ypr": [
                -62.410011291503909,
                -0.0,
                -0.0
            ],
            "scale": 1.0
        },
        {
            "name": "StaticObj_Garbage_Pile8",
            "pos": [
                10469.392578125,
                223.6494140625,
                8875.0322265625
            ],
            "ypr": [
                46.54214096069336,
                -0.0,
                -0.0
            ],
            "scale": 1.0
        },
        {
            "name": "StaticObj_Garbage_Pile7",
            "pos": [
                10467.86328125,
                223.60443115234376,
                8870.96875
            ],
            "ypr": [
                143.4961700439453,
                -0.0,
                -0.0
            ],
            "scale": 1.0
        },
        {
            "name": "StaticObj_Garbage_Pile7",
            "pos": [
                10464.3505859375,
                223.6270751953125,
                8871.044921875
            ],
            "ypr": [
                62.08749008178711,
                0.0,
                -0.0
            ],
            "scale": 1.0
        },
        {
            "name": "StaticObj_Garbage_Container_Glass",
            "pos": [
                10439.2978515625,
                223.9195098876953,
                8865.7646484375
            ],
            "ypr": [
                -140.70181274414063,
                -0.0,
                -0.0
            ],
            "scale": 0.9999994039535523
        },
        {
            "name": "StaticObj_Garbage_Pile5",
            "pos": [
                10441.1171875,
                223.04954528808595,
                8867.275390625
            ],
            "ypr": [
                -43.11153030395508,
                -0.0,
                -0.0
            ],
            "scale": 0.9999999403953552
        },
        {
            "name": "StaticObj_Wall_Tin_4",
            "pos": [
                10463.4853515625,
                230.0262908935547,
                8873.6162109375
            ],
            "ypr": [
                -124.85609436035156,
                0.0,
                0.0
            ],
            "scale": 1.0
        },
        {
            "name": "StaticObj_Wall_Tin_4",
            "pos": [
                10464.162109375,
                229.9989776611328,
                8869.3056640625
            ],
            "ypr": [
                -35.11103820800781,
                0.0,
                0.0
            ],
            "scale": 1.0
        },
        {
            "name": "StaticObj_Wall_WoodF_5_2",
            "pos": [
                10464.5302734375,
                229.638427734375,
                8872.4453125
            ],
            "ypr": [
                56.00761032104492,
                0.0,
                0.0
            ],
            "scale": 0.9999999403953552
        },
        {
            "name": "StaticObj_Wall_Fen6_8",
            "pos": [
                10459.6201171875,
                230.74635314941407,
                8865.7626953125
            ],
            "ypr": [
                -35.611629486083987,
                0.0,
                0.0
            ],
            "scale": 0.9999999403953552
        },
        {
            "name": "StaticObj_Wall_Fen6_8",
            "pos": [
                10454.27734375,
                230.7252655029297,
                8862.24609375
            ],
            "ypr": [
                144.45970153808595,
                0.0,
                0.0
            ],
            "scale": 1.0
        },
        {
            "name": "StaticObj_Wall_Fen6_Pole",
            "pos": [
                10456.9677734375,
                230.8747100830078,
                8863.951171875
            ],
            "ypr": [
                158.28355407714845,
                -0.0,
                -0.0
            ],
            "scale": 1.0
        },
        {
            "name": "StaticObj_Slum_Roof5",
            "pos": [
                10451.400390625,
                231.0331268310547,
                8865.6259765625
            ],
            "ypr": [
                -34.11160659790039,
                -0.0,
                -0.0
            ],
            "scale": 1.0
        },
        {
            "name": "StaticObj_Slum_Roof3",
            "pos": [
                10462.62890625,
                231.16648864746095,
                8871.46484375
            ],
            "ypr": [
                -128.34190368652345,
                0.0,
                0.0
            ],
            "scale": 1.0
        },
        {
            "name": "StaticObj_Misc_Range_Roof",
            "pos": [
                10458.986328125,
                231.20973205566407,
                8867.076171875
            ],
            "ypr": [
                145.8876190185547,
                0.0,
                -0.0
            ],
            "scale": 1.0
        },
        {
            "name": "StaticObj_Wall_Tin_4",
            "pos": [
                10460.8818359375,
                230.00115966796876,
                8874.02734375
            ],
            "ypr": [
                140.0945281982422,
                0.0,
                0.0
            ],
            "scale": 0.9999999403953552
        },
        {
            "name": "Land_Wreck_Ikarus",
            "pos": [
                10456.400390625,
                225.16590881347657,
                8853.4599609375
            ],
            "ypr": [
                29.38330078125,
                -7.0005388259887699,
                -4.999999046325684
            ],
            "scale": 1.0
        },
        {
            "name": "Land_Wreck_hb01_aban2_green",
            "pos": [
                10422.099609375,
                224.69993591308595,
                8865.099609375
            ],
            "ypr": [
                -38.171287536621097,
                -1.500939965248108,
                -0.9999618530273438
            ],
            "scale": 1.0
        },
        {
            "name": "Land_Wreck_Volha_Blue",
            "pos": [
                10458.439453125,
                223.84121704101563,
                8869.109375
            ],
            "ypr": [
                145.88735961914063,
                0.0,
                -0.0
            ],
            "scale": 1.0
        },
        {
            "name": "Land_Wreck_S1023_Beige",
            "pos": [
                10457.759765625,
                224.13681030273438,
                8874.1279296875
            ],
            "ypr": [
                -43.11153030395508,
                -0.0,
                -0.0
            ],
            "scale": 0.9999999403953552
        },
        {
            "name": "Land_Wreck_hb01_aban1_white",
            "pos": [
                10449.5419921875,
                224.2581329345703,
                8861.470703125
            ],
            "ypr": [
                -25.111486434936525,
                -0.0,
                -0.0
            ],
            "scale": 1.0
        },
        {
            "name": "Land_BusStop_Village2",
            "pos": [
                10434.19140625,
                226.0286407470703,
                8843.5732421875
            ],
            "ypr": [
                -120.01148223876953,
                0.0,
                -0.0
            ],
            "scale": 1.0
        },
        {
            "name": "StaticObj_Slum_Roof4",
            "pos": [
                10440.0126953125,
                224.71951293945313,
                8887.7958984375
            ],
            "ypr": [
                152.99990844726563,
                0.0,
                -0.0
            ],
            "scale": 1.0
        },
        {
            "name": "StaticObj_Slum_Roof2",
            "pos": [
                10443.900390625,
                224.0989990234375,
                8881.3701171875
            ],
            "ypr": [
                -30.999996185302736,
                0.0,
                0.0
            ],
            "scale": 1.0
        },
        {
            "name": "StaticObj_Misc_Barricade",
            "pos": [
                10455.49609375,
                226.5443115234375,
                8836.61328125
            ],
            "ypr": [
                -53.999996185302737,
                -3.0,
                1.9999996423721314
            ],
            "scale": 0.9999999403953552
        },
        {
            "name": "StaticObj_Wall_Barricade1_10",
            "pos": [
                10462.2001953125,
                224.79104614257813,
                8845.41015625
            ],
            "ypr": [
                -45.00010299682617,
                -1.9999998807907105,
                2.0
            ],
            "scale": 1.0
        },
        {
            "name": "StaticObj_Wall_Barricade1_4",
            "pos": [
                10463.8955078125,
                225.1179656982422,
                8844.2548828125
            ],
            "ypr": [
                132.95468139648438,
                0.0,
                0.0
            ],
            "scale": 1.0
        },
        {
            "name": "StaticObj_Wall_Fen2_6",
            "pos": [
                10460.748046875,
                226.20094299316407,
                8843.2412109375
            ],
            "ypr": [
                -44.99999237060547,
                0.0,
                0.0
            ],
            "scale": 0.9999999403953552
        },
        {
            "name": "StaticObj_Wall_Fen2_6",
            "pos": [
                10464.677734375,
                226.0624237060547,
                8847.912109375
            ],
            "ypr": [
                -58.23637008666992,
                0.0,
                0.0
            ],
            "scale": 1.0
        },
        {
            "name": "StaticObj_Wall_IndCnc2_3",
            "pos": [
                10465.9619140625,
                225.4669952392578,
                8850.1884765625
            ],
            "ypr": [
                -53.99998474121094,
                0.0,
                0.0
            ],
            "scale": 1.0
        },
        {
            "name": "StaticObj_Wall_IndCnc2_3",
            "pos": [
                10467.703125,
                225.4630584716797,
                8852.583984375
            ],
            "ypr": [
                -53.99998474121094,
                0.0,
                0.0
            ],
            "scale": 1.0
        },
        {
            "name": "StaticObj_Wall_IndCnc2_3",
            "pos": [
                10469.4189453125,
                225.1066436767578,
                8854.943359375
            ],
            "ypr": [
                -53.99998474121094,
                0.0,
                0.0
            ],
            "scale": 1.0
        },
        {
            "name": "StaticObj_Wall_IndCnc2_3",
            "pos": [
                10471.16015625,
                225.1027069091797,
                8857.3388671875
            ],
            "ypr": [
                -53.99998474121094,
                0.0,
                0.0
            ],
            "scale": 1.0
        },
        {
            "name": "StaticObj_Wall_Barricade1_10",
            "pos": [
                10468.9140625,
                223.82345581054688,
                8856.166015625
            ],
            "ypr": [
                -56.06216812133789,
                -1.9985862970352173,
                1.9999992847442628
            ],
            "scale": 1.0
        },
        {
            "name": "StaticObj_Wall_Tin6_1_4",
            "pos": [
                10473.556640625,
                224.6927947998047,
                8859.91796875
            ],
            "ypr": [
                -44.99998092651367,
                0.0,
                0.0
            ],
            "scale": 0.9999999403953552
        },
        {
            "name": "StaticObj_Wall_Tin6_1_4",
            "pos": [
                10475.369140625,
                224.42831420898438,
                8863.2744140625
            ],
            "ypr": [
                105.47041320800781,
                0.0,
                0.0
            ],
            "scale": 1.0
        },
        {
            "name": "StaticObj_Wall_IndFnc2_3_Hole",
            "pos": [
                10473.119140625,
                225.01068115234376,
                8859.609375
            ],
            "ypr": [
                137.0,
                0.0,
                0.0
            ],
            "scale": 0.9999999403953552
        },
        {
            "name": "StaticObj_Wall_IndFnc2_3_Hole",
            "pos": [
                10474.712890625,
                225.01907348632813,
                8862.064453125
            ],
            "ypr": [
                111.56895446777344,
                0.0,
                0.0
            ],
            "scale": 1.0
        },
        {
            "name": "StaticObj_Wall_Tin6_1_4",
            "pos": [
                10474.9296875,
                224.3372344970703,
                8866.9169921875
            ],
            "ypr": [
                -119.87545776367188,
                0.0,
                0.0
            ],
            "scale": 0.9999999403953552
        },
        {
            "name": "StaticObj_Wall_IndFnc2_3",
            "pos": [
                10475.2412109375,
                225.0825958251953,
                8864.9541015625
            ],
            "ypr": [
                89.99995422363281,
                -0.0,
                -0.0
            ],
            "scale": 1.0
        },
        {
            "name": "StaticObj_Wall_IndFnc2_3",
            "pos": [
                10474.3974609375,
                225.0635223388672,
                8867.7109375
            ],
            "ypr": [
                57.97249221801758,
                0.0,
                0.0
            ],
            "scale": 1.0
        },
        {
            "name": "StaticObj_Misc_TirePile",
            "pos": [
                10472.7216796875,
                227.54733276367188,
                8869.060546875
            ],
            "ypr": [
                0.0,
                -0.0,
                -0.0
            ],
            "scale": 1.0
        },
        {
            "name": "Land_Wreck_Ikarus",
            "pos": [
                10441.099609375,
                226.64300537109376,
                8837.8603515625
            ],
            "ypr": [
                -25.999998092651368,
                -4.999999046325684,
                0.0
            ],
            "scale": 1.0
        },
        {
            "name": "Land_Wreck_Ikarus",
            "pos": [
                10433.400390625,
                225.61001586914063,
                8852.01953125
            ],
            "ypr": [
                -30.9999942779541,
                -3.0,
                0.0
            ],
            "scale": 1.0
        },
        {
            "name": "Land_Wreck_Uaz",
            "pos": [
                10448.599609375,
                225.47897338867188,
                8845.5
            ],
            "ypr": [
                18.0,
                -6.0,
                -1.9999996423721314
            ],
            "scale": 0.9999999403953552
        },
        {
            "name": "Land_Wreck_Lada_Red",
            "pos": [
                10449.400390625,
                228.79800415039063,
                8811.2802734375
            ],
            "ypr": [
                0.0,
                -4.999999046325684,
                0.9999998211860657
            ],
            "scale": 1.0
        },
        {
            "name": "StaticObj_Wreck_HMMWV",
            "pos": [
                10455.599609375,
                228.3979949951172,
                8818.7802734375
            ],
            "ypr": [
                144.0,
                6.0,
                -2.499999523162842
            ],
            "scale": 1.0
        },
        {
            "name": "Land_Wreck_sed02_aban2_grey",
            "pos": [
                10412.599609375,
                221.50900268554688,
                8917.23046875
            ],
            "ypr": [
                -9.0,
                -1.9999996423721314,
                0.5
            ],
            "scale": 0.9999999403953552
        },
        {
            "name": "StaticObj_Terrain_Livonia_GrassPatch",
            "pos": [
                10457.53125,
                223.02659606933595,
                8872.22265625
            ],
            "ypr": [
                0.0,
                -0.0,
                -0.0
            ],
            "scale": 1.0
        },
        {
            "name": "StaticObj_Terrain_Livonia_GrassPatch",
            "pos": [
                10465.982421875,
                223.01913452148438,
                8870.6220703125
            ],
            "ypr": [
                0.0,
                -0.0,
                -0.0
            ],
            "scale": 1.0
        },
        {
            "name": "StaticObj_Tisy_Garages_Grass_R",
            "pos": [
                10469.099609375,
                216.24319458007813,
                8853.0595703125
            ],
            "ypr": [
                -140.94398498535157,
                7.999997615814209,
                -2.499999761581421
            ],
            "scale": 0.9999998211860657
        },
        {
            "name": "StaticObj_Terrain_Livonia_GrassPatch",
            "pos": [
                10467.099609375,
                223.35400390625,
                8857.650390625
            ],
            "ypr": [
                0.0,
                -0.9999997019767761,
                -1.5000001192092896
            ],
            "scale": 0.9999997615814209
        },
        {
            "name": "StaticObj_Tisy_Garages_Grass_R",
            "pos": [
                10445.900390625,
                220.5406036376953,
                8815.91015625
            ],
            "ypr": [
                -18.0,
                -3.0,
                0.0
            ],
            "scale": 1.0
        },
        {
            "name": "StaticObj_Tisy_Garages_Grass_R",
            "pos": [
                10430.6337890625,
                216.96157836914063,
                8851.833984375
            ],
            "ypr": [
                -31.274545669555665,
                0.0,
                0.0
            ],
            "scale": 0.9999966621398926
        },
        {
            "name": "StaticObj_Terrain_Livonia_GrassPatch",
            "pos": [
                10423.6630859375,
                223.53207397460938,
                8866.06640625
            ],
            "ypr": [
                0.0,
                -0.0,
                -0.0
            ],
            "scale": 1.0
        },
        {
            "name": "StaticObj_Terrain_Livonia_GrassPatch",
            "pos": [
                10421.4775390625,
                223.61917114257813,
                8866.7880859375
            ],
            "ypr": [
                -98.99993133544922,
                0.0,
                -0.0
            ],
            "scale": 1.0
        },
        {
            "name": "StaticObj_Terrain_Livonia_GrassPatch",
            "pos": [
                10434.6513671875,
                222.95680236816407,
                8874.2900390625
            ],
            "ypr": [
                9.0,
                -0.0,
                -0.0
            ],
            "scale": 1.0
        },
        {
            "name": "StaticObj_Terrain_Livonia_GrassPatch",
            "pos": [
                10438.9609375,
                223.02474975585938,
                8866.15234375
            ],
            "ypr": [
                0.0,
                -0.0,
                -0.0
            ],
            "scale": 1.0
        },
        {
            "name": "StaticObj_Mil_ReinforcedTank1_Grass",
            "pos": [
                10446.6357421875,
                216.62954711914063,
                8863.2919921875
            ],
            "ypr": [
                0.0,
                -0.0,
                -0.0
            ],
            "scale": 1.0
        },
        {
            "name": "StaticObj_Terrain_Livonia_GrassPatch",
            "pos": [
                10447.857421875,
                223.1388397216797,
                8863.265625
            ],
            "ypr": [
                0.0,
                -0.0,
                -0.0
            ],
            "scale": 1.0
        },
        {
            "name": "StaticObj_Terrain_Livonia_GrassPatch",
            "pos": [
                10453.8076171875,
                222.9952392578125,
                8874.1572265625
            ],
            "ypr": [
                0.0,
                -0.0,
                -0.0
            ],
            "scale": 1.0
        },
        {
            "name": "StaticObj_Terrain_Livonia_GrassPatch",
            "pos": [
                10461.375,
                222.95899963378907,
                8880.08203125
            ],
            "ypr": [
                -176.92324829101563,
                -0.0,
                -0.0
            ],
            "scale": 0.9999998807907105
        },
        {
            "name": "StaticObj_Misc_TirePile",
            "pos": [
                10445.98828125,
                226.56993103027345,
                8881.2587890625
            ],
            "ypr": [
                0.0,
                -0.0,
                -0.0
            ],
            "scale": 1.0
        },
        {
            "name": "StaticObj_Misc_TirePile_Large",
            "pos": [
                10434.5498046875,
                223.31565856933595,
                8892.9287109375
            ],
            "ypr": [
                35.999996185302737,
                -0.0,
                -0.0
            ],
            "scale": 1.0
        },
        {
            "name": "StaticObj_Misc_TirePile_Group",
            "pos": [
                10443.9697265625,
                228.02626037597657,
                8854.259765625
            ],
            "ypr": [
                -134.99990844726563,
                0.0,
                -0.0
            ],
            "scale": 1.0
        },
        {
            "name": "StaticObj_Wall_VilVar2_4",
            "pos": [
                10437.5009765625,
                223.559814453125,
                8886.55078125
            ],
            "ypr": [
                63.0,
                -0.0,
                -0.0
            ],
            "scale": 0.9999999403953552
        },
        {
            "name": "Land_Misc_Toilet_Mobile",
            "pos": [
                10438.3251953125,
                224.28265380859376,
                8886.8701171875
            ],
            "ypr": [
                -125.99989318847656,
                0.0,
                -0.0
            ],
            "scale": 0.9999999403953552
        },
        {
            "name": "Land_Misc_Toilet_Mobile",
            "pos": [
                10437.48828125,
                224.27247619628907,
                8888.0009765625
            ],
            "ypr": [
                -116.99989318847656,
                0.0,
                -0.0
            ],
            "scale": 1.0
        },
        {
            "name": "StaticObj_Garbage_GroundSq_5m",
            "pos": [
                10440.185546875,
                225.30743408203126,
                8889.7001953125
            ],
            "ypr": [
                0.0,
                -0.0,
                -0.0
            ],
            "scale": 1.0
        },
        {
            "name": "StaticObj_Garbage_GroundSq_3m",
            "pos": [
                10438.6328125,
                224.39869689941407,
                8877.478515625
            ],
            "ypr": [
                0.0,
                -0.0,
                -0.0
            ],
            "scale": 1.0
        },
        {
            "name": "StaticObj_Garbage_GroundSq_5m",
            "pos": [
                10444.591796875,
                225.38697814941407,
                8867.8056640625
            ],
            "ypr": [
                0.0,
                -0.0,
                -0.0
            ],
            "scale": 1.0
        },
        {
            "name": "StaticObj_Garbage_GroundSq_5m",
            "pos": [
                10455.431640625,
                225.39556884765626,
                8875.4345703125
            ],
            "ypr": [
                -71.99995422363281,
                0.0,
                0.0
            ],
            "scale": 1.0
        },
        {
            "name": "StaticObj_Garbage_GroundSq_5m",
            "pos": [
                10442.3681640625,
                225.3334197998047,
                8878.6533203125
            ],
            "ypr": [
                0.0,
                -0.0,
                -0.0
            ],
            "scale": 1.0
        },
        {
            "name": "StaticObj_Garbage_Ground_6m",
            "pos": [
                10445.6953125,
                224.90919494628907,
                8881.9150390625
            ],
            "ypr": [
                62.999961853027347,
                -0.0,
                -0.0
            ],
            "scale": 1.0
        },
        {
            "name": "StaticObj_Garbage_Ground_6m_NoLC",
            "pos": [
                10442.599609375,
                223.28199768066407,
                8881.6103515625
            ],
            "ypr": [
                65.49999237060547,
                0.0,
                0.0
            ],
            "scale": 0.9999998807907105
        },
        {
            "name": "StaticObj_Garbage_Container",
            "pos": [
                10447.9365234375,
                223.6455535888672,
                8882.6611328125
            ],
            "ypr": [
                44.99995422363281,
                -0.0,
                -0.0
            ],
            "scale": 1.0
        },
        {
            "name": "StaticObj_Garbage_Bin",
            "pos": [
                10446.3544921875,
                223.80145263671876,
                8883.798828125
            ],
            "ypr": [
                0.0,
                -0.0,
                -0.0
            ],
            "scale": 1.0
        },
        {
            "name": "StaticObj_Garbage_Bin",
            "pos": [
                10445.7255859375,
                223.8018798828125,
                8883.5712890625
            ],
            "ypr": [
                -80.99995422363281,
                0.0,
                0.0
            ],
            "scale": 0.9999999403953552
        },
        {
            "name": "StaticObj_Garbage_Ground_6m_NoLC",
            "pos": [
                10447.3271484375,
                223.3106231689453,
                8884.3447265625
            ],
            "ypr": [
                62.99997329711914,
                -0.0,
                -0.0
            ],
            "scale": 1.0
        },
        {
            "name": "StaticObj_Garbage_GroundSq_5m",
            "pos": [
                10450.3720703125,
                225.3298797607422,
                8881.94921875
            ],
            "ypr": [
                53.99998474121094,
                -0.0,
                -0.0
            ],
            "scale": 1.0
        },
        {
            "name": "StaticObj_Garbage_Pile6",
            "pos": [
                10448.9638671875,
                223.00372314453126,
                8884.7255859375
            ],
            "ypr": [
                -35.999996185302737,
                0.0,
                0.0
            ],
            "scale": 1.0
        },
        {
            "name": "StaticObj_Garbage_Container_Plastic",
            "pos": [
                10448.8330078125,
                223.72869873046876,
                8886.548828125
            ],
            "ypr": [
                -116.99994659423828,
                0.0,
                -0.0
            ],
            "scale": 0.9999999403953552
        },
        {
            "name": "StaticObj_Garbage_Bin",
            "pos": [
                10441.779296875,
                223.64524841308595,
                8890.5302734375
            ],
            "ypr": [
                0.0,
                -0.0,
                -0.0
            ],
            "scale": 1.0
        },
        {
            "name": "StaticObj_Garbage_Bin",
            "pos": [
                10441.271484375,
                223.64524841308595,
                8891.0830078125
            ],
            "ypr": [
                -27.0,
                0.0,
                0.0
            ],
            "scale": 0.9999999403953552
        },
        {
            "name": "StaticObj_Garbage_Pile2",
            "pos": [
                10435.8291015625,
                223.3526611328125,
                8887.8671875
            ],
            "ypr": [
                98.99998474121094,
                0.0,
                -0.0
            ],
            "scale": 1.0
        },
        {
            "name": "Land_Wreck_sed01_aban1_white",
            "pos": [
                10424.400390625,
                223.40496826171876,
                8884.4501953125
            ],
            "ypr": [
                161.99998474121095,
                2.999999761581421,
                0.0
            ],
            "scale": 0.9999998807907105
        },
        {
            "name": "Land_Wreck_hb02_aban1_black",
            "pos": [
                10423.599609375,
                223.116455078125,
                8889.919921875
            ],
            "ypr": [
                -179.99998474121095,
                2.499999523162842,
                0.0
            ],
            "scale": 0.9999998807907105
        },
        {
            "name": "Land_wreck_truck01_aban2_green",
            "pos": [
                10422.5,
                221.6103973388672,
                8902.830078125
            ],
            "ypr": [
                170.99998474121095,
                3.0,
                0.0
            ],
            "scale": 1.0
        },
        {
            "name": "StaticObj_Wreck_Decal_Small1",
            "pos": [
                10421.6533203125,
                223.4830322265625,
                8903.828125
            ],
            "ypr": [
                0.0,
                -0.0,
                -0.0
            ],
            "scale": 1.0
        },
        {
            "name": "StaticObj_Wreck_Decal_Big",
            "pos": [
                10424.08203125,
                226.44760131835938,
                8886.7900390625
            ],
            "ypr": [
                -9.0,
                0.0,
                0.0
            ],
            "scale": 1.0
        },
        {
            "name": "StaticObj_Wreck_Decal_Small2",
            "pos": [
                10422.5703125,
                224.91229248046876,
                8900.1357421875
            ],
            "ypr": [
                -9.0,
                0.0,
                0.0
            ],
            "scale": 1.0
        },
        {
            "name": "StaticObj_Wreck_Decal_Small2",
            "pos": [
                10448.087890625,
                227.84446716308595,
                8844.7177734375
            ],
            "ypr": [
                -9.000025749206543,
                0.0,
                0.0
            ],
            "scale": 1.0
        },
        {
            "name": "StaticObj_Wreck_HMMWV",
            "pos": [
                10395.7001953125,
                221.35430908203126,
                8945.919921875
            ],
            "ypr": [
                -135.0,
                6.0,
                -1.9999998807907105
            ],
            "scale": 1.0
        },
        {
            "name": "Land_Wreck_hb02_aban2_red",
            "pos": [
                10402.900390625,
                220.6294708251953,
                8941.849609375
            ],
            "ypr": [
                -18.000001907348634,
                -1.4999995231628419,
                3.999999761581421
            ],
            "scale": 0.9999996423721314
        },
        {
            "name": "Land_Wreck_hb01_aban1_white",
            "pos": [
                10407.2001953125,
                221.21202087402345,
                8936.1396484375
            ],
            "ypr": [
                -27.0,
                -2.4999990463256838,
                0.9999999403953552
            ],
            "scale": 0.9999996423721314
        },
        {
            "name": "StaticObj_Terrain_Livonia_GrassPatch",
            "pos": [
                10409.8984375,
                220.14547729492188,
                8934.8466796875
            ],
            "ypr": [
                0.0,
                -0.0,
                -0.0
            ],
            "scale": 1.0
        },
        {
            "name": "StaticObj_Tisy_Garages_Grass_R",
            "pos": [
                10403.7001953125,
                212.7776641845703,
                8933.8134765625
            ],
            "ypr": [
                -30.500003814697267,
                0.4999998211860657,
                -3.499999761581421
            ],
            "scale": 0.9999996423721314
        },
        {
            "name": "StaticObj_Terrain_Livonia_GrassPatch",
            "pos": [
                10404.244140625,
                219.84031677246095,
                8942.857421875
            ],
            "ypr": [
                -18.0,
                0.0,
                0.0
            ],
            "scale": 1.0
        },
        {
            "name": "StaticObj_Terrain_Livonia_GrassPatch",
            "pos": [
                10400.6748046875,
                219.96421813964845,
                8945.6376953125
            ],
            "ypr": [
                35.999996185302737,
                -0.0,
                -0.0
            ],
            "scale": 1.0
        },
        {
            "name": "StaticObj_Decal_damage_long9",
            "pos": [
                10409.345703125,
                224.91104125976563,
                8935.82421875
            ],
            "ypr": [
                -26.999988555908204,
                0.0,
                0.0
            ],
            "scale": 1.0
        },
        {
            "name": "StaticObj_Decal_damage_medium6",
            "pos": [
                10405.2890625,
                222.76112365722657,
                8942.9375
            ],
            "ypr": [
                0.0,
                -0.0,
                -0.0
            ],
            "scale": 1.0
        },
        {
            "name": "StaticObj_Decal_damage_medium6",
            "pos": [
                10422.5126953125,
                226.23292541503907,
                8873.275390625
            ],
            "ypr": [
                -35.999996185302737,
                0.0,
                0.0
            ],
            "scale": 1.0
        },
        {
            "name": "StaticObj_Decal_damage_medium7",
            "pos": [
                10423.6923828125,
                224.66397094726563,
                8880.8857421875
            ],
            "ypr": [
                -9.0,
                0.0,
                0.0
            ],
            "scale": 1.0
        },
        {
            "name": "StaticObj_Decal_oilstain3",
            "pos": [
                10422.9345703125,
                223.4834747314453,
                8886.2734375
            ],
            "ypr": [
                62.99997329711914,
                -0.0,
                -0.0
            ],
            "scale": 1.0
        },
        {
            "name": "StaticObj_ShellCrater1_Decal",
            "pos": [
                10441.576171875,
                225.04916381835938,
                8888.2919921875
            ],
            "ypr": [
                -35.999977111816409,
                0.0,
                0.0
            ],
            "scale": 1.0
        },
        {
            "name": "StaticObj_Terrain_Livonia_GrassPatch",
            "pos": [
                10423.1494140625,
                222.6266632080078,
                8883.2109375
            ],
            "ypr": [
                0.0,
                -0.0,
                -0.0
            ],
            "scale": 1.0
        },
        {
            "name": "StaticObj_Terrain_Livonia_GrassPatch",
            "pos": [
                10423.3916015625,
                222.15115356445313,
                8891.861328125
            ],
            "ypr": [
                -27.0,
                0.0,
                0.0
            ],
            "scale": 0.9999999403953552
        }
    ]
}