{
    "Objects": [
        {
            "name": "Land_Ruin_HouseBig1",
            "pos": [
                8219.169921875,
                294.17999267578127,
                6024.830078125
            ],
            "ypr": [
                -70.19999694824219,
                0.634056806564331,
                -0.17261193692684174
            ]
        },
        {
            "name": "Land_Castle_WallS_5_D",
            "pos": [
                8208.330078125,
                290.6610107421875,
                6027.52001953125
            ],
            "ypr": [
                -67.69989776611328,
                0.3408130705356598,
                -0.025521093979477884
            ]
        },
        {
            "name": "Land_Ruin_HouseBig2_Half",
            "pos": [
                8263.26953125,
                295.2409973144531,
                6012.85986328125
            ],
            "ypr": [
                -74.29989624023438,
                -2.8634092807769777,
                -0.25000685453414919
            ]
        },
        {
            "name": "Land_Ruin_Slum_House4",
            "pos": [
                8275.66015625,
                292.83001708984377,
                6005.81005859375
            ],
            "ypr": [
                11.099994659423829,
                -0.04830799251794815,
                -1.1847796440124512
            ]
        },
        {
            "name": "Land_Ruin_HouseSmall2",
            "pos": [
                8284.5703125,
                295.1669921875,
                5986.16015625
            ],
            "ypr": [
                8.499996185302735,
                0.6451097726821899,
                0.07213760167360306
            ]
        },
        {
            "name": "Land_Ruin_HouseBig1_Half",
            "pos": [
                8223.349609375,
                291.1659851074219,
                5998.93994140625
            ],
            "ypr": [
                16.600200653076173,
                1.8519798517227173,
                -1.8079993724822999
            ]
        },
        {
            "name": "Land_Ruin_HouseBig3_Half",
            "pos": [
                8304.0,
                294.43701171875,
                5974.56005859375
            ],
            "ypr": [
                4.099909782409668,
                0.0,
                0.0
            ]
        },
        {
            "name": "Land_Shed_W6",
            "pos": [
                8295.830078125,
                293.6520080566406,
                6004.2001953125
            ],
            "ypr": [
                7.699999809265137,
                0.0,
                0.0
            ]
        },
        {
            "name": "Land_House_1W03",
            "pos": [
                8309.3095703125,
                294.70001220703127,
                6000.64013671875
            ],
            "ypr": [
                97.49999237060547,
                0.0,
                0.0
            ]
        },
        {
            "name": "Land_Village_Store_Enoch",
            "pos": [
                8384.2900390625,
                294.9739990234375,
                5973.7001953125
            ],
            "ypr": [
                -175.60000610351563,
                0.24607716500759126,
                -0.2109154313802719
            ]
        },
        {
            "name": "Land_House_1W13_Dam",
            "pos": [
                8364.23046875,
                294.3710021972656,
                5942.169921875
            ],
            "ypr": [
                93.59990692138672,
                -0.004801402799785137,
                0.07631804794073105
            ]
        },
        {
            "name": "Land_Misc_Well_Pump_Yellow",
            "pos": [
                8389.23046875,
                292.6499938964844,
                5980.8798828125
            ],
            "ypr": [
                -98.9998779296875,
                0.0,
                0.0
            ]
        },
        {
            "name": "Land_Wreck_hb01_aban2_green",
            "pos": [
                8393.0400390625,
                292.8999938964844,
                5965.72021484375
            ],
            "ypr": [
                -135.0,
                -0.0,
                -0.0
            ]
        },
        {
            "name": "Land_Wreck_V3S",
            "pos": [
                8399.2802734375,
                293.3999938964844,
                5968.14013671875
            ],
            "ypr": [
                -178.19993591308595,
                0.0,
                0.0
            ]
        },
        {
            "name": "Land_House_1W04",
            "pos": [
                8431.8203125,
                295.0840148925781,
                5982.6201171875
            ],
            "ypr": [
                -106.99996948242188,
                -0.14641594886779786,
                0.04337049648165703
            ]
        },
        {
            "name": "Land_Ruin_Slum_House4",
            "pos": [
                8447.349609375,
                293.0,
                5988.27001953125
            ],
            "ypr": [
                162.9999542236328,
                0.0,
                0.0
            ]
        },
        {
            "name": "Land_Barn_Wood2",
            "pos": [
                8467.2802734375,
                295.2120056152344,
                5986.56005859375
            ],
            "ypr": [
                -16.200000762939454,
                0.0,
                0.0
            ]
        },
        {
            "name": "Land_Misc_Through_Static",
            "pos": [
                8468.7197265625,
                292.2659912109375,
                5995.5498046875
            ],
            "ypr": [
                -16.200000762939454,
                -0.0308292917907238,
                0.16797491908073426
            ]
        },
        {
            "name": "Land_Farm_Watertower",
            "pos": [
                8483.759765625,
                306.5849914550781,
                5993.06005859375
            ],
            "ypr": [
                -35.999996185302737,
                0.0,
                0.0
            ]
        },
        {
            "name": "Land_Misc_Polytunnel",
            "pos": [
                8426.25,
                293.29998779296877,
                5968.4599609375
            ],
            "ypr": [
                165.59996032714845,
                0.0,
                0.0
            ]
        },
        {
            "name": "Land_misc_chickenCoop",
            "pos": [
                8439.2099609375,
                293.0,
                5968.2099609375
            ],
            "ypr": [
                161.9999542236328,
                -0.07272619754076004,
                0.02363039366900921
            ]
        },
        {
            "name": "Land_misc_chickenCoop",
            "pos": [
                8436.490234375,
                293.0,
                5967.35986328125
            ],
            "ypr": [
                161.9999542236328,
                0.0,
                0.0
            ]
        },
        {
            "name": "DeadChicken_Brown",
            "pos": [
                8439.0595703125,
                292.0,
                5969.43994140625
            ],
            "ypr": [
                -135.0,
                -0.054071664810180667,
                -0.05407170578837395
            ]
        },
        {
            "name": "VomitBloodGround",
            "pos": [
                8438.9755859375,
                291.99951171875,
                5969.62353515625
            ],
            "ypr": [
                44.99999237060547,
                -0.0,
                -0.0
            ]
        },
        {
            "name": "Bone",
            "pos": [
                8436.8486328125,
                291.99542236328127,
                5968.60546875
            ],
            "ypr": [
                0.0,
                0.0,
                0.0
            ]
        },
        {
            "name": "Bone",
            "pos": [
                8436.595703125,
                291.99542236328127,
                5968.60595703125
            ],
            "ypr": [
                0.0,
                0.0,
                0.0
            ]
        },
        {
            "name": "Bone",
            "pos": [
                8436.5927734375,
                291.99578857421877,
                5968.8984375
            ],
            "ypr": [
                0.0,
                0.0,
                0.0
            ]
        },
        {
            "name": "Guts",
            "pos": [
                8436.0205078125,
                292.43048095703127,
                5980.91455078125
            ],
            "ypr": [
                0.0,
                0.0,
                0.0
            ]
        },
        {
            "name": "Guts",
            "pos": [
                8436.6298828125,
                292.4309997558594,
                5980.72998046875
            ],
            "ypr": [
                0.0,
                0.0,
                0.0
            ]
        },
        {
            "name": "Guts",
            "pos": [
                8435.9951171875,
                292.4303894042969,
                5980.22119140625
            ],
            "ypr": [
                0.0,
                0.0,
                0.0
            ]
        },
        {
            "name": "Guts",
            "pos": [
                8436.84375,
                292.4327087402344,
                5981.27001953125
            ],
            "ypr": [
                0.0,
                0.0,
                0.0
            ]
        },
        {
            "name": "VomitBloodGround",
            "pos": [
                8436.48046875,
                292.42999267578127,
                5981.0400390625
            ],
            "ypr": [
                15.0,
                0.0,
                0.0
            ]
        },
        {
            "name": "VomitBloodGround",
            "pos": [
                8435.7255859375,
                292.4282531738281,
                5980.13525390625
            ],
            "ypr": [
                35.999996185302737,
                0.0,
                0.0
            ]
        },
        {
            "name": "Land_Misc_DogHouse",
            "pos": [
                8431.0703125,
                292.9580078125,
                5984.81005859375
            ],
            "ypr": [
                -107.19998168945313,
                0.0,
                0.0
            ]
        },
        {
            "name": "VomitBloodGround",
            "pos": [
                8431.1298828125,
                291.9549865722656,
                5985.43017578125
            ],
            "ypr": [
                43.5,
                0.08975718170404434,
                -0.12353996187448502
            ]
        },
        {
            "name": "Bone",
            "pos": [
                8431.23046875,
                291.95001220703127,
                5985.25
            ],
            "ypr": [
                0.0,
                0.0,
                0.0
            ]
        },
        {
            "name": "Land_Village_HealthCare_Enoch",
            "pos": [
                8198.4501953125,
                293.5,
                6006.66015625
            ],
            "ypr": [
                -66.69999694824219,
                0.6857598423957825,
                -1.535929560661316
            ]
        },
        {
            "name": "Land_Ruin_Slum_House3",
            "pos": [
                8285.0498046875,
                293.04901123046877,
                6005.3798828125
            ],
            "ypr": [
                7.20005989074707,
                0.0,
                0.0
            ]
        },
        {
            "name": "Land_House_1W10_Brown",
            "pos": [
                8349.8701171875,
                293.83599853515627,
                5917.9599609375
            ],
            "ypr": [
                0.9999994039535523,
                0.15336599946022035,
                -0.07513336837291718
            ]
        },
        {
            "name": "Land_Castle_WallS_5_D",
            "pos": [
                8359.2099609375,
                292.5329895019531,
                5915.58984375
            ],
            "ypr": [
                -88.2000961303711,
                0.12930554151535035,
                -6.540400505065918
            ]
        },
        {
            "name": "Land_Castle_WallS_End",
            "pos": [
                8343.0302734375,
                292.9309997558594,
                5909.43017578125
            ],
            "ypr": [
                178.19993591308595,
                -6.65689754486084,
                -1.241835117340088
            ]
        },
        {
            "name": "Land_Shed_W2",
            "pos": [
                8338.73046875,
                291.989990234375,
                5917.419921875
            ],
            "ypr": [
                90.9999771118164,
                -0.38121795654296877,
                3.3575198650360109
            ]
        },
        {
            "name": "Land_Misc_Toilet_Dry",
            "pos": [
                8342.5,
                293.1000061035156,
                5911.10009765625
            ],
            "ypr": [
                179.49993896484376,
                -3.3689792156219484,
                -1.4218295812606812
            ]
        },
        {
            "name": "Land_Shed_W4",
            "pos": [
                8364.6796875,
                293.4100036621094,
                5934.4599609375
            ],
            "ypr": [
                -88.19998168945313,
                -0.002401889767497778,
                0.07643119990825653
            ]
        },
        {
            "name": "Land_Dead_MassGrave",
            "pos": [
                8327.41015625,
                292.17498779296877,
                5974.080078125
            ],
            "ypr": [
                5.400000095367432,
                0.0,
                0.0
            ]
        },
        {
            "name": "Land_Shed_W1",
            "pos": [
                8327.5302734375,
                293.4639892578125,
                6010.919921875
            ],
            "ypr": [
                5.399961471557617,
                -0.3413160741329193,
                -0.4892791211605072
            ]
        },
        {
            "name": "Land_Castle_WallS_5_D_nolc",
            "pos": [
                8285.8369140625,
                293.0182800292969,
                6008.923828125
            ],
            "ypr": [
                5.399999618530273,
                7.133476734161377,
                0.4476343095302582
            ]
        },
        {
            "name": "Land_Castle_WallS_5_D_nolc",
            "pos": [
                8277.642578125,
                293.0946350097656,
                6009.83837890625
            ],
            "ypr": [
                7.199998378753662,
                9.621170043945313,
                -0.08213727921247482
            ]
        },
        {
            "name": "Land_House_1B01_Pub",
            "pos": [
                8527.8603515625,
                295.20001220703127,
                6047.22021484375
            ],
            "ypr": [
                -130.10000610351563,
                -0.46240192651748659,
                -0.7872828245162964
            ]
        },
        {
            "name": "Land_Misc_TrailRoof_Big",
            "pos": [
                8370.849609375,
                293.6000061035156,
                5982.56005859375
            ],
            "ypr": [
                -83.09999084472656,
                0.0,
                0.0
            ]
        },
        {
            "name": "VomitBloodGround",
            "pos": [
                8372.57421875,
                291.9924621582031,
                5983.15185546875
            ],
            "ypr": [
                -152.99990844726563,
                0.0,
                -0.0
            ]
        },
        {
            "name": "VomitBloodGround",
            "pos": [
                8371.23046875,
                292.0,
                5983.3701171875
            ],
            "ypr": [
                179.99993896484376,
                0.07646887004375458,
                0.0
            ]
        },
        {
            "name": "Guts",
            "pos": [
                8372.4501953125,
                291.989990234375,
                5983.31005859375
            ],
            "ypr": [
                0.0,
                -0.07646887004375458,
                0.0
            ]
        },
        {
            "name": "Guts",
            "pos": [
                8371.7900390625,
                292.0,
                5983.5498046875
            ],
            "ypr": [
                -72.00001525878906,
                -0.02363019622862339,
                0.07272626459598541
            ]
        },
        {
            "name": "Land_Ruin_House_1W10",
            "pos": [
                8257.419921875,
                291.86700439453127,
                5989.08984375
            ],
            "ypr": [
                14.899995803833008,
                0.49106496572494509,
                -4.674008369445801
            ]
        },
        {
            "name": "Land_Repair_Center",
            "pos": [
                8406.0595703125,
                294.6549987792969,
                5994.31982421875
            ],
            "ypr": [
                -0.9999994039535523,
                -0.02363019622862339,
                -0.07272626459598541
            ]
        },
        {
            "name": "Land_Tank_Medium_Stairs",
            "pos": [
                8410.3466796875,
                293.5937194824219,
                5995.01611328125
            ],
            "ypr": [
                88.49999237060547,
                0.0,
                0.0
            ]
        },
        {
            "name": "Land_Wreck_S1023_Beige",
            "pos": [
                8398.2998046875,
                292.989990234375,
                5987.39990234375
            ],
            "ypr": [
                125.99999237060547,
                -1.1817036867141724,
                2.535412073135376
            ]
        },
        {
            "name": "Land_Ruin_HouseBig2_Half",
            "pos": [
                8434.3203125,
                295.73699951171877,
                6004.330078125
            ],
            "ypr": [
                71.49990844726563,
                0.49999985098838808,
                0.9999995231628418
            ]
        },
        {
            "name": "Land_Castle_Wall1_20_nolc",
            "pos": [
                8423.4697265625,
                284.1449890136719,
                5998.56982421875
            ],
            "ypr": [
                -106.79998016357422,
                -3.4668593406677248,
                -11.310697555541993
            ]
        },
        {
            "name": "Land_Shed_W2",
            "pos": [
                8423.3896484375,
                292.5,
                6003.2998046875
            ],
            "ypr": [
                -104.99998474121094,
                0.0,
                0.0
            ]
        },
        {
            "name": "Land_Castle_WallS_5_D_nolc",
            "pos": [
                8422.650390625,
                292.20599365234377,
                5995.419921875
            ],
            "ypr": [
                72.00001525878906,
                0.0,
                0.0
            ]
        },
        {
            "name": "Land_Wreck_Volha_Blue",
            "pos": [
                8380.7001953125,
                292.7300109863281,
                5984.25
            ],
            "ypr": [
                19.5,
                -6.499998569488525,
                0.1527039110660553
            ]
        },
        {
            "name": "Land_FuelStation_Feed",
            "pos": [
                8410.2197265625,
                292.78900146484377,
                5990.35986328125
            ],
            "ypr": [
                -1.2999999523162842,
                0.0,
                0.0
            ]
        },
        {
            "name": "Land_Ruin_HouseSmall1",
            "pos": [
                8342.0,
                295.9320068359375,
                6005.31982421875
            ],
            "ypr": [
                5.699999809265137,
                0.0,
                0.0
            ]
        },
        {
            "name": "Land_Castle_Wall1_20_nolc",
            "pos": [
                8321.7900390625,
                284.5870056152344,
                6012.2998046875
            ],
            "ypr": [
                95.89998626708985,
                0.0,
                0.0
            ]
        },
        {
            "name": "Land_Castle_WallS_5_D_nolc",
            "pos": [
                8321.900390625,
                292.2640075683594,
                6001.3798828125
            ],
            "ypr": [
                100.69999694824219,
                0.0,
                0.0
            ]
        },
        {
            "name": "Land_Castle_Wall1_20_nolc",
            "pos": [
                8254.6201171875,
                284.0,
                6021.009765625
            ],
            "ypr": [
                -74.69998168945313,
                -0.059173401445150378,
                -15.32249927520752
            ]
        },
        {
            "name": "Land_Castle_WallS_5_D",
            "pos": [
                8251.240234375,
                291.07501220703127,
                6013.2099609375
            ],
            "ypr": [
                104.39998626708985,
                0.0,
                0.0
            ]
        },
        {
            "name": "Land_Slum_House4",
            "pos": [
                8232.6796875,
                292.3710021972656,
                6017.83984375
            ],
            "ypr": [
                18.4999942779541,
                0.0,
                0.0
            ]
        },
        {
            "name": "Land_Ruin_HouseSmall1",
            "pos": [
                8245.0595703125,
                293.4679870605469,
                6018.2900390625
            ],
            "ypr": [
                105.89997863769531,
                0.0,
                0.0
            ]
        },
        {
            "name": "Land_Castle_Wall1_20_nolc",
            "pos": [
                8229.5634765625,
                282.864013671875,
                6025.31005859375
            ],
            "ypr": [
                107.99999237060547,
                0.0,
                0.0
            ]
        },
        {
            "name": "Land_Castle_Wall1_20_nolc",
            "pos": [
                8215.98046875,
                282.10198974609377,
                6001.330078125
            ],
            "ypr": [
                -69.99999237060547,
                0.059608083218336108,
                -4.50787878036499
            ]
        },
        {
            "name": "Land_Castle_Wall1_20_nolc",
            "pos": [
                8231.580078125,
                282.2699890136719,
                5996.85986328125
            ],
            "ypr": [
                108.19998168945313,
                1.4935595989227296,
                4.957578659057617
            ]
        },
        {
            "name": "Land_Ruin_HouseSmall1_Half",
            "pos": [
                8242.3603515625,
                289.385009765625,
                5993.08984375
            ],
            "ypr": [
                15.699996948242188,
                0.0,
                0.0
            ]
        },
        {
            "name": "Land_BusStop_Village2",
            "pos": [
                8299.4697265625,
                293.1000061035156,
                5992.02001953125
            ],
            "ypr": [
                -171.8000030517578,
                0.0,
                0.0
            ]
        },
        {
            "name": "Land_Wreck_Ikarus",
            "pos": [
                8300.23046875,
                293.1000061035156,
                5995.85009765625
            ],
            "ypr": [
                96.69988250732422,
                -0.07594668120145798,
                -2.5089190006256105
            ]
        },
        {
            "name": "Land_Village_Pub",
            "pos": [
                8184.06982421875,
                294.3599853515625,
                6041.009765625
            ],
            "ypr": [
                24.399999618530275,
                -0.20350448787212373,
                -1.7696233987808228
            ]
        },
        {
            "name": "Land_Castle_Wall1_20_nolc",
            "pos": [
                8166.22021484375,
                281.63800048828127,
                6051.93994140625
            ],
            "ypr": [
                113.39999389648438,
                2.465790033340454,
                0.0688576027750969
            ]
        },
        {
            "name": "Land_wreck_truck01_aban2_green",
            "pos": [
                8167.39990234375,
                289.29998779296877,
                6042.85009765625
            ],
            "ypr": [
                21.599998474121095,
                -0.07969988882541657,
                -2.4948296546936037
            ]
        },
        {
            "name": "Land_Ruin_House_1W09",
            "pos": [
                8448.490234375,
                292.9410095214844,
                5980.7998046875
            ],
            "ypr": [
                -14.100000381469727,
                0.0,
                0.0
            ]
        },
        {
            "name": "Land_Ruin_House_1W02",
            "pos": [
                8487.259765625,
                292.11199951171877,
                6018.77001953125
            ],
            "ypr": [
                -16.200000762939454,
                0.0,
                0.0
            ]
        },
        {
            "name": "Land_Ruin_House_1W12",
            "pos": [
                8510.580078125,
                293.4010009765625,
                6037.93017578125
            ],
            "ypr": [
                -39.799983978271487,
                0.0,
                0.0
            ]
        },
        {
            "name": "Land_Ruin_House_1W08",
            "pos": [
                8374.4404296875,
                293.6109924316406,
                6002.43994140625
            ],
            "ypr": [
                1.7999699115753174,
                0.0,
                0.0
            ]
        },
        {
            "name": "Land_Ruin_House_1W09",
            "pos": [
                8368.080078125,
                292.93798828125,
                5973.39990234375
            ],
            "ypr": [
                0.0,
                0.0,
                0.0
            ]
        },
        {
            "name": "Land_Ruin_House_1W09",
            "pos": [
                8358.0400390625,
                293.06298828125,
                6003.169921875
            ],
            "ypr": [
                3.5999996662139894,
                0.0,
                0.0
            ]
        }
    ]
}