{
    "Objects": [
        {
            "name": "MetalPlate",
            "pos": [
                4625.201171875,
                339.6473388671875,
                10443.9931640625
            ],
            "ypr": [
                -28.504648208618165,
                -0.0,
                -0.0
            ],
            "scale": 0.9999990463256836,
            "enableCEPersistency": 0
        },
        {
            "name": "MetalPlate",
            "pos": [
                4625.201171875,
                339.6473388671875,
                10443.9931640625
            ],
            "ypr": [
                -28.504648208618165,
                -0.0,
                -0.0
            ],
            "scale": 0.9999989867210388,
            "enableCEPersistency": 0
        },
        {
            "name": "MetalPlate",
            "pos": [
                4625.201171875,
                339.6473388671875,
                10443.9931640625
            ],
            "ypr": [
                -28.504648208618165,
                -0.0,
                -0.0
            ],
            "scale": 0.999998927116394,
            "enableCEPersistency": 0
        },
        {
            "name": "MetalPlate",
            "pos": [
                4625.201171875,
                339.6473388671875,
                10443.9931640625
            ],
            "ypr": [
                -28.504650115966798,
                -0.0,
                -0.0
            ],
            "scale": 0.9999988675117493,
            "enableCEPersistency": 0
        },
        {
            "name": "MetalPlate",
            "pos": [
                4625.201171875,
                339.6473388671875,
                10443.9931640625
            ],
            "ypr": [
                -28.50465202331543,
                -0.0,
                -0.0
            ],
            "scale": 0.9999987483024597,
            "enableCEPersistency": 0
        },
        {
            "name": "MetalPlate",
            "pos": [
                4625.201171875,
                339.6473388671875,
                10443.9931640625
            ],
            "ypr": [
                -28.50465202331543,
                -0.0,
                -0.0
            ],
            "scale": 0.9999986886978149,
            "enableCEPersistency": 0
        },
        {
            "name": "MetalPlate",
            "pos": [
                4625.201171875,
                339.6473388671875,
                10443.9931640625
            ],
            "ypr": [
                -28.50465202331543,
                -0.0,
                -0.0
            ],
            "scale": 0.9999986290931702,
            "enableCEPersistency": 0
        },
        {
            "name": "MetalPlate",
            "pos": [
                4625.201171875,
                339.6473388671875,
                10443.9931640625
            ],
            "ypr": [
                -28.50465202331543,
                -0.0,
                -0.0
            ],
            "scale": 0.9999985694885254,
            "enableCEPersistency": 0
        },
        {
            "name": "MetalPlate",
            "pos": [
                4625.201171875,
                339.6473388671875,
                10443.9931640625
            ],
            "ypr": [
                -28.50465202331543,
                -0.0,
                -0.0
            ],
            "scale": 0.9999984502792358,
            "enableCEPersistency": 0
        },
        {
            "name": "WoodenLog",
            "pos": [
                4624.845703125,
                339.6382141113281,
                10444.6240234375
            ],
            "ypr": [
                62.42700958251953,
                -0.0,
                -0.0
            ],
            "scale": 0.9999988675117493,
            "enableCEPersistency": 0
        },
        {
            "name": "TreeHard_t_BetulaPendula_3fc",
            "pos": [
                4624.57763671875,
                349.011962890625,
                10447.833984375
            ],
            "ypr": [
                42.427913665771487,
                36.96892166137695,
                0.0
            ],
            "scale": 1.0,
            "enableCEPersistency": 0
        },
        {
            "name": "TreeHard_t_BetulaPendula_2s",
            "pos": [
                4625.03955078125,
                346.2267761230469,
                10444.8701171875
            ],
            "ypr": [
                -4.093212604522705,
                27.306795120239259,
                0.0
            ],
            "scale": 1.0,
            "enableCEPersistency": 0
        },
        {
            "name": "TreeSoft_t_BetulaPendula_1fb",
            "pos": [
                4624.232421875,
                341.31317138671877,
                10443.2783203125
            ],
            "ypr": [
                -55.9801025390625,
                -17.002023696899415,
                0.0
            ],
            "scale": 1.0,
            "enableCEPersistency": 0
        },
        {
            "name": "TreeSoft_t_BetulaPendula_2f",
            "pos": [
                4621.3115234375,
                346.7506408691406,
                10446.232421875
            ],
            "ypr": [
                118.03092193603516,
                12.595685958862305,
                0.0
            ],
            "scale": 1.0,
            "enableCEPersistency": 0
        },
        {
            "name": "TreeSoft_t_BetulaPendula_2f",
            "pos": [
                4621.0703125,
                346.7506408691406,
                10442.7421875
            ],
            "ypr": [
                -130.34930419921876,
                -8.733452796936036,
                0.0
            ],
            "scale": 1.0,
            "enableCEPersistency": 0
        },
        {
            "name": "WoodenLog",
            "pos": [
                4624.845703125,
                339.6382141113281,
                10444.6240234375
            ],
            "ypr": [
                62.427001953125,
                -0.0,
                -0.0
            ],
            "scale": 0.9999988079071045,
            "enableCEPersistency": 0
        },
        {
            "name": "WoodenLog",
            "pos": [
                4624.845703125,
                339.6382141113281,
                10444.6240234375
            ],
            "ypr": [
                62.427001953125,
                -0.0,
                -0.0
            ],
            "scale": 0.9999986886978149,
            "enableCEPersistency": 0
        },
        {
            "name": "WoodenLog",
            "pos": [
                4624.845703125,
                339.6382141113281,
                10444.6240234375
            ],
            "ypr": [
                62.427001953125,
                -0.0,
                -0.0
            ],
            "scale": 0.9999985694885254,
            "enableCEPersistency": 0
        },
        {
            "name": "WoodenLog",
            "pos": [
                4624.845703125,
                339.6382141113281,
                10444.6240234375
            ],
            "ypr": [
                62.427001953125,
                -0.0,
                -0.0
            ],
            "scale": 0.9999985098838806,
            "enableCEPersistency": 0
        },
        {
            "name": "WoodenLog",
            "pos": [
                4624.845703125,
                339.6382141113281,
                10444.6240234375
            ],
            "ypr": [
                62.427001953125,
                -0.0,
                -0.0
            ],
            "scale": 0.9999984502792358,
            "enableCEPersistency": 0
        },
        {
            "name": "WoodenLog",
            "pos": [
                4624.845703125,
                339.6382141113281,
                10444.6240234375
            ],
            "ypr": [
                62.427001953125,
                -0.0,
                -0.0
            ],
            "scale": 0.9999983310699463,
            "enableCEPersistency": 0
        },
        {
            "name": "WoodenLog",
            "pos": [
                4624.845703125,
                339.6382141113281,
                10444.6240234375
            ],
            "ypr": [
                62.427001953125,
                -0.0,
                -0.0
            ],
            "scale": 0.9999982714653015,
            "enableCEPersistency": 0
        },
        {
            "name": "WoodenLog",
            "pos": [
                4624.845703125,
                339.6382141113281,
                10444.6240234375
            ],
            "ypr": [
                62.427001953125,
                -0.0,
                -0.0
            ],
            "scale": 0.9999982118606567,
            "enableCEPersistency": 0
        },
        {
            "name": "WoodenLog",
            "pos": [
                4624.845703125,
                339.6382141113281,
                10444.6240234375
            ],
            "ypr": [
                62.427001953125,
                -0.0,
                -0.0
            ],
            "scale": 0.9999980926513672,
            "enableCEPersistency": 0
        },
        {
            "name": "WoodenLog",
            "pos": [
                4624.845703125,
                339.6382141113281,
                10444.6240234375
            ],
            "ypr": [
                62.427001953125,
                -0.0,
                -0.0
            ],
            "scale": 0.9999980330467224,
            "enableCEPersistency": 0
        },
        {
            "name": "WoodenLog",
            "pos": [
                4624.845703125,
                339.6382141113281,
                10444.6240234375
            ],
            "ypr": [
                62.427001953125,
                -0.0,
                -0.0
            ],
            "scale": 0.9999979734420776,
            "enableCEPersistency": 0
        },
        {
            "name": "WoodenLog",
            "pos": [
                4624.845703125,
                339.6382141113281,
                10444.6240234375
            ],
            "ypr": [
                62.427001953125,
                -0.0,
                -0.0
            ],
            "scale": 0.9999979138374329,
            "enableCEPersistency": 0
        },
        {
            "name": "WoodenLog",
            "pos": [
                4624.845703125,
                339.6382141113281,
                10444.6240234375
            ],
            "ypr": [
                62.427001953125,
                -0.0,
                -0.0
            ],
            "scale": 0.9999978542327881,
            "enableCEPersistency": 0
        }
    ]
}