{
    "Objects": [
        {
            "name": "StaticObj_Bridge_Metal_25_1",
            "pos": [
                2414.472412109375,
                12.372814178466797,
                1408.757080078125
            ],
            "ypr": [
                -35.999996185302737,
                0.0,
                0.0
            ]
        },
        {
            "name": "StaticObj_Bridge_Metal_25_1",
            "pos": [
                2400.0087890625,
                12.372846603393555,
                1428.609130859375
            ],
            "ypr": [
                -35.999996185302737,
                0.0,
                0.0
            ]
        },
        {
            "name": "StaticObj_Bridge_Metal_25_1",
            "pos": [
                2385.550537109375,
                12.372733116149903,
                1448.50146484375
            ],
            "ypr": [
                -35.999996185302737,
                0.0,
                0.0
            ]
        },
        {
            "name": "StaticObj_Bridge_Metal_25_1",
            "pos": [
                2371.0869140625,
                12.37276554107666,
                1468.353515625
            ],
            "ypr": [
                -35.999996185302737,
                0.0,
                0.0
            ]
        },
        {
            "name": "StaticObj_Bridge_Metal_25_1",
            "pos": [
                2356.908203125,
                12.370259284973145,
                1487.883056640625
            ],
            "ypr": [
                -35.999996185302737,
                0.0,
                0.0
            ]
        },
        {
            "name": "StaticObj_Bridge_Metal_25_1",
            "pos": [
                2342.444580078125,
                12.370291709899903,
                1507.735107421875
            ],
            "ypr": [
                -35.999996185302737,
                0.0,
                0.0
            ]
        },
        {
            "name": "StaticObj_Bridge_Metal_25_1",
            "pos": [
                2327.986328125,
                12.37017822265625,
                1527.62744140625
            ],
            "ypr": [
                -35.999996185302737,
                0.0,
                0.0
            ]
        },
        {
            "name": "StaticObj_Bridge_Metal_25_1",
            "pos": [
                2315.31640625,
                12.368475914001465,
                1547.6490478515626
            ],
            "ypr": [
                -28.770442962646486,
                0.0,
                0.0
            ]
        },
        {
            "name": "StaticObj_Bridge_Metal_25_1",
            "pos": [
                2305.989990234375,
                12.379400253295899,
                1568.9200439453126
            ],
            "ypr": [
                -19.266695022583009,
                0.0,
                0.0
            ]
        },
        {
            "name": "StaticObj_Bridge_Metal_25_1",
            "pos": [
                2300.103271484375,
                12.379429817199707,
                1591.7867431640626
            ],
            "ypr": [
                -9.76669979095459,
                0.0,
                0.0
            ]
        },
        {
            "name": "StaticObj_Bridge_Metal_25_1",
            "pos": [
                2297.942626953125,
                12.37438678741455,
                1615.33251953125
            ],
            "ypr": [
                -0.8986499905586243,
                0.0,
                0.0
            ]
        },
        {
            "name": "StaticObj_Bridge_Metal_25_1",
            "pos": [
                2299.657470703125,
                12.374353408813477,
                1638.5919189453126
            ],
            "ypr": [
                9.101350784301758,
                0.0,
                0.0
            ]
        },
        {
            "name": "StaticObj_Bridge_Metal_25_1",
            "pos": [
                2305.151611328125,
                12.374277114868164,
                1661.57470703125
            ],
            "ypr": [
                17.601289749145509,
                0.0,
                0.0
            ]
        },
        {
            "name": "StaticObj_Bridge_Metal_25_1",
            "pos": [
                2312.386474609375,
                12.374231338500977,
                1684.313232421875
            ],
            "ypr": [
                17.601289749145509,
                0.0,
                0.0
            ]
        },
        {
            "name": "StaticObj_Bridge_Metal_25_1",
            "pos": [
                2319.735107421875,
                11.384791374206543,
                1707.458251953125
            ],
            "ypr": [
                17.601293563842775,
                -4.5,
                0.0
            ]
        },
        {
            "name": "StaticObj_Bridge_Metal_25_1",
            "pos": [
                2327.23388671875,
                9.44137191772461,
                1731.0880126953126
            ],
            "ypr": [
                17.60129165649414,
                -4.5,
                0.0
            ]
        },
        {
            "name": "StaticObj_Bridge_Metal_25_1",
            "pos": [
                2336.114013671875,
                7.582918643951416,
                1752.8582763671876
            ],
            "ypr": [
                26.57479476928711,
                -4.4995598793029789,
                -0.6299999952316284
            ]
        },
        {
            "name": "StaticObj_Bridge_Metal_25_1",
            "pos": [
                2347.0947265625,
                5.656831741333008,
                1774.803466796875
            ],
            "ypr": [
                26.57479476928711,
                -4.4995598793029789,
                -0.6299999952316284
            ]
        },
        {
            "name": "StaticObj_Bridge_Metal_25_1",
            "pos": [
                2358.157958984375,
                3.710638999938965,
                1796.946044921875
            ],
            "ypr": [
                26.57479476928711,
                -4.4995598793029789,
                -0.6299999952316284
            ]
        },
        {
            "name": "StaticObj_Bridge_Metal_25_1",
            "pos": [
                2369.12890625,
                1.7842278480529786,
                1818.891357421875
            ],
            "ypr": [
                26.57479476928711,
                -4.4995598793029789,
                -0.6299999952316284
            ]
        },
        {
            "name": "StaticObj_Bridge_Metal_25_1",
            "pos": [
                2378.560546875,
                -0.10271716117858887,
                1840.8399658203126
            ],
            "ypr": [
                19.972803115844728,
                -4.499360084533691,
                -0.12999999523162843
            ]
        },
        {
            "name": "StaticObj_Bridge_Metal_25_1",
            "pos": [
                2384.597412109375,
                -1.917385220527649,
                1863.1458740234376
            ],
            "ypr": [
                10.972803115844727,
                -4.499361038208008,
                0.5499995946884155
            ]
        },
        {
            "name": "StaticObj_Bridge_Metal_25_1",
            "pos": [
                2389.328125,
                -3.8849692344665529,
                1887.5208740234376
            ],
            "ypr": [
                10.972803115844727,
                -4.499361038208008,
                0.5499995946884155
            ]
        },
        {
            "name": "StaticObj_Bridge_Metal_25_1",
            "pos": [
                2392.7099609375,
                -4.888820171356201,
                1911.8699951171876
            ],
            "ypr": [
                4.472799301147461,
                0.0,
                0.49999985098838808
            ]
        },
        {
            "name": "StaticObj_Bridge_Metal_25_1",
            "pos": [
                2394.659912109375,
                -4.569742679595947,
                1936.6199951171876
            ],
            "ypr": [
                4.472799301147461,
                1.5,
                0.49999985098838808
            ]
        },
        {
            "name": "StaticObj_Bridge_Metal_25_1",
            "pos": [
                2396.258056640625,
                -3.2530224323272707,
                1961.5699462890626
            ],
            "ypr": [
                2.972799301147461,
                4.5,
                0.49999985098838808
            ]
        },
        {
            "name": "StaticObj_Bridge_Metal_25_1",
            "pos": [
                2397.01904296875,
                -2.9718399047851564,
                1985.1925048828126
            ],
            "ypr": [
                0.9728000164031982,
                -3.0,
                0.49999985098838808
            ]
        },
        {
            "name": "StaticObj_Bridge_Metal_25_1",
            "pos": [
                2429.08544921875,
                12.336738586425782,
                1388.660888671875
            ],
            "ypr": [
                -35.999996185302737,
                0.0,
                0.0
            ]
        },
        {
            "name": "StaticObj_Bridge_Metal_25_1",
            "pos": [
                2443.41552734375,
                12.33729362487793,
                1368.9388427734376
            ],
            "ypr": [
                -35.999996185302737,
                0.0,
                0.0
            ]
        },
        {
            "name": "StaticObj_Bridge_Metal_25_1",
            "pos": [
                2458.298828125,
                12.346699714660645,
                1349.8037109375
            ],
            "ypr": [
                -39.999996185302737,
                0.0,
                0.0
            ]
        },
        {
            "name": "StaticObj_Bridge_Metal_25_1",
            "pos": [
                2474.714599609375,
                12.345999717712403,
                1331.55859375
            ],
            "ypr": [
                135.85400390625,
                0.0,
                0.0
            ]
        },
        {
            "name": "StaticObj_Bridge_Metal_25_1",
            "pos": [
                2492.5634765625,
                12.35462760925293,
                1317.3099365234376
            ],
            "ypr": [
                121.42498016357422,
                0.0,
                0.0
            ]
        },
        {
            "name": "StaticObj_Bridge_Metal_25_1",
            "pos": [
                2512.291748046875,
                12.363688468933106,
                1310.8675537109376
            ],
            "ypr": [
                95.2874755859375,
                0.0,
                0.0
            ]
        },
        {
            "name": "StaticObj_Bridge_Metal_25_1",
            "pos": [
                2531.56005859375,
                12.968700408935547,
                1314.5699462890626
            ],
            "ypr": [
                61.59099578857422,
                3.499999523162842,
                -0.9999996423721314
            ]
        },
        {
            "name": "StaticObj_Platform2_Enter",
            "pos": [
                2556.77001953125,
                18.355512619018556,
                1332.06005859375
            ],
            "ypr": [
                -28.196500778198243,
                -0.9999999403953552,
                -0.49998193979263308
            ]
        },
        {
            "name": "StaticObj_Misc_ConcreteBlock2",
            "pos": [
                2529.780029296875,
                21.1792049407959,
                1308.31005859375
            ],
            "ypr": [
                114.38899230957031,
                0.9999999403953552,
                1.9999998807907105
            ]
        },
        {
            "name": "StaticObj_Misc_ConcreteBlock2",
            "pos": [
                2532.419921875,
                21.406999588012697,
                1311.449951171875
            ],
            "ypr": [
                -37.90659713745117,
                0.4978509545326233,
                -3.499999761581421
            ]
        },
        {
            "name": "StaticObj_Misc_ConcreteBlock2_Damaged",
            "pos": [
                2535.820068359375,
                21.665260314941408,
                1313.8199462890626
            ],
            "ypr": [
                -29.258501052856447,
                0.0,
                -2.499999761581421
            ]
        },
        {
            "name": "StaticObj_Misc_ConcreteBlock2_Damaged",
            "pos": [
                2539.949951171875,
                21.967981338500978,
                1316.2900390625
            ],
            "ypr": [
                -29.25849723815918,
                -0.4999999701976776,
                -3.499999761581421
            ]
        },
        {
            "name": "StaticObj_Misc_ConcreteBlock2_Damaged",
            "pos": [
                2535.401611328125,
                21.756071090698243,
                1322.072265625
            ],
            "ypr": [
                -29.258501052856447,
                0.0,
                -2.499999523162842
            ]
        },
        {
            "name": "StaticObj_Misc_ConcreteBlock2_Damaged",
            "pos": [
                2538.233642578125,
                21.93927574157715,
                1324.1669921875
            ],
            "ypr": [
                -39.133792877197269,
                -0.5000575184822083,
                -3.499995470046997
            ]
        },
        {
            "name": "StaticObj_Misc_ConcreteBlock2_Damaged",
            "pos": [
                2531.809326171875,
                21.611658096313478,
                1320.8616943359376
            ],
            "ypr": [
                -3.940666437149048,
                0.0,
                -2.4999990463256838
            ]
        },
        {
            "name": "StaticObj_Platform2_Enter",
            "pos": [
                2558.8798828125,
                18.453523635864259,
                1328.0699462890626
            ],
            "ypr": [
                -28.196500778198243,
                -1.5,
                -0.49998193979263308
            ]
        },
        {
            "name": "StaticObj_Platform1_Stairs_Block",
            "pos": [
                2540.2900390625,
                18.2101993560791,
                1325.260009765625
            ],
            "ypr": [
                -28.499998092651368,
                -0.9999999403953552,
                0.4999999701976776
            ]
        },
        {
            "name": "StaticObj_Platform1_Stairs_Block",
            "pos": [
                2542.166748046875,
                18.286399841308595,
                1321.81005859375
            ],
            "ypr": [
                -28.499998092651368,
                -0.9999999403953552,
                0.4999999701976776
            ]
        },
        {
            "name": "StaticObj_Platform1_Stairs_Block",
            "pos": [
                2544.03369140625,
                18.366811752319337,
                1318.3599853515626
            ],
            "ypr": [
                -28.499996185302736,
                -0.9999998211860657,
                0.49999991059303286
            ]
        },
        {
            "name": "StaticObj_Platform1_Stairs_Block",
            "pos": [
                2542.026123046875,
                18.185497283935548,
                1326.203369140625
            ],
            "ypr": [
                -28.499996185302736,
                -0.9999998211860657,
                0.49999991059303286
            ]
        },
        {
            "name": "StaticObj_Platform1_Stairs_Block",
            "pos": [
                2543.90283203125,
                18.26169776916504,
                1322.75341796875
            ],
            "ypr": [
                -28.499996185302736,
                -0.9999998211860657,
                0.49999991059303286
            ]
        },
        {
            "name": "StaticObj_Platform1_Stairs_Block",
            "pos": [
                2545.769775390625,
                18.34210968017578,
                1319.3033447265626
            ],
            "ypr": [
                -28.4999942779541,
                -0.9999997019767761,
                0.49999985098838808
            ]
        },
        {
            "name": "StaticObj_Platform1_Stairs_Block",
            "pos": [
                2543.768798828125,
                18.1688232421875,
                1327.150146484375
            ],
            "ypr": [
                -28.4999942779541,
                -0.9999997019767761,
                0.49999985098838808
            ]
        },
        {
            "name": "StaticObj_Platform1_Stairs_Block",
            "pos": [
                2545.6455078125,
                18.245023727416993,
                1323.7001953125
            ],
            "ypr": [
                -28.4999942779541,
                -0.9999997019767761,
                0.49999985098838808
            ]
        },
        {
            "name": "StaticObj_Platform1_Stairs_Block",
            "pos": [
                2547.512451171875,
                18.325435638427736,
                1320.2501220703126
            ],
            "ypr": [
                -28.49999237060547,
                -0.9999996423721314,
                0.4999998211860657
            ]
        },
        {
            "name": "StaticObj_Platform1_Stairs_Block",
            "pos": [
                2545.779296875,
                18.436826705932618,
                1314.9052734375
            ],
            "ypr": [
                -28.4999942779541,
                -0.9999997019767761,
                0.49999985098838808
            ]
        },
        {
            "name": "StaticObj_Platform1_Stairs_Block",
            "pos": [
                2547.515380859375,
                18.412124633789064,
                1315.8486328125
            ],
            "ypr": [
                -28.49999237060547,
                -0.9999996423721314,
                0.4999998211860657
            ]
        },
        {
            "name": "StaticObj_Platform1_Stairs_Block",
            "pos": [
                2549.258056640625,
                18.395450592041017,
                1316.79541015625
            ],
            "ypr": [
                -28.499990463256837,
                -0.9999996423721314,
                0.4999998211860657
            ]
        },
        {
            "name": "Land_Guardhouse",
            "pos": [
                2545.423095703125,
                22.793399810791017,
                1317.5069580078126
            ],
            "ypr": [
                -28.0,
                0.0,
                0.0
            ]
        },
        {
            "name": "Land_Castle_Stairs",
            "pos": [
                2543.29833984375,
                14.905993461608887,
                1308.72705078125
            ],
            "ypr": [
                -26.999990463256837,
                0.0,
                0.0
            ]
        },
        {
            "name": "StaticObj_Slum_Roof5",
            "pos": [
                2543.881103515625,
                23.784116744995118,
                1321.589599609375
            ],
            "ypr": [
                -27.0,
                0.0,
                0.0
            ]
        },
        {
            "name": "StaticObj_Misc_ConcreteBlock2_Damaged",
            "pos": [
                2543.563232421875,
                22.07862091064453,
                1322.08349609375
            ],
            "ypr": [
                -29.258501052856447,
                0.0,
                0.0
            ]
        },
        {
            "name": "StaticObj_Misc_Range_Roof",
            "pos": [
                2541.02001953125,
                23.199995040893556,
                1326.760009765625
            ],
            "ypr": [
                -28.0,
                0.0,
                0.0
            ]
        },
        {
            "name": "StaticObj_Misc_ConcreteBlock2_Damaged",
            "pos": [
                2546.14990234375,
                21.60683822631836,
                1327.949951171875
            ],
            "ypr": [
                -29.25849723815918,
                0.9999999403953552,
                14.0
            ]
        },
        {
            "name": "StaticObj_Misc_ConcreteBlock2_Damaged",
            "pos": [
                2548.887451171875,
                20.680025100708009,
                1330.4093017578126
            ],
            "ypr": [
                -48.41469192504883,
                1.0000089406967164,
                14.0
            ]
        },
        {
            "name": "StaticObj_Misc_ConcreteBlock2_Damaged",
            "pos": [
                2549.740234375,
                21.74028778076172,
                1321.594482421875
            ],
            "ypr": [
                -29.25849723815918,
                0.9999998211860657,
                14.0
            ]
        },
        {
            "name": "StaticObj_Misc_ConcreteBlock2_Damaged",
            "pos": [
                2552.371826171875,
                20.919273376464845,
                1323.1619873046876
            ],
            "ypr": [
                -29.25849723815918,
                0.9999997019767761,
                14.0
            ]
        },
        {
            "name": "StaticObj_Platform1_Stairs_Block",
            "pos": [
                2539.5087890625,
                18.172691345214845,
                1326.727294921875
            ],
            "ypr": [
                -28.499996185302736,
                -0.9999998211860657,
                0.49999991059303286
            ]
        },
        {
            "name": "StaticObj_Platform1_Stairs_Block",
            "pos": [
                2541.244873046875,
                18.14798927307129,
                1327.670654296875
            ],
            "ypr": [
                -28.4999942779541,
                -0.9999997019767761,
                0.49999985098838808
            ]
        },
        {
            "name": "StaticObj_Platform1_Stairs_Block",
            "pos": [
                2542.987548828125,
                18.131315231323243,
                1328.617431640625
            ],
            "ypr": [
                -28.49999237060547,
                -0.9999996423721314,
                0.4999998211860657
            ]
        },
        {
            "name": "StaticObj_Wall_Fen3_4",
            "pos": [
                2539.510009765625,
                22.356197357177736,
                1328.989990234375
            ],
            "ypr": [
                151.0,
                0.0,
                0.0
            ]
        },
        {
            "name": "StaticObj_Wall_Fen7_4",
            "pos": [
                2538.351318359375,
                22.256927490234376,
                1326.1094970703126
            ],
            "ypr": [
                -119.2641830444336,
                -0.0,
                -0.0
            ]
        },
        {
            "name": "StaticObj_Wall_Tin6_2_4",
            "pos": [
                2541.147216796875,
                22.36513900756836,
                1329.8651123046876
            ],
            "ypr": [
                151.3401336669922,
                0.0,
                -0.0
            ]
        },
        {
            "name": "StaticObj_Wall_IndCnc4_Pole",
            "pos": [
                2542.8642578125,
                23.01118278503418,
                1330.440185546875
            ],
            "ypr": [
                -28.499990463256837,
                0.0,
                0.0
            ]
        },
        {
            "name": "StaticObj_Wall_IndCnc4_Pole",
            "pos": [
                2543.0947265625,
                23.009225845336915,
                1330.017333984375
            ],
            "ypr": [
                -28.499990463256837,
                0.0,
                0.0
            ]
        },
        {
            "name": "StaticObj_Wall_IndCnc4_Pole",
            "pos": [
                2543.333740234375,
                23.0035457611084,
                1329.57861328125
            ],
            "ypr": [
                -28.499990463256837,
                0.0,
                0.0
            ]
        },
        {
            "name": "Land_Roadblock_WoodenCrate",
            "pos": [
                2538.864501953125,
                21.8796443939209,
                1327.90380859375
            ],
            "ypr": [
                62.99997329711914,
                -0.0,
                -0.0
            ]
        },
        {
            "name": "StaticObj_Misc_Chair_Camp2",
            "pos": [
                2540.2392578125,
                22.043882369995118,
                1328.7257080078126
            ],
            "ypr": [
                0.0,
                -0.0,
                -0.0
            ]
        },
        {
            "name": "StaticObj_Misc_BoxWooden",
            "pos": [
                2542.29052734375,
                22.01527214050293,
                1329.68701171875
            ],
            "ypr": [
                -35.999996185302737,
                0.0,
                0.0
            ]
        },
        {
            "name": "StaticObj_Misc_BagFence_3m",
            "pos": [
                2543.406982421875,
                21.927860260009767,
                1326.6185302734376
            ],
            "ypr": [
                -28.10007667541504,
                -0.0,
                -0.0
            ]
        },
        {
            "name": "StaticObj_Misc_BagFence_3m",
            "pos": [
                2540.315185546875,
                21.94084358215332,
                1324.942626953125
            ],
            "ypr": [
                -28.10007667541504,
                -0.0,
                -0.0
            ]
        },
        {
            "name": "StaticObj_Garbage_Bin",
            "pos": [
                2544.46533203125,
                22.377609252929689,
                1314.514892578125
            ],
            "ypr": [
                0.0,
                -0.0,
                -0.0
            ]
        },
        {
            "name": "StaticObj_Garbage_Bin",
            "pos": [
                2543.827392578125,
                22.35650062561035,
                1314.3017578125
            ],
            "ypr": [
                133.16664123535157,
                -0.0,
                -0.0
            ]
        },
        {
            "name": "StaticObj_Misc_Gunrack",
            "pos": [
                2547.939208984375,
                22.385498046875,
                1317.89501953125
            ],
            "ypr": [
                0.0,
                -0.0,
                -0.0
            ]
        }
    ]
}