{
    "Objects": [
        {
            "name": "Land_Castle_Stairs",
            "pos": [
                13377.63671875,
                3.4800729751586916,
                6594.3046875
            ],
            "ypr": [
                -18.574926376342775,
                0.0,
                0.0
            ]
        },
        {
            "name": "StaticObj_Wall_VilVar2_4",
            "pos": [
                13386.0166015625,
                4.689051628112793,
                6597.8896484375
            ],
            "ypr": [
                -109.46634674072266,
                0.0,
                -0.0
            ]
        },
        {
            "name": "StaticObj_Wall_VilVar2_4",
            "pos": [
                13385.0126953125,
                4.506494522094727,
                6595.587890625
            ],
            "ypr": [
                -25.471031188964845,
                0.0,
                -0.0
            ]
        },
        {
            "name": "StaticObj_Wall_VilVar2_4",
            "pos": [
                13381.3662109375,
                4.481698989868164,
                6594.21533203125
            ],
            "ypr": [
                -15.894521713256836,
                0.0,
                -0.0
            ]
        },
        {
            "name": "StaticObj_Wall_VilVar2_4",
            "pos": [
                13382.4765625,
                4.685870170593262,
                6592.333984375
            ],
            "ypr": [
                -13.498161315917969,
                0.0,
                -0.0
            ]
        },
        {
            "name": "StaticObj_Wall_VilVar2_4",
            "pos": [
                13376.458984375,
                4.518916130065918,
                6592.67626953125
            ],
            "ypr": [
                64.10275268554688,
                0.0,
                -0.0
            ]
        },
        {
            "name": "StaticObj_Wall_VilVar2_4",
            "pos": [
                13376.41015625,
                4.673303127288818,
                6606.51171875
            ],
            "ypr": [
                172.29771423339845,
                0.0,
                -0.0
            ]
        },
        {
            "name": "StaticObj_Wall_VilVar2_4",
            "pos": [
                13384.7001953125,
                4.709582328796387,
                6601.6318359375
            ],
            "ypr": [
                -108.98104858398438,
                0.0,
                -0.0
            ]
        },
        {
            "name": "StaticObj_Wall_VilVar2_4",
            "pos": [
                13383.2626953125,
                4.6590986251831059,
                6605.31591796875
            ],
            "ypr": [
                -114.44801330566406,
                0.0,
                2.4999990463256838
            ]
        },
        {
            "name": "Land_Wall_Gate_Fen4",
            "pos": [
                13380.4111328125,
                4.937142848968506,
                6607.03125
            ],
            "ypr": [
                -4.389575004577637,
                -1.000290036201477,
                -0.9999996423721314
            ]
        },
        {
            "name": "StaticObj_Wall_Tin7_8",
            "pos": [
                13388.9697265625,
                11.390962600708008,
                6597.82568359375
            ],
            "ypr": [
                -17.350568771362306,
                -0.0,
                -0.0
            ]
        },
        {
            "name": "StaticObj_Wall_Tin7_8",
            "pos": [
                13396.55078125,
                11.41319465637207,
                6600.19580078125
            ],
            "ypr": [
                -17.350568771362306,
                -0.0,
                -0.0
            ]
        },
        {
            "name": "StaticObj_Wall_IndFnc2_3",
            "pos": [
                13400.833984375,
                11.302705764770508,
                6601.5302734375
            ],
            "ypr": [
                164.74359130859376,
                0.0,
                0.0
            ]
        },
        {
            "name": "StaticObj_Wall_PipeFenceWall_8",
            "pos": [
                13402.7001953125,
                6.502449989318848,
                6613.60009765625
            ],
            "ypr": [
                -107.93097686767578,
                0.0,
                0.0
            ]
        },
        {
            "name": "StaticObj_Wall_PipeFence_4",
            "pos": [
                13401.6279296875,
                11.06828498840332,
                6603.90283203125
            ],
            "ypr": [
                72.84294891357422,
                0.0,
                0.0
            ]
        },
        {
            "name": "StaticObj_Wall_Tin6_2_4",
            "pos": [
                13400.400390625,
                11.571733474731446,
                6607.765625
            ],
            "ypr": [
                -106.25616455078125,
                0.0,
                -0.0
            ]
        },
        {
            "name": "StaticObj_Misc_ConcreteBlock2_Damaged",
            "pos": [
                13399.6044921875,
                10.97288703918457,
                6609.376953125
            ],
            "ypr": [
                75.88394927978516,
                0.0,
                0.0
            ]
        },
        {
            "name": "StaticObj_Wall_VilVar2_4",
            "pos": [
                13379.556640625,
                4.650256156921387,
                6591.71875
            ],
            "ypr": [
                -10.6915922164917,
                0.0,
                -0.0
            ]
        },
        {
            "name": "StaticObj_Wall_IndFnc_9",
            "pos": [
                13385.203125,
                5.779994010925293,
                6599.72412109375
            ],
            "ypr": [
                69.7189712524414,
                0.0,
                0.0
            ]
        },
        {
            "name": "StaticObj_Wall_IndFnc_3",
            "pos": [
                13383.015625,
                5.787928581237793,
                6605.7197265625
            ],
            "ypr": [
                69.24292755126953,
                0.0,
                0.0
            ]
        },
        {
            "name": "StaticObj_Wall_IndFnc_Corner",
            "pos": [
                13385.509765625,
                5.569711685180664,
                6595.7548828125
            ],
            "ypr": [
                154.74334716796876,
                0.0,
                0.0
            ]
        },
        {
            "name": "StaticObj_Wall_IndFnc_3",
            "pos": [
                13382.720703125,
                5.568994522094727,
                6594.6396484375
            ],
            "ypr": [
                163.74362182617188,
                0.0,
                0.0
            ]
        },
        {
            "name": "StaticObj_Wall_IndFnc_3_Hole",
            "pos": [
                13380.8330078125,
                5.509851455688477,
                6594.1162109375
            ],
            "ypr": [
                169.6402587890625,
                0.0,
                0.0
            ]
        },
        {
            "name": "StaticObj_Wall_IndFnc_Pole",
            "pos": [
                13379.4130859375,
                5.471887588500977,
                6593.86376953125
            ],
            "ypr": [
                154.74334716796876,
                0.0,
                0.0
            ]
        },
        {
            "name": "StaticObj_Wall_IndFnc_9",
            "pos": [
                13381.7744140625,
                6.307443618774414,
                6591.92041015625
            ],
            "ypr": [
                166.99722290039063,
                0.0,
                0.0
            ]
        },
        {
            "name": "StaticObj_Wall_IndFnc_Pole",
            "pos": [
                13377.90234375,
                5.832275867462158,
                6590.52490234375
            ],
            "ypr": [
                163.74362182617188,
                0.0,
                0.0
            ]
        },
        {
            "name": "StaticObj_Wall_IndFnc_3",
            "pos": [
                13376.86328125,
                5.854379177093506,
                6606.5546875
            ],
            "ypr": [
                -7.256476402282715,
                0.0,
                -0.0
            ]
        },
        {
            "name": "StaticObj_Wall_IndFnc_Pole",
            "pos": [
                13378.3486328125,
                5.940698146820068,
                6606.7958984375
            ],
            "ypr": [
                -7.256476402282715,
                0.0,
                -0.0
            ]
        },
        {
            "name": "StaticObj_Wall_IndFnc_9",
            "pos": [
                13370.0,
                4.934067726135254,
                6604.5
            ],
            "ypr": [
                -103.97499084472656,
                0.0,
                0.0
            ]
        },
        {
            "name": "StaticObj_Wall_IndFnc_9",
            "pos": [
                13372.3447265625,
                4.918215274810791,
                6595.87548828125
            ],
            "ypr": [
                -106.25616455078125,
                0.0,
                -0.0
            ]
        },
        {
            "name": "StaticObj_Misc_Pallets3",
            "pos": [
                13385.8486328125,
                5.064600467681885,
                6592.154296875
            ],
            "ypr": [
                82.59939575195313,
                -0.0,
                -0.0
            ]
        },
        {
            "name": "StaticObj_Misc_Pallets2",
            "pos": [
                13384.234375,
                4.704615116119385,
                6591.87646484375
            ],
            "ypr": [
                -106.25616455078125,
                0.0,
                -0.0
            ]
        },
        {
            "name": "StaticObj_Garbage_Pile8",
            "pos": [
                13385.8720703125,
                4.794839859008789,
                6595.24609375
            ],
            "ypr": [
                136.74288940429688,
                -0.0,
                -0.0
            ]
        },
        {
            "name": "StaticObj_Garbage_Pile7",
            "pos": [
                13387.5,
                4.822305679321289,
                6596.48974609375
            ],
            "ypr": [
                91.74293518066406,
                0.0,
                0.0
            ]
        },
        {
            "name": "StaticObj_Garbage_Pile8",
            "pos": [
                13385.7197265625,
                4.806940078735352,
                6594.47607421875
            ],
            "ypr": [
                -16.256507873535158,
                0.0,
                -0.0
            ]
        },
        {
            "name": "StaticObj_Garbage_Pile2",
            "pos": [
                13387.0244140625,
                4.592203617095947,
                6592.00439453125
            ],
            "ypr": [
                163.7436065673828,
                -0.0,
                -0.0
            ]
        },
        {
            "name": "StaticObj_Garbage_Pile3",
            "pos": [
                13375.755859375,
                4.602197170257568,
                6607.70166015625
            ],
            "ypr": [
                163.74362182617188,
                -0.0,
                -0.0
            ]
        },
        {
            "name": "StaticObj_Garbage_Pile6",
            "pos": [
                13373.8583984375,
                3.939940929412842,
                6608.04150390625
            ],
            "ypr": [
                -120.89958953857422,
                -0.0,
                -0.0
            ]
        },
        {
            "name": "StaticObj_Garbage_Pile8",
            "pos": [
                13371.427734375,
                4.809066295623779,
                6608.32470703125
            ],
            "ypr": [
                -19.049062728881837,
                -0.0,
                -0.0
            ]
        },
        {
            "name": "StaticObj_Garbage_Pile7",
            "pos": [
                13370.3994140625,
                4.8787841796875,
                6607.6376953125
            ],
            "ypr": [
                167.6131134033203,
                -0.0,
                -0.0
            ]
        },
        {
            "name": "StaticObj_Garbage_Pile8",
            "pos": [
                13383.2373046875,
                4.7511091232299809,
                6606.50048828125
            ],
            "ypr": [
                55.74307632446289,
                0.0,
                0.0
            ]
        },
        {
            "name": "StaticObj_Garbage_Pile7",
            "pos": [
                13384.2978515625,
                4.627161979675293,
                6606.67041015625
            ],
            "ypr": [
                37.743194580078128,
                0.0,
                -0.0
            ]
        },
        {
            "name": "StaticObj_Garbage_Container_Glass",
            "pos": [
                13399.982421875,
                5.148298740386963,
                6618.2744140625
            ],
            "ypr": [
                154.74334716796876,
                -0.0,
                -0.0
            ]
        },
        {
            "name": "StaticObj_Garbage_Pile5",
            "pos": [
                13398.3486328125,
                4.219095230102539,
                6618.76611328125
            ],
            "ypr": [
                154.74334716796876,
                -0.0,
                -0.0
            ]
        },
        {
            "name": "StaticObj_Wall_Tin_4",
            "pos": [
                13383.3525390625,
                11.132646560668946,
                6601.60693359375
            ],
            "ypr": [
                72.99806213378906,
                0.0,
                0.0
            ]
        },
        {
            "name": "StaticObj_Wall_Tin_4",
            "pos": [
                13384.03125,
                11.10533332824707,
                6605.923828125
            ],
            "ypr": [
                162.74420166015626,
                0.0,
                0.0
            ]
        },
        {
            "name": "StaticObj_Wall_WoodF_5_2",
            "pos": [
                13382.72265625,
                10.744783401489258,
                6603.05029296875
            ],
            "ypr": [
                -106.1369857788086,
                0.0,
                0.0
            ]
        },
        {
            "name": "StaticObj_Wall_Fen6_8",
            "pos": [
                13389.4326171875,
                11.85270881652832,
                6607.900390625
            ],
            "ypr": [
                162.24356079101563,
                0.0,
                0.0
            ]
        },
        {
            "name": "StaticObj_Wall_Fen6_8",
            "pos": [
                13395.6064453125,
                11.831621170043946,
                6609.62060546875
            ],
            "ypr": [
                -17.684520721435548,
                0.0,
                0.0
            ]
        },
        {
            "name": "StaticObj_Wall_Fen6_Pole",
            "pos": [
                13392.517578125,
                11.98106575012207,
                6608.81298828125
            ],
            "ypr": [
                -3.860635757446289,
                -0.0,
                -0.0
            ]
        },
        {
            "name": "StaticObj_Slum_Roof5",
            "pos": [
                13397.3095703125,
                12.139482498168946,
                6605.509765625
            ],
            "ypr": [
                163.74362182617188,
                -0.0,
                -0.0
            ]
        },
        {
            "name": "StaticObj_Slum_Roof3",
            "pos": [
                13384.8310546875,
                12.272844314575196,
                6603.40478515625
            ],
            "ypr": [
                69.51214599609375,
                0.0,
                0.0
            ]
        },
        {
            "name": "StaticObj_Misc_Range_Roof",
            "pos": [
                13389.6484375,
                12.31608772277832,
                6606.4599609375
            ],
            "ypr": [
                -16.256458282470704,
                0.0,
                -0.0
            ]
        },
        {
            "name": "StaticObj_Wall_Tin_4",
            "pos": [
                13385.70703125,
                11.107515335083008,
                6600.42578125
            ],
            "ypr": [
                -22.049720764160158,
                0.0,
                0.0
            ]
        },
        {
            "name": "Land_Wreck_Ikarus",
            "pos": [
                13394.521484375,
                5.600152015686035,
                6603.41845703125
            ],
            "ypr": [
                163.74362182617188,
                0.4999998211860657,
                0.4999998211860657
            ]
        },
        {
            "name": "Land_Wreck_Volha_Blue",
            "pos": [
                13389.541015625,
                4.988734245300293,
                6604.35888671875
            ],
            "ypr": [
                -16.256458282470704,
                0.0,
                -0.0
            ]
        },
        {
            "name": "Land_Wreck_S1023_Beige",
            "pos": [
                13388.646484375,
                5.262782096862793,
                6599.36962890625
            ],
            "ypr": [
                154.74334716796876,
                -0.0,
                -0.0
            ]
        },
        {
            "name": "Land_Wreck_hb01_aban1_white",
            "pos": [
                13396.64453125,
                5.307240009307861,
                6605.97802734375
            ],
            "ypr": [
                172.74375915527345,
                -0.0,
                -0.0
            ]
        },
        {
            "name": "Land_BusStop_Village2",
            "pos": [
                13417.0732421875,
                5.412470817565918,
                6613.85986328125
            ],
            "ypr": [
                69.97325897216797,
                0.0,
                -0.0
            ]
        },
        {
            "name": "StaticObj_Tisy_Garages_Grass_R",
            "pos": [
                13388.400390625,
                -3.1655452251434328,
                6611.0400390625
            ],
            "ypr": [
                161.39097595214845,
                3.4943995475769045,
                -2.499999523162842
            ]
        },
        {
            "name": "StaticObj_Mil_ReinforcedTank2_Grass_Top",
            "pos": [
                13392.951171875,
                -4.638298034667969,
                6593.01416015625
            ],
            "ypr": [
                136.7428741455078,
                -0.0,
                -0.0
            ]
        },
        {
            "name": "StaticObj_Mil_ReinforcedTank2_Grass_Top",
            "pos": [
                13387.1318359375,
                -4.58024787902832,
                6605.59521484375
            ],
            "ypr": [
                136.7428741455078,
                -0.0,
                -0.0
            ]
        },
        {
            "name": "StaticObj_Wall_VilVar2_4",
            "pos": [
                13374.861328125,
                4.706732273101807,
                6606.29345703125
            ],
            "ypr": [
                171.05657958984376,
                0.0,
                -0.0
            ]
        },
        {
            "name": "StaticObj_Wall_IndFnc_3",
            "pos": [
                13374.404296875,
                5.841581344604492,
                6606.15478515625
            ],
            "ypr": [
                -7.256476402282715,
                0.0,
                -0.0
            ]
        },
        {
            "name": "StaticObj_Wall_PipeFenceWall_8",
            "pos": [
                13405.01171875,
                6.500125408172607,
                6606.31396484375
            ],
            "ypr": [
                -107.93097686767578,
                0.0,
                0.0
            ]
        },
        {
            "name": "StaticObj_Wall_PipeFenceWall_8",
            "pos": [
                13407.3623046875,
                6.500110149383545,
                6599.02587890625
            ],
            "ypr": [
                -107.93097686767578,
                0.0,
                0.0
            ]
        },
        {
            "name": "StaticObj_Wall_PipeFenceWall_8",
            "pos": [
                13409.72265625,
                6.4977827072143559,
                6591.7431640625
            ],
            "ypr": [
                -107.93097686767578,
                0.0,
                0.0
            ]
        },
        {
            "name": "StaticObj_Wall_VilVar2_4",
            "pos": [
                13384.8515625,
                4.710050106048584,
                6592.82861328125
            ],
            "ypr": [
                166.87619018554688,
                0.0,
                -0.0
            ]
        },
        {
            "name": "Land_Wreck_Volha_Grey",
            "pos": [
                13425.2001953125,
                4.4370598793029789,
                6573.18017578125
            ],
            "ypr": [
                161.99996948242188,
                -0.9999998211860657,
                0.0
            ]
        },
        {
            "name": "Land_Wreck_Ikarus",
            "pos": [
                13416.4755859375,
                5.665288925170898,
                6604.25537109375
            ],
            "ypr": [
                161.99986267089845,
                0.0,
                -0.0
            ]
        },
        {
            "name": "Land_Wreck_S1023_Blue",
            "pos": [
                13418.6748046875,
                5.13338565826416,
                6591.421875
            ],
            "ypr": [
                161.9998321533203,
                0.0,
                -0.0
            ]
        },
        {
            "name": "Land_Wreck_sed01_aban1_black",
            "pos": [
                13420.9990234375,
                4.775089740753174,
                6583.19091796875
            ],
            "ypr": [
                161.99986267089845,
                0.0,
                -0.0
            ]
        },
        {
            "name": "Land_wreck_truck01_aban1_blue",
            "pos": [
                13429.599609375,
                3.4755704402923586,
                6558.77978515625
            ],
            "ypr": [
                161.99996948242188,
                -1.5,
                0.0
            ]
        },
        {
            "name": "Land_Wreck_sed02_aban1_red",
            "pos": [
                13419.0478515625,
                4.650450229644775,
                6569.05126953125
            ],
            "ypr": [
                -35.99998092651367,
                0.0,
                0.0
            ]
        },
        {
            "name": "Land_Wreck_sed01_aban2_wine",
            "pos": [
                13413.400390625,
                4.7789998054504398,
                6574.47998046875
            ],
            "ypr": [
                -54.0,
                1.9999998807907105,
                0.9999997019767761
            ]
        },
        {
            "name": "Land_Wreck_hb02_aban2_black",
            "pos": [
                13400.94140625,
                5.005274772644043,
                6583.509765625
            ],
            "ypr": [
                -44.99998092651367,
                0.0,
                0.0
            ]
        },
        {
            "name": "Land_Wreck_hb01_aban1_blue",
            "pos": [
                13409.2783203125,
                5.314465522766113,
                6604.41064453125
            ],
            "ypr": [
                -18.0,
                0.0,
                0.0
            ]
        },
        {
            "name": "Land_Wreck_S1023_Beige",
            "pos": [
                13407.33984375,
                5.25712251663208,
                6612.41455078125
            ],
            "ypr": [
                -18.0,
                0.0,
                0.0
            ]
        },
        {
            "name": "Land_Wreck_Uaz",
            "pos": [
                13403.4140625,
                5.169190883636475,
                6625.36669921875
            ],
            "ypr": [
                -18.0,
                0.0,
                0.0
            ]
        },
        {
            "name": "Land_Wreck_Lada_Red",
            "pos": [
                13390.7431640625,
                5.390254974365234,
                6644.56103515625
            ],
            "ypr": [
                9.0,
                -0.0,
                -0.0
            ]
        },
        {
            "name": "Land_Wreck_Volha_Grey",
            "pos": [
                13392.0146484375,
                5.471528053283691,
                6653.04443359375
            ],
            "ypr": [
                -35.999996185302737,
                0.0,
                0.0
            ]
        },
        {
            "name": "Land_Wreck_V3S",
            "pos": [
                13403.5,
                6.147318363189697,
                6642.0
            ],
            "ypr": [
                161.99996948242188,
                -2.499999523162842,
                0.0
            ]
        },
        {
            "name": "Land_Wreck_hb02_aban1_blue",
            "pos": [
                13400.0,
                5.5177998542785648,
                6650.93017578125
            ],
            "ypr": [
                161.99996948242188,
                -1.5,
                0.0
            ]
        },
        {
            "name": "Land_Wreck_S1023_Blue",
            "pos": [
                13386.0458984375,
                6.625227451324463,
                6698.00732421875
            ],
            "ypr": [
                170.99986267089845,
                0.0,
                -0.0
            ]
        },
        {
            "name": "StaticObj_Tisy_Garages_Grass_L",
            "pos": [
                13406.2001953125,
                -2.833853244781494,
                6628.10009765625
            ],
            "ypr": [
                -18.0,
                3.0,
                2.999999523162842
            ]
        },
        {
            "name": "StaticObj_Tisy_Garages_Grass_L",
            "pos": [
                13389.2998046875,
                -1.4927023649215699,
                6692.33984375
            ],
            "ypr": [
                -18.0,
                2.499999523162842,
                1.9999996423721314
            ]
        },
        {
            "name": "StaticObj_Mil_ReinforcedTank1_Grass",
            "pos": [
                13380.78515625,
                -0.886742115020752,
                6693.74755859375
            ],
            "ypr": [
                0.0,
                -0.0,
                -0.0
            ]
        },
        {
            "name": "StaticObj_Mil_ReinforcedTank1_Grass",
            "pos": [
                13391.9375,
                -1.6709599494934083,
                6656.41455078125
            ],
            "ypr": [
                0.0,
                -0.0,
                -0.0
            ]
        },
        {
            "name": "StaticObj_Mil_ReinforcedTank1_Grass",
            "pos": [
                13391.9375,
                -1.545957088470459,
                6656.41455078125
            ],
            "ypr": [
                176.3258514404297,
                -0.0,
                -0.0
            ]
        },
        {
            "name": "StaticObj_Tisy_Garages_Grass_L",
            "pos": [
                13397.3662109375,
                -2.4995431900024416,
                6648.89599609375
            ],
            "ypr": [
                161.99986267089845,
                0.0,
                -0.0
            ]
        },
        {
            "name": "StaticObj_Mil_ReinforcedTank1_Grass",
            "pos": [
                13416.287109375,
                -2.165818691253662,
                6599.103515625
            ],
            "ypr": [
                0.0,
                -0.0,
                -0.0
            ]
        },
        {
            "name": "StaticObj_Tisy_Garages_Grass_R",
            "pos": [
                13407.5,
                -2.848162889480591,
                6605.52978515625
            ],
            "ypr": [
                -18.0,
                1.9999998807907105,
                -1.5
            ]
        },
        {
            "name": "StaticObj_Mil_ReinforcedTank1_Grass",
            "pos": [
                13407.697265625,
                -2.2123074531555177,
                6604.05224609375
            ],
            "ypr": [
                0.0,
                -0.0,
                -0.0
            ]
        },
        {
            "name": "StaticObj_Mil_ReinforcedTank1_Grass",
            "pos": [
                13409.9384765625,
                -2.198202133178711,
                6599.2744140625
            ],
            "ypr": [
                0.0,
                -0.0,
                -0.0
            ]
        },
        {
            "name": "StaticObj_Mil_ReinforcedTank1_Grass",
            "pos": [
                13426.5751953125,
                -2.9758925437927248,
                6566.15625
            ],
            "ypr": [
                0.0,
                -0.0,
                -0.0
            ]
        },
        {
            "name": "StaticObj_Mil_ReinforcedTank1_Grass",
            "pos": [
                13422.4677734375,
                -2.7445321083068849,
                6575.689453125
            ],
            "ypr": [
                162.1752166748047,
                -0.0,
                -0.0
            ]
        },
        {
            "name": "StaticObj_Mil_AircraftShelter_Grass_L",
            "pos": [
                13433.0,
                -4.889873027801514,
                6555.080078125
            ],
            "ypr": [
                -18.0,
                2.499999523162842,
                19.999996185302736
            ]
        },
        {
            "name": "StaticObj_Mil_AircraftShelter_Grass_L",
            "pos": [
                13433.0,
                -4.6023664474487309,
                6555.080078125
            ],
            "ypr": [
                -18.0,
                2.4999992847442629,
                19.999996185302736
            ]
        },
        {
            "name": "StaticObj_Mil_ReinforcedTank1_Grass",
            "pos": [
                13419.890625,
                -2.5167622566223146,
                6571.3154296875
            ],
            "ypr": [
                0.0,
                -0.0,
                -0.0
            ]
        },
        {
            "name": "StaticObj_Mil_ReinforcedTank1_Grass",
            "pos": [
                13423.7392578125,
                -2.4557652473449709,
                6563.390625
            ],
            "ypr": [
                -44.99999237060547,
                0.0,
                0.0
            ]
        },
        {
            "name": "StaticObj_Mil_ReinforcedTank2_Grass_Top",
            "pos": [
                13425.5029296875,
                -5.341817855834961,
                6558.619140625
            ],
            "ypr": [
                142.48104858398438,
                -0.0,
                -0.0
            ]
        },
        {
            "name": "StaticObj_Mil_ReinforcedTank1_Grass",
            "pos": [
                13433.4951171875,
                -3.200657367706299,
                6548.08935546875
            ],
            "ypr": [
                0.0,
                -0.0,
                -0.0
            ]
        }
    ]
}