{
    "Objects": [
        {
            "name": "Land_Medical_Tent_Shower",
            "pos": [
                10113.298828125,
                246.5724639892578,
                5491.146484375
            ],
            "ypr": [
                -101.71105194091797,
                0.0,
                0.0
            ]
        },
        {
            "name": "StaticObj_Slum_Roof5",
            "pos": [
                10112.24609375,
                246.35671997070313,
                5498.4375
            ],
            "ypr": [
                -175.32525634765626,
                -0.0,
                -0.0
            ]
        },
        {
            "name": "StaticObj_Wall_IndFnc_9",
            "pos": [
                10108.7001953125,
                246.70399475097657,
                5499.08984375
            ],
            "ypr": [
                -83.99999237060547,
                0.0,
                0.0
            ]
        },
        {
            "name": "StaticObj_Wall_IndFnc_3",
            "pos": [
                10109.1845703125,
                246.68048095703126,
                5493.189453125
            ],
            "ypr": [
                -137.49998474121095,
                0.0,
                0.0
            ]
        },
        {
            "name": "StaticObj_Wall_IndVar1_5",
            "pos": [
                10170.8701171875,
                244.8417205810547,
                5549.28759765625
            ],
            "ypr": [
                -107.49999237060547,
                0.0,
                0.0
            ]
        },
        {
            "name": "StaticObj_Wall_IndVar1_5_D_2",
            "pos": [
                10170.1826171875,
                244.76759338378907,
                5551.69921875
            ],
            "ypr": [
                -112.78609466552735,
                0.0,
                0.0
            ]
        },
        {
            "name": "StaticObj_Wall_IndVar1_5_D_2",
            "pos": [
                10170.5947265625,
                244.7521209716797,
                5550.61572265625
            ],
            "ypr": [
                -112.78609466552735,
                0.0,
                0.0
            ]
        },
        {
            "name": "Land_Wall_Gate_Fen3",
            "pos": [
                10163.900390625,
                244.9854278564453,
                5539.2001953125
            ],
            "ypr": [
                -14.499999046325684,
                0.0,
                0.0
            ]
        },
        {
            "name": "StaticObj_Wall_Fen5_10",
            "pos": [
                10150.666015625,
                247.38546752929688,
                5517.74951171875
            ],
            "ypr": [
                -104.99999237060547,
                0.0,
                0.0
            ]
        },
        {
            "name": "StaticObj_Wall_Fen5_5",
            "pos": [
                10151.9560546875,
                247.35983276367188,
                5512.90576171875
            ],
            "ypr": [
                -106.0,
                0.0,
                0.0
            ]
        },
        {
            "name": "StaticObj_Wall_Fen5_10",
            "pos": [
                10166.2001953125,
                247.2220001220703,
                5514.2900390625
            ],
            "ypr": [
                -15.999999046325684,
                0.0,
                0.9999999403953552
            ]
        },
        {
            "name": "StaticObj_Wall_Fen5_10",
            "pos": [
                10174.6943359375,
                247.0537567138672,
                5516.77734375
            ],
            "ypr": [
                -15.99999713897705,
                0.0,
                0.9999998211860657
            ]
        },
        {
            "name": "StaticObj_Wall_Fen5_5",
            "pos": [
                10178.599609375,
                246.9980926513672,
                5519.97021484375
            ],
            "ypr": [
                -104.99999237060547,
                0.0,
                -3.0
            ]
        },
        {
            "name": "StaticObj_Wall_Fen5_10",
            "pos": [
                10176.57421875,
                247.19528198242188,
                5527.18798828125
            ],
            "ypr": [
                -104.99999237060547,
                0.0,
                0.0
            ]
        },
        {
            "name": "StaticObj_Wall_Fen5_10",
            "pos": [
                10174.7998046875,
                247.2738800048828,
                5536.60986328125
            ],
            "ypr": [
                73.49989318847656,
                0.0,
                0.0
            ]
        },
        {
            "name": "StaticObj_Wall_Fen5_5",
            "pos": [
                10170.4736328125,
                247.26571655273438,
                5540.93408203125
            ],
            "ypr": [
                -15.154609680175782,
                0.0,
                0.0
            ]
        },
        {
            "name": "StaticObj_Wall_Fen5_5",
            "pos": [
                10170.6044921875,
                247.4835205078125,
                5548.79638671875
            ],
            "ypr": [
                -107.99993896484375,
                0.0,
                -0.0
            ]
        },
        {
            "name": "StaticObj_Wall_Fen5_5",
            "pos": [
                10170.1611328125,
                247.48699951171876,
                5552.49658203125
            ],
            "ypr": [
                71.05789947509766,
                0.0,
                0.0
            ]
        },
        {
            "name": "StaticObj_Wall_Fen5_5",
            "pos": [
                10166.482421875,
                247.4671630859375,
                5557.27685546875
            ],
            "ypr": [
                40.871543884277347,
                -0.0,
                -0.0
            ]
        },
        {
            "name": "StaticObj_Wall_Fen5_5",
            "pos": [
                10167.3623046875,
                247.45176696777345,
                5556.4736328125
            ],
            "ypr": [
                40.871543884277347,
                -0.0,
                -0.0
            ]
        },
        {
            "name": "StaticObj_Wall_Fen5_10",
            "pos": [
                10159.451171875,
                247.4784393310547,
                5557.56005859375
            ],
            "ypr": [
                -16.010828018188478,
                0.0,
                0.0
            ]
        },
        {
            "name": "StaticObj_Wall_Fen5_10",
            "pos": [
                10149.8310546875,
                247.47500610351563,
                5554.80322265625
            ],
            "ypr": [
                -16.010828018188478,
                0.0,
                0.0
            ]
        },
        {
            "name": "StaticObj_Wall_Fen5_5",
            "pos": [
                10143.08203125,
                247.4764862060547,
                5552.8828125
            ],
            "ypr": [
                -15.804498672485352,
                0.0,
                0.0
            ]
        },
        {
            "name": "StaticObj_Wall_Fen5_10",
            "pos": [
                10141.865234375,
                247.51162719726563,
                5546.939453125
            ],
            "ypr": [
                -106.1190414428711,
                0.0,
                -0.0
            ]
        },
        {
            "name": "StaticObj_Wall_Fen5_5",
            "pos": [
                10143.9794921875,
                247.50799560546876,
                5539.7099609375
            ],
            "ypr": [
                -106.69799041748047,
                0.0,
                0.0
            ]
        },
        {
            "name": "StaticObj_Wall_Fen5_5",
            "pos": [
                10144.9599609375,
                247.51821899414063,
                5536.50341796875
            ],
            "ypr": [
                -107.99993896484375,
                0.0,
                -0.0
            ]
        },
        {
            "name": "StaticObj_Wall_Tin6_1_4",
            "pos": [
                10108.87890625,
                245.8083953857422,
                5502.138671875
            ],
            "ypr": [
                94.4999008178711,
                0.0,
                0.0
            ]
        },
        {
            "name": "StaticObj_Wall_Tin6_1_4",
            "pos": [
                10108.3095703125,
                245.7348175048828,
                5496.07421875
            ],
            "ypr": [
                94.4999008178711,
                0.0,
                0.0
            ]
        },
        {
            "name": "StaticObj_Wall_Tin7_4",
            "pos": [
                10109.5,
                245.35499572753907,
                5492.64990234375
            ],
            "ypr": [
                48.500003814697269,
                0.0,
                0.0
            ]
        },
        {
            "name": "StaticObj_Wall_Tin6_2_4",
            "pos": [
                10108.478515625,
                245.83926391601563,
                5498.5732421875
            ],
            "ypr": [
                -86.50000762939453,
                0.0,
                0.0
            ]
        },
        {
            "name": "StaticObj_Wall_Tin7_8",
            "pos": [
                10116.1279296875,
                246.31092834472657,
                5499.14013671875
            ],
            "ypr": [
                -90.00003814697266,
                0.0,
                -0.0
            ]
        },
        {
            "name": "StaticObj_Wall_Tin7_8",
            "pos": [
                10116.119140625,
                246.27342224121095,
                5493.818359375
            ],
            "ypr": [
                -90.00003814697266,
                0.0,
                -0.0
            ]
        },
        {
            "name": "StaticObj_Wall_PipeFence_4_nolc",
            "pos": [
                10112.7255859375,
                245.22825622558595,
                5485.298828125
            ],
            "ypr": [
                62.99997329711914,
                -0.0,
                -0.0
            ]
        },
        {
            "name": "StaticObj_Wall_PipeFence_4_nolc",
            "pos": [
                10115.220703125,
                245.2310028076172,
                5482.29638671875
            ],
            "ypr": [
                37.585689544677737,
                -0.0,
                -0.0
            ]
        },
        {
            "name": "StaticObj_Wall_PipeFence_4_nolc",
            "pos": [
                10115.828125,
                245.2242889404297,
                5485.39990234375
            ],
            "ypr": [
                43.585697174072269,
                0.0,
                0.0
            ]
        },
        {
            "name": "StaticObj_Wall_PipeFence_4_nolc",
            "pos": [
                10118.822265625,
                245.22024536132813,
                5482.74365234375
            ],
            "ypr": [
                39.58570098876953,
                0.0,
                0.0
            ]
        },
        {
            "name": "StaticObj_Slum_Roof4",
            "pos": [
                10114.94140625,
                246.332275390625,
                5486.5966796875
            ],
            "ypr": [
                -35.99998474121094,
                0.0,
                0.0
            ]
        },
        {
            "name": "Land_Roadblock_Table",
            "pos": [
                10115.9775390625,
                245.3828125,
                5485.99267578125
            ],
            "ypr": [
                44.99999237060547,
                -0.0,
                -0.0
            ]
        },
        {
            "name": "StaticObj_Misc_WoodTable_Indoor",
            "pos": [
                10132.7744140625,
                245.36778259277345,
                5484.23974609375
            ],
            "ypr": [
                -53.99986267089844,
                0.0,
                0.0
            ]
        },
        {
            "name": "StaticObj_Misc_WoodTable_Indoor",
            "pos": [
                10130.7998046875,
                245.3670654296875,
                5480.93701171875
            ],
            "ypr": [
                -39.78156280517578,
                0.0,
                0.0
            ]
        },
        {
            "name": "StaticObj_Misc_Table_Camp_Small",
            "pos": [
                10110.8291015625,
                245.40196228027345,
                5494.19970703125
            ],
            "ypr": [
                -8.999935150146485,
                0.0,
                0.0
            ]
        },
        {
            "name": "Land_Roadblock_Table",
            "pos": [
                10113.5419921875,
                245.41586303710938,
                5496.62255859375
            ],
            "ypr": [
                125.99992370605469,
                0.0,
                -0.0
            ]
        },
        {
            "name": "StaticObj_Misc_Chair_Camp1",
            "pos": [
                10115.9892578125,
                245.46875,
                5486.7236328125
            ],
            "ypr": [
                0.0,
                -0.0,
                -0.0
            ]
        },
        {
            "name": "StaticObj_Misc_Chair_Camp2",
            "pos": [
                10113.7109375,
                245.50559997558595,
                5495.5283203125
            ],
            "ypr": [
                170.99986267089845,
                0.0,
                -0.0
            ]
        },
        {
            "name": "StaticObj_Misc_Chair_Camp1",
            "pos": [
                10110.6318359375,
                245.49830627441407,
                5494.70263671875
            ],
            "ypr": [
                -44.99999237060547,
                0.0,
                0.0
            ]
        },
        {
            "name": "StaticObj_Garbage_Bin",
            "pos": [
                10112.87109375,
                245.65631103515626,
                5503.25048828125
            ],
            "ypr": [
                0.0,
                -0.0,
                -0.0
            ]
        },
        {
            "name": "StaticObj_Garbage_Bin",
            "pos": [
                10112.724609375,
                245.6607208251953,
                5502.29296875
            ],
            "ypr": [
                138.6562957763672,
                -0.0,
                -0.0
            ]
        },
        {
            "name": "StaticObj_Garbage_Bin",
            "pos": [
                10112.21875,
                245.67001342773438,
                5503.25341796875
            ],
            "ypr": [
                82.37694549560547,
                -0.0,
                -0.0
            ]
        },
        {
            "name": "StaticObj_Garbage_Container_Plastic",
            "pos": [
                10109.8056640625,
                245.95004272460938,
                5503.07177734375
            ],
            "ypr": [
                9.0,
                -0.0,
                -0.0
            ]
        },
        {
            "name": "StaticObj_Garbage_Container_Paper",
            "pos": [
                10109.5693359375,
                245.9055633544922,
                5500.91064453125
            ],
            "ypr": [
                -0.00006389616464730352,
                0.0,
                0.0
            ]
        },
        {
            "name": "StaticObj_Garbage_Pile4",
            "pos": [
                10107.14453125,
                245.0493621826172,
                5501.4765625
            ],
            "ypr": [
                111.84142303466797,
                0.0,
                0.0
            ]
        },
        {
            "name": "StaticObj_Garbage_Pile6",
            "pos": [
                10107.01171875,
                245.2349853515625,
                5503.07470703125
            ],
            "ypr": [
                0.0,
                -0.0,
                -0.0
            ]
        },
        {
            "name": "StaticObj_Garbage_Pile5",
            "pos": [
                10110.205078125,
                245.06448364257813,
                5502.2470703125
            ],
            "ypr": [
                80.99995422363281,
                -0.0,
                -0.0
            ]
        },
        {
            "name": "StaticObj_Garbage_Pile7",
            "pos": [
                10109.3115234375,
                245.50526428222657,
                5498.1953125
            ],
            "ypr": [
                -71.10265350341797,
                0.0,
                0.0
            ]
        },
        {
            "name": "StaticObj_Garbage_Pile8",
            "pos": [
                10107.96875,
                245.54754638671876,
                5498.07177734375
            ],
            "ypr": [
                -89.99995422363281,
                0.0,
                0.0
            ]
        },
        {
            "name": "StaticObj_Garbage_Pile7",
            "pos": [
                10107.5009765625,
                245.60243225097657,
                5494.6748046875
            ],
            "ypr": [
                -89.99993133544922,
                0.0,
                0.0
            ]
        },
        {
            "name": "StaticObj_Garbage_Pile8",
            "pos": [
                10111.0,
                245.51617431640626,
                5487.75439453125
            ],
            "ypr": [
                71.99994659423828,
                -0.0,
                -0.0
            ]
        },
        {
            "name": "StaticObj_Shed_Open_SideRoof",
            "pos": [
                10120.2001953125,
                245.5335693359375,
                5497.68994140625
            ],
            "ypr": [
                1.9999996423721314,
                0.0,
                0.0
            ]
        },
        {
            "name": "Land_Misc_Toilet_Mobile",
            "pos": [
                10117.037109375,
                246.19839477539063,
                5491.9453125
            ],
            "ypr": [
                -108.0000991821289,
                0.0,
                -0.0
            ]
        },
        {
            "name": "Land_Misc_Toilet_Mobile",
            "pos": [
                10116.7802734375,
                246.19171142578126,
                5493.8583984375
            ],
            "ypr": [
                -89.99994659423828,
                0.0,
                0.0
            ]
        },
        {
            "name": "Land_Misc_Toilet_Mobile",
            "pos": [
                10116.767578125,
                246.19467163085938,
                5494.9951171875
            ],
            "ypr": [
                -89.99994659423828,
                0.0,
                0.0
            ]
        },
        {
            "name": "Land_Misc_Toilet_Mobile",
            "pos": [
                10116.8408203125,
                246.20030212402345,
                5496.77392578125
            ],
            "ypr": [
                -93.0365219116211,
                0.0,
                0.0
            ]
        },
        {
            "name": "StaticObj_Wall_MilCncBarrier",
            "pos": [
                10122.609375,
                245.3971710205078,
                5476.833984375
            ],
            "ypr": [
                -9.48598861694336,
                0.0,
                0.0
            ]
        },
        {
            "name": "StaticObj_Wall_Fen6_8",
            "pos": [
                10120.4912109375,
                246.18002319335938,
                5501.27001953125
            ],
            "ypr": [
                -89.99995422363281,
                0.0,
                0.0
            ]
        },
        {
            "name": "StaticObj_Wall_Tin_4_2",
            "pos": [
                10118.2001953125,
                245.6699981689453,
                5490.1298828125
            ],
            "ypr": [
                4.500000476837158,
                1.9999998807907105,
                0.0
            ]
        },
        {
            "name": "StaticObj_Wall_Tin_4_2",
            "pos": [
                10120.1806640625,
                245.6806182861328,
                5492.0380859375
            ],
            "ypr": [
                -91.99559783935547,
                1.9997328519821168,
                0.0
            ]
        },
        {
            "name": "StaticObj_Wall_Barricade1_4",
            "pos": [
                10121.9677734375,
                245.11021423339845,
                5498.8330078125
            ],
            "ypr": [
                98.99993133544922,
                0.0,
                -0.0
            ]
        },
        {
            "name": "StaticObj_Wall_TinCom_9",
            "pos": [
                10107.900390625,
                245.67190551757813,
                5522.47021484375
            ],
            "ypr": [
                89.9999008178711,
                0.0,
                1.5
            ]
        },
        {
            "name": "StaticObj_Wall_TinCom_Pole",
            "pos": [
                10107.9267578125,
                245.55593872070313,
                5517.9248046875
            ],
            "ypr": [
                -98.99993133544922,
                0.0,
                -0.0
            ]
        },
        {
            "name": "StaticObj_Misc_ConcreteBlock2_Damaged",
            "pos": [
                10149.5,
                244.88299560546876,
                5470.10986328125
            ],
            "ypr": [
                135.0,
                -2.499999761581421,
                -4.5
            ]
        },
        {
            "name": "StaticObj_Misc_ConcreteBlock2",
            "pos": [
                10152.5,
                244.5902862548828,
                5464.27978515625
            ],
            "ypr": [
                -45.0,
                0.9999999403953552,
                3.0
            ]
        },
        {
            "name": "StaticObj_Roadblock_Pillbox",
            "pos": [
                10143.3720703125,
                245.7281036376953,
                5454.5380859375
            ],
            "ypr": [
                161.9998321533203,
                0.0,
                -0.0
            ]
        },
        {
            "name": "StaticObj_Mil_HBarrier_Round",
            "pos": [
                10167.248046875,
                244.3072967529297,
                5484.9306640625
            ],
            "ypr": [
                -73.927490234375,
                0.0,
                0.0
            ]
        },
        {
            "name": "StaticObj_Mil_HBarrier_Round",
            "pos": [
                10163.599609375,
                244.35293579101563,
                5475.31005859375
            ],
            "ypr": [
                -50.03789138793945,
                0.0,
                0.9999999403953552
            ]
        },
        {
            "name": "StaticObj_Mil_HBarrier_4m",
            "pos": [
                10158.400390625,
                244.56300354003907,
                5468.6201171875
            ],
            "ypr": [
                132.6959991455078,
                0.0,
                -3.499999523162842
            ]
        },
        {
            "name": "StaticObj_Mil_HBarrier_6m",
            "pos": [
                10157.75390625,
                244.5511932373047,
                5492.17529296875
            ],
            "ypr": [
                -98.99993133544922,
                0.0,
                -0.0
            ]
        },
        {
            "name": "StaticObj_Mil_HBarrier_4m",
            "pos": [
                10155.892578125,
                244.5374755859375,
                5501.26513671875
            ],
            "ypr": [
                -107.99993896484375,
                0.0,
                -0.0
            ]
        },
        {
            "name": "StaticObj_Mil_HBarrier_6m",
            "pos": [
                10153.736328125,
                244.64756774902345,
                5506.8251953125
            ],
            "ypr": [
                -110.57568359375,
                0.0,
                -0.0
            ]
        },
        {
            "name": "StaticObj_Mil_HBarrier_6m",
            "pos": [
                10166.7314453125,
                244.25587463378907,
                5497.447265625
            ],
            "ypr": [
                -98.99993133544922,
                0.0,
                -0.0
            ]
        },
        {
            "name": "StaticObj_Mil_HBarrier_1m",
            "pos": [
                10164.3291015625,
                244.42593383789063,
                5508.1826171875
            ],
            "ypr": [
                -134.99990844726563,
                0.0,
                -0.0
            ]
        },
        {
            "name": "StaticObj_Mil_HBarrier_4m",
            "pos": [
                10163.185546875,
                244.3944091796875,
                5510.5263671875
            ],
            "ypr": [
                -107.99993896484375,
                0.0,
                -0.0
            ]
        },
        {
            "name": "Land_Guardhouse",
            "pos": [
                10165.6640625,
                244.717041015625,
                5504.1474609375
            ],
            "ypr": [
                -107.99993896484375,
                0.0,
                -0.0
            ]
        },
        {
            "name": "StaticObj_Mil_HBarrier_1m",
            "pos": [
                10172.0703125,
                243.92581176757813,
                5497.5205078125
            ],
            "ypr": [
                117.13963317871094,
                0.0,
                -0.0
            ]
        },
        {
            "name": "StaticObj_Mil_HBarrier_4m",
            "pos": [
                10170.1884765625,
                243.894287109375,
                5495.71435546875
            ],
            "ypr": [
                144.13954162597657,
                0.0,
                -0.0
            ]
        },
        {
            "name": "StaticObj_Mil_CamoNet_Side_east",
            "pos": [
                10145.9375,
                246.8087921142578,
                5450.568359375
            ],
            "ypr": [
                80.99995422363281,
                -0.0,
                -0.0
            ]
        },
        {
            "name": "StaticObj_Mil_HBarrier_4m",
            "pos": [
                10149.2998046875,
                245.06100463867188,
                5454.5498046875
            ],
            "ypr": [
                -101.0999984741211,
                0.0,
                0.0
            ]
        },
        {
            "name": "StaticObj_Mil_HBarrier_4m",
            "pos": [
                10149.8916015625,
                244.95248413085938,
                5448.435546875
            ],
            "ypr": [
                87.13655090332031,
                0.0,
                0.0
            ]
        },
        {
            "name": "StaticObj_Misc_BagFence_3m",
            "pos": [
                10144.06640625,
                244.98236083984376,
                5446.40478515625
            ],
            "ypr": [
                -98.99993133544922,
                0.0,
                -0.0
            ]
        },
        {
            "name": "StaticObj_Roadblock_Bags_Long",
            "pos": [
                10142.2861328125,
                244.8792724609375,
                5452.33251953125
            ],
            "ypr": [
                -11.238770484924317,
                0.0,
                0.0
            ]
        },
        {
            "name": "StaticObj_Roadblock_Bags_EndL",
            "pos": [
                10142.8447265625,
                245.7913055419922,
                5450.3125
            ],
            "ypr": [
                9.0,
                -0.0,
                -0.0
            ]
        },
        {
            "name": "StaticObj_Misc_BagFence_Round",
            "pos": [
                10147.2998046875,
                244.67294311523438,
                5444.68017578125
            ],
            "ypr": [
                161.99998474121095,
                -1.9999998807907105,
                -3.0
            ]
        },
        {
            "name": "StaticObj_Misc_WoodenCrate",
            "pos": [
                10143.0009765625,
                245.056884765625,
                5446.47802734375
            ],
            "ypr": [
                0.0,
                -0.0,
                -0.0
            ]
        },
        {
            "name": "StaticObj_Misc_WoodenCrate_3x",
            "pos": [
                10148.4912109375,
                245.01144409179688,
                5446.830078125
            ],
            "ypr": [
                89.99995422363281,
                -0.0,
                -0.0
            ]
        },
        {
            "name": "StaticObj_Misc_WoodenCrate_5x",
            "pos": [
                10147.9873046875,
                245.39901733398438,
                5448.8427734375
            ],
            "ypr": [
                -62.99997329711914,
                0.0,
                0.0
            ]
        },
        {
            "name": "StaticObj_Misc_WoodenCrate",
            "pos": [
                10143.4140625,
                245.02584838867188,
                5451.126953125
            ],
            "ypr": [
                0.0,
                -0.0,
                -0.0
            ]
        },
        {
            "name": "Land_Roadblock_Table",
            "pos": [
                10145.650390625,
                244.9644775390625,
                5444.8173828125
            ],
            "ypr": [
                44.99999237060547,
                -0.0,
                -0.0
            ]
        },
        {
            "name": "Land_Roadblock_Table",
            "pos": [
                10144.158203125,
                245.14256286621095,
                5453.517578125
            ],
            "ypr": [
                -18.0,
                0.0,
                2.499999761581421
            ]
        },
        {
            "name": "StaticObj_Misc_Chair_Camp2",
            "pos": [
                10143.599609375,
                245.24252319335938,
                5453.8798828125
            ],
            "ypr": [
                -53.999996185302737,
                3.0,
                1.9999998807907105
            ]
        },
        {
            "name": "StaticObj_Misc_Chair_Camp1",
            "pos": [
                10148.2314453125,
                244.86434936523438,
                5445.5146484375
            ],
            "ypr": [
                53.99995803833008,
                -0.0,
                -0.0
            ]
        },
        {
            "name": "Land_Wreck_Uaz",
            "pos": [
                10154.900390625,
                245.1175537109375,
                5460.72021484375
            ],
            "ypr": [
                -107.99999237060547,
                3.499999761581421,
                -0.4999999701976776
            ]
        },
        {
            "name": "StaticObj_Misc_ConcreteBlock2_Damaged",
            "pos": [
                10148.2939453125,
                244.8307647705078,
                5458.419921875
            ],
            "ypr": [
                -73.26175689697266,
                0.0,
                0.0
            ]
        },
        {
            "name": "StaticObj_Misc_ConcreteBlock2",
            "pos": [
                10139.802734375,
                245.2518310546875,
                5461.6884765625
            ],
            "ypr": [
                171.2109832763672,
                0.0,
                -0.9999999403953552
            ]
        },
        {
            "name": "StaticObj_Misc_ConcreteBlock2",
            "pos": [
                10143.0791015625,
                245.01791381835938,
                5463.4951171875
            ],
            "ypr": [
                134.5067901611328,
                0.0,
                -0.9999995231628418
            ]
        },
        {
            "name": "StaticObj_Misc_ConcreteBlock2",
            "pos": [
                10136.7734375,
                245.28469848632813,
                5462.9697265625
            ],
            "ypr": [
                -124.46897888183594,
                0.0,
                -0.9999923706054688
            ]
        },
        {
            "name": "Land_Wreck_Uaz",
            "pos": [
                10170.2998046875,
                244.45896911621095,
                5506.8798828125
            ],
            "ypr": [
                135.0,
                -3.0,
                -1.9999998807907105
            ]
        },
        {
            "name": "StaticObj_Mil_HBarrier_6m",
            "pos": [
                10175.900390625,
                243.4974822998047,
                5490.89990234375
            ],
            "ypr": [
                150.9810028076172,
                -1.5,
                -3.999999761581421
            ]
        },
        {
            "name": "StaticObj_Wreck_BMP1",
            "pos": [
                10141.099609375,
                246.0501708984375,
                5465.18994140625
            ],
            "ypr": [
                80.99999237060547,
                -1.9999998807907105,
                0.0
            ]
        },
        {
            "name": "StaticObj_Wreck_HMMWV",
            "pos": [
                10144.400390625,
                245.7809295654297,
                5436.89013671875
            ],
            "ypr": [
                98.99989318847656,
                -1.9999998807907105,
                -0.5
            ]
        },
        {
            "name": "StaticObj_Wreck_Ural",
            "pos": [
                10130.2138671875,
                246.1273651123047,
                5451.13720703125
            ],
            "ypr": [
                -134.99990844726563,
                0.0,
                -0.0
            ]
        },
        {
            "name": "StaticObj_Misc_WoodenCrate",
            "pos": [
                10129.0126953125,
                245.376708984375,
                5447.5595703125
            ],
            "ypr": [
                71.99995422363281,
                -0.0,
                -0.0
            ]
        },
        {
            "name": "StaticObj_Misc_WoodenCrate_5x",
            "pos": [
                10130.8134765625,
                246.00762939453126,
                5443.900390625
            ],
            "ypr": [
                89.99995422363281,
                -0.0,
                -0.0
            ]
        },
        {
            "name": "Land_Container_1Aoh",
            "pos": [
                10121.53515625,
                246.23080444335938,
                5518.95947265625
            ],
            "ypr": [
                98.99993133544922,
                0.0,
                -0.0
            ]
        },
        {
            "name": "Land_Container_1Bo",
            "pos": [
                10114.591796875,
                246.84664916992188,
                5526.71728515625
            ],
            "ypr": [
                -105.22099304199219,
                0.0,
                -4.999999046325684
            ]
        },
        {
            "name": "StaticObj_Misc_GContainer_Big",
            "pos": [
                10105.4853515625,
                245.8526153564453,
                5517.27880859375
            ],
            "ypr": [
                -80.99995422363281,
                0.0,
                0.0
            ]
        },
        {
            "name": "StaticObj_Garbage_Container_Plastic",
            "pos": [
                10108.869140625,
                245.83004760742188,
                5492.28076171875
            ],
            "ypr": [
                126.00006866455078,
                0.0,
                -0.0
            ]
        },
        {
            "name": "StaticObj_Garbage_Container_Glass",
            "pos": [
                10109.953125,
                245.8235626220703,
                5491.02490234375
            ],
            "ypr": [
                152.99990844726563,
                0.0,
                -0.0
            ]
        },
        {
            "name": "StaticObj_Container_2B",
            "pos": [
                10120.8701171875,
                247.5191650390625,
                5462.89111328125
            ],
            "ypr": [
                53.99998474121094,
                -0.0,
                -0.0
            ]
        },
        {
            "name": "StaticObj_Container_2C",
            "pos": [
                10118.2705078125,
                247.4683074951172,
                5464.658203125
            ],
            "ypr": [
                44.99998092651367,
                -0.0,
                -0.0
            ]
        },
        {
            "name": "Land_Container_1Mo",
            "pos": [
                10129.5859375,
                246.1434783935547,
                5429.5078125
            ],
            "ypr": [
                -89.9999008178711,
                0.0,
                0.0
            ]
        },
        {
            "name": "StaticObj_Container_1D",
            "pos": [
                10130.0009765625,
                246.2142791748047,
                5433.58154296875
            ],
            "ypr": [
                -89.99994659423828,
                0.0,
                0.0
            ]
        },
        {
            "name": "StaticObj_Container_1C",
            "pos": [
                10129.9375,
                248.77854919433595,
                5431.77197265625
            ],
            "ypr": [
                -62.99997329711914,
                0.0,
                0.0
            ]
        },
        {
            "name": "Land_Container_1Moh",
            "pos": [
                10179.900390625,
                244.5795135498047,
                5554.66015625
            ],
            "ypr": [
                27.0,
                -2.499999761581421,
                3.0
            ]
        },
        {
            "name": "Land_Container_1Moh",
            "pos": [
                10162.4208984375,
                245.56185913085938,
                5553.98876953125
            ],
            "ypr": [
                -18.0,
                0.0,
                0.0
            ]
        },
        {
            "name": "StaticObj_Wall_VilVar2_4_2",
            "pos": [
                10116.603515625,
                246.52047729492188,
                5503.29150390625
            ],
            "ypr": [
                102.81218719482422,
                0.0,
                0.0
            ]
        },
        {
            "name": "StaticObj_Wall_Tin6_2_4",
            "pos": [
                10161.1806640625,
                252.94564819335938,
                5526.029296875
            ],
            "ypr": [
                -16.57297706604004,
                0.0,
                0.0
            ]
        },
        {
            "name": "StaticObj_Wall_Tin6_1_4",
            "pos": [
                10162.396484375,
                252.87855529785157,
                5528.64892578125
            ],
            "ypr": [
                -107.41887664794922,
                0.0,
                -0.0
            ]
        },
        {
            "name": "StaticObj_Wall_MilCncBarrier",
            "pos": [
                10161.294921875,
                252.50042724609376,
                5532.54833984375
            ],
            "ypr": [
                74.65159606933594,
                0.0,
                -0.0
            ]
        },
        {
            "name": "StaticObj_Wall_Tin7_4",
            "pos": [
                10160.373046875,
                253.3180389404297,
                5536.4609375
            ],
            "ypr": [
                -107.99993896484375,
                0.0,
                -0.0
            ]
        },
        {
            "name": "StaticObj_Wall_Tin7_8",
            "pos": [
                10155.962890625,
                253.35025024414063,
                5537.25341796875
            ],
            "ypr": [
                163.6087646484375,
                0.0,
                -0.0
            ]
        },
        {
            "name": "StaticObj_Wall_IndFnc2_9",
            "pos": [
                10150.5869140625,
                252.59371948242188,
                5535.48095703125
            ],
            "ypr": [
                -18.0,
                0.0,
                0.0
            ]
        },
        {
            "name": "StaticObj_Wall_Fen6_8",
            "pos": [
                10147.3271484375,
                253.2516326904297,
                5530.2236328125
            ],
            "ypr": [
                74.01165771484375,
                -0.0,
                -0.0
            ]
        },
        {
            "name": "StaticObj_Wall_Fen3_4",
            "pos": [
                10149.0888671875,
                252.8807373046875,
                5524.69482421875
            ],
            "ypr": [
                72.97595977783203,
                -0.0,
                -0.0
            ]
        },
        {
            "name": "StaticObj_Wall_Tin6_1_4",
            "pos": [
                10151.5615234375,
                252.88284301757813,
                5523.28564453125
            ],
            "ypr": [
                -18.0,
                0.0,
                0.0
            ]
        },
        {
            "name": "StaticObj_Wall_IndFnc2_9",
            "pos": [
                10157.708984375,
                252.76612854003907,
                5525.10302734375
            ],
            "ypr": [
                164.4999542236328,
                0.0,
                0.0
            ]
        },
        {
            "name": "StaticObj_Slum_Roof6",
            "pos": [
                10158.458984375,
                254.47584533691407,
                5533.62060546875
            ],
            "ypr": [
                -31.250886917114259,
                0.0,
                0.0
            ]
        },
        {
            "name": "StaticObj_Misc_WoodenCrate",
            "pos": [
                10159.6328125,
                252.15414428710938,
                5534.130859375
            ],
            "ypr": [
                144.50274658203126,
                -0.0,
                -0.0
            ]
        },
        {
            "name": "StaticObj_Misc_WoodenCrate_5x",
            "pos": [
                10158.8935546875,
                252.78126525878907,
                5535.80078125
            ],
            "ypr": [
                120.60604095458985,
                -0.0,
                -0.0
            ]
        },
        {
            "name": "StaticObj_Misc_WoodenCrate_3x",
            "pos": [
                10156.623046875,
                252.54627990722657,
                5535.61474609375
            ],
            "ypr": [
                136.4006805419922,
                -0.0,
                -0.0
            ]
        },
        {
            "name": "Land_Castle_Stairs",
            "pos": [
                10119.900390625,
                228.7220001220703,
                5193.830078125
            ],
            "ypr": [
                -36.4380989074707,
                0.0,
                1.5
            ]
        },
        {
            "name": "StaticObj_Wall_VilVar2_4",
            "pos": [
                10127.759765625,
                230.09747314453126,
                5200.35107421875
            ],
            "ypr": [
                -122.64794158935547,
                0.0,
                -0.0
            ]
        },
        {
            "name": "StaticObj_Wall_VilVar2_4",
            "pos": [
                10127.26171875,
                229.84884643554688,
                5197.45751953125
            ],
            "ypr": [
                -38.652591705322269,
                0.0,
                -0.0
            ]
        },
        {
            "name": "StaticObj_Wall_VilVar2_4",
            "pos": [
                10124.013671875,
                229.8240509033203,
                5195.29150390625
            ],
            "ypr": [
                -29.076047897338868,
                0.0,
                -0.0
            ]
        },
        {
            "name": "StaticObj_Wall_VilVar2_4",
            "pos": [
                10122.6328125,
                229.77633666992188,
                5192.45947265625
            ],
            "ypr": [
                -26.67986297607422,
                0.0,
                -0.0
            ]
        },
        {
            "name": "StaticObj_Wall_VilVar2_4",
            "pos": [
                10116.9375,
                229.62960815429688,
                5191.54150390625
            ],
            "ypr": [
                35.10353469848633,
                0.0,
                -0.0
            ]
        },
        {
            "name": "StaticObj_Wall_VilVar2_4",
            "pos": [
                10117.51953125,
                230.031005859375,
                5209.9462890625
            ],
            "ypr": [
                136.6505126953125,
                0.0,
                -0.0
            ]
        },
        {
            "name": "StaticObj_Wall_VilVar2_4",
            "pos": [
                10125.62890625,
                230.1182098388672,
                5203.69921875
            ],
            "ypr": [
                -122.16289520263672,
                0.0,
                -0.0
            ]
        },
        {
            "name": "StaticObj_Wall_VilVar2_4",
            "pos": [
                10123.38671875,
                230.06752014160157,
                5206.9609375
            ],
            "ypr": [
                -127.6297378540039,
                0.0,
                2.4999990463256838
            ]
        },
        {
            "name": "Land_Wall_Gate_Fen4",
            "pos": [
                10120.587890625,
                230.2210235595703,
                5209.904296875
            ],
            "ypr": [
                -138.888671875,
                -1.0002827644348145,
                -0.9999954700469971
            ]
        },
        {
            "name": "StaticObj_Wall_Tin7_8",
            "pos": [
                10130.6572265625,
                236.79937744140626,
                5200.96142578125
            ],
            "ypr": [
                -30.532207489013673,
                -0.0,
                -0.0
            ]
        },
        {
            "name": "StaticObj_Wall_Tin7_8",
            "pos": [
                10137.49609375,
                236.82159423828126,
                5204.99853515625
            ],
            "ypr": [
                -30.532207489013673,
                -0.0,
                -0.0
            ]
        },
        {
            "name": "StaticObj_Wall_IndFnc2_3",
            "pos": [
                10141.365234375,
                236.71612548828126,
                5207.2724609375
            ],
            "ypr": [
                151.56134033203126,
                0.0,
                0.0
            ]
        },
        {
            "name": "StaticObj_Wall_Tin6_2_4",
            "pos": [
                10140.388671875,
                237.2203369140625,
                5211.8359375
            ],
            "ypr": [
                -119.43769836425781,
                0.0,
                -0.0
            ]
        },
        {
            "name": "StaticObj_Misc_ConcreteBlock2_Damaged",
            "pos": [
                10138.373046875,
                236.65724182128907,
                5214.6357421875
            ],
            "ypr": [
                62.70206832885742,
                0.0,
                0.0
            ]
        },
        {
            "name": "StaticObj_Misc_ConcretePipe",
            "pos": [
                10116.7001953125,
                230.6838836669922,
                5215.85986328125
            ],
            "ypr": [
                -166.21595764160157,
                0.0,
                0.0
            ]
        },
        {
            "name": "StaticObj_Wall_VilVar2_4",
            "pos": [
                10119.9287109375,
                229.74072265625,
                5191.19091796875
            ],
            "ypr": [
                -23.873281478881837,
                0.0,
                -0.0
            ]
        },
        {
            "name": "StaticObj_Wall_IndFnc_9",
            "pos": [
                10126.5517578125,
                231.18841552734376,
                5201.955078125
            ],
            "ypr": [
                56.537109375,
                0.0,
                0.0
            ]
        },
        {
            "name": "StaticObj_Wall_IndFnc_3",
            "pos": [
                10123.0576171875,
                231.19635009765626,
                5207.29345703125
            ],
            "ypr": [
                56.06100845336914,
                0.0,
                0.0
            ]
        },
        {
            "name": "StaticObj_Wall_IndFnc_Corner",
            "pos": [
                10127.7109375,
                230.9120635986328,
                5197.72998046875
            ],
            "ypr": [
                141.5613250732422,
                0.0,
                0.0
            ]
        },
        {
            "name": "StaticObj_Wall_IndFnc_3",
            "pos": [
                10125.244140625,
                230.91134643554688,
                5196.005859375
            ],
            "ypr": [
                150.56126403808595,
                0.0,
                0.0
            ]
        },
        {
            "name": "StaticObj_Wall_IndFnc_3_Hole",
            "pos": [
                10123.5205078125,
                230.85220336914063,
                5195.06982421875
            ],
            "ypr": [
                156.4578399658203,
                0.0,
                0.0
            ]
        },
        {
            "name": "StaticObj_Wall_IndFnc_Pole",
            "pos": [
                10122.1962890625,
                230.81423950195313,
                5194.501953125
            ],
            "ypr": [
                141.5613250732422,
                0.0,
                0.0
            ]
        },
        {
            "name": "StaticObj_Wall_IndFnc_9",
            "pos": [
                10122.03515625,
                231.16134643554688,
                5191.89501953125
            ],
            "ypr": [
                153.8145294189453,
                0.0,
                0.0
            ]
        },
        {
            "name": "StaticObj_Wall_IndFnc_Pole",
            "pos": [
                10118.4326171875,
                231.07460021972657,
                5190.08544921875
            ],
            "ypr": [
                150.56126403808595,
                0.0,
                0.0
            ]
        },
        {
            "name": "StaticObj_Wall_IndFnc_3",
            "pos": [
                10117.76171875,
                231.2115020751953,
                5210.177734375
            ],
            "ypr": [
                -41.8891716003418,
                0.0,
                -0.0
            ]
        },
        {
            "name": "StaticObj_Wall_IndFnc_Pole",
            "pos": [
                10118.83984375,
                231.2356719970703,
                5211.2373046875
            ],
            "ypr": [
                -44.882118225097659,
                0.0,
                -0.0
            ]
        },
        {
            "name": "StaticObj_Wall_IndFnc_9",
            "pos": [
                10114.8359375,
                231.2274932861328,
                5205.5966796875
            ],
            "ypr": [
                -62.084590911865237,
                0.0,
                -0.0
            ]
        },
        {
            "name": "StaticObj_Wall_IndFnc_Corner",
            "pos": [
                10111.9501953125,
                231.27999877929688,
                5200.3447265625
            ],
            "ypr": [
                -60.13154220581055,
                0.0,
                -0.0
            ]
        },
        {
            "name": "StaticObj_Wall_IndFnc_9",
            "pos": [
                10113.27734375,
                231.2821044921875,
                5195.6787109375
            ],
            "ypr": [
                -119.4378433227539,
                0.0,
                -0.0
            ]
        },
        {
            "name": "StaticObj_Wall_IndFnc_Corner",
            "pos": [
                10117.1220703125,
                231.11251831054688,
                5190.65771484375
            ],
            "ypr": [
                -155.43804931640626,
                -0.0,
                -0.0
            ]
        },
        {
            "name": "StaticObj_Misc_ConcretePipe",
            "pos": [
                10117.400390625,
                230.68988037109376,
                5218.7001953125
            ],
            "ypr": [
                -166.21595764160157,
                0.0,
                0.0
            ]
        },
        {
            "name": "StaticObj_Misc_Pallets3",
            "pos": [
                10125.9521484375,
                230.35101318359376,
                5193.0478515625
            ],
            "ypr": [
                69.41730499267578,
                -0.0,
                -0.0
            ]
        },
        {
            "name": "StaticObj_Misc_Pallets2",
            "pos": [
                10124.4453125,
                229.99102783203126,
                5192.4130859375
            ],
            "ypr": [
                -119.4378433227539,
                0.0,
                -0.0
            ]
        },
        {
            "name": "StaticObj_Garbage_Pile8",
            "pos": [
                10128.1767578125,
                230.13719177246095,
                5197.322265625
            ],
            "ypr": [
                123.56139373779297,
                -0.0,
                -0.0
            ]
        },
        {
            "name": "StaticObj_Garbage_Pile7",
            "pos": [
                10129.466796875,
                230.16465759277345,
                5198.89892578125
            ],
            "ypr": [
                78.56075286865235,
                0.0,
                0.0
            ]
        },
        {
            "name": "StaticObj_Garbage_Pile8",
            "pos": [
                10128.201171875,
                230.1492919921875,
                5196.5341796875
            ],
            "ypr": [
                -29.438215255737306,
                0.0,
                -0.0
            ]
        },
        {
            "name": "StaticObj_Garbage_Pile2",
            "pos": [
                10127.1279296875,
                229.8786163330078,
                5193.17431640625
            ],
            "ypr": [
                150.56126403808595,
                -0.0,
                -0.0
            ]
        },
        {
            "name": "StaticObj_Garbage_Pile3",
            "pos": [
                10116.9462890625,
                230.04238891601563,
                5211.27490234375
            ],
            "ypr": [
                128.09671020507813,
                -0.0,
                -0.0
            ]
        },
        {
            "name": "StaticObj_Garbage_Pile6",
            "pos": [
                10114.9541015625,
                229.59194946289063,
                5210.0556640625
            ],
            "ypr": [
                -177.90219116210938,
                -0.0,
                -0.0
            ]
        },
        {
            "name": "StaticObj_Garbage_Pile8",
            "pos": [
                10115.9814453125,
                230.26133728027345,
                5208.89794921875
            ],
            "ypr": [
                -93.58348083496094,
                -0.0,
                -0.0
            ]
        },
        {
            "name": "StaticObj_Garbage_Pile7",
            "pos": [
                10114.6689453125,
                229.80169677734376,
                5206.86376953125
            ],
            "ypr": [
                96.42252349853516,
                -0.0,
                -0.0
            ]
        },
        {
            "name": "StaticObj_Garbage_Pile8",
            "pos": [
                10123.095703125,
                230.3472137451172,
                5208.11181640625
            ],
            "ypr": [
                42.56129455566406,
                0.0,
                0.0
            ]
        },
        {
            "name": "StaticObj_Garbage_Pile7",
            "pos": [
                10124.0859375,
                230.2232666015625,
                5208.50537109375
            ],
            "ypr": [
                24.56146812438965,
                0.0,
                -0.0
            ]
        },
        {
            "name": "StaticObj_Wall_Tin_4",
            "pos": [
                10124.3193359375,
                236.541015625,
                5203.36865234375
            ],
            "ypr": [
                59.8161506652832,
                0.0,
                0.0
            ]
        },
        {
            "name": "StaticObj_Wall_Tin_4",
            "pos": [
                10123.9970703125,
                236.701416015625,
                5207.72509765625
            ],
            "ypr": [
                149.56170654296876,
                0.0,
                0.0
            ]
        },
        {
            "name": "StaticObj_Wall_WoodF_5_2",
            "pos": [
                10123.3798828125,
                236.15313720703126,
                5204.62255859375
            ],
            "ypr": [
                -119.31864166259766,
                0.0,
                0.0
            ]
        },
        {
            "name": "StaticObj_Wall_Fen6_8",
            "pos": [
                10128.80859375,
                237.2611083984375,
                5210.884765625
            ],
            "ypr": [
                149.0610809326172,
                0.0,
                0.0
            ]
        },
        {
            "name": "StaticObj_Wall_Fen6_8",
            "pos": [
                10134.419921875,
                237.239990234375,
                5213.955078125
            ],
            "ypr": [
                -30.866043090820314,
                0.0,
                0.0
            ]
        },
        {
            "name": "StaticObj_Wall_Fen6_Pole",
            "pos": [
                10131.6083984375,
                237.38946533203126,
                5212.470703125
            ],
            "ypr": [
                -17.042322158813478,
                -0.0,
                -0.0
            ]
        },
        {
            "name": "StaticObj_Slum_Roof5",
            "pos": [
                10137.0224609375,
                237.5478515625,
                5210.35009765625
            ],
            "ypr": [
                150.56126403808595,
                -0.0,
                -0.0
            ]
        },
        {
            "name": "StaticObj_Slum_Roof3",
            "pos": [
                10125.353515625,
                237.68121337890626,
                5205.45703125
            ],
            "ypr": [
                56.3302001953125,
                0.0,
                0.0
            ]
        },
        {
            "name": "StaticObj_Misc_Range_Roof",
            "pos": [
                10129.33984375,
                237.7244873046875,
                5209.52197265625
            ],
            "ypr": [
                -29.43803596496582,
                0.0,
                -0.0
            ]
        },
        {
            "name": "StaticObj_Wall_Tin_4",
            "pos": [
                10126.8798828125,
                236.51593017578126,
                5202.7490234375
            ],
            "ypr": [
                -35.23134994506836,
                0.0,
                0.0
            ]
        },
        {
            "name": "Land_Wreck_Ikarus",
            "pos": [
                10145.400390625,
                232.09263610839845,
                5225.16015625
            ],
            "ypr": [
                158.2869873046875,
                -3.499999761581421,
                0.4999999701976776
            ]
        },
        {
            "name": "Land_Wreck_Volha_Blue",
            "pos": [
                10137.40625,
                230.49620056152345,
                5208.419921875
            ],
            "ypr": [
                -29.25370979309082,
                0.0,
                -0.0
            ]
        },
        {
            "name": "Land_Wreck_S1023_Beige",
            "pos": [
                10129.9921875,
                230.67120361328126,
                5202.39208984375
            ],
            "ypr": [
                141.5613250732422,
                -0.0,
                -0.0
            ]
        },
        {
            "name": "Land_Wreck_hb01_aban1_white",
            "pos": [
                10147.19140625,
                231.08131408691407,
                5210.1484375
            ],
            "ypr": [
                -60.665771484375,
                0.0,
                0.0
            ]
        },
        {
            "name": "StaticObj_Garbage_Pile8",
            "pos": [
                10113.423828125,
                230.07638549804688,
                5203.5712890625
            ],
            "ypr": [
                -57.80572509765625,
                -0.0,
                -0.0
            ]
        },
        {
            "name": "StaticObj_Misc_WoodenCrate",
            "pos": [
                10141.50390625,
                236.43255615234376,
                5208.15625
            ],
            "ypr": [
                -129.28916931152345,
                -0.0,
                -0.0
            ]
        },
        {
            "name": "StaticObj_Misc_WoodenCrate_5x",
            "pos": [
                10140.5986328125,
                237.16587829589845,
                5209.54638671875
            ],
            "ypr": [
                -27.00005340576172,
                0.0,
                0.0
            ]
        },
        {
            "name": "StaticObj_Tisy_Garages_Grass_L",
            "pos": [
                10153.2001953125,
                222.6258087158203,
                5209.47021484375
            ],
            "ypr": [
                -35.999996185302737,
                3.000000238418579,
                4.999989986419678
            ]
        },
        {
            "name": "StaticObj_Mil_ReinforcedTank1_Grass",
            "pos": [
                10138.9150390625,
                225.6764373779297,
                5245.83447265625
            ],
            "ypr": [
                -64.55351257324219,
                -0.0,
                -0.0
            ]
        },
        {
            "name": "StaticObj_Tisy_Garages_Grass_L",
            "pos": [
                10139.7998046875,
                226.18309020996095,
                5257.77001953125
            ],
            "ypr": [
                0.0,
                4.5,
                0.0
            ]
        },
        {
            "name": "StaticObj_Tisy_Garages_Grass_R",
            "pos": [
                10134.7998046875,
                229.08860778808595,
                5288.56982421875
            ],
            "ypr": [
                9.0,
                4.5,
                -3.0
            ]
        },
        {
            "name": "StaticObj_Mil_ReinforcedTank1_Grass",
            "pos": [
                10141.0302734375,
                232.7151641845703,
                5333.51025390625
            ],
            "ypr": [
                0.0,
                -0.0,
                -0.0
            ]
        },
        {
            "name": "StaticObj_Tisy_Garages_Grass_L",
            "pos": [
                10144.7001953125,
                230.7364959716797,
                5316.9599609375
            ],
            "ypr": [
                0.0,
                5.499999523162842,
                4.999999046325684
            ]
        },
        {
            "name": "StaticObj_Tisy_Garages_Grass_R",
            "pos": [
                10136.2001953125,
                236.5183868408203,
                5376.93994140625
            ],
            "ypr": [
                0.0,
                3.499999761581421,
                -0.9999998211860657
            ]
        },
        {
            "name": "StaticObj_Mil_ReinforcedTank1_Grass",
            "pos": [
                10142.8544921875,
                238.4439239501953,
                5433.6943359375
            ],
            "ypr": [
                0.0,
                -0.0,
                -0.0
            ]
        },
        {
            "name": "StaticObj_Mil_ReinforcedTank1_Grass",
            "pos": [
                10141.7802734375,
                238.39784240722657,
                5424.4736328125
            ],
            "ypr": [
                0.0,
                -0.0,
                -0.0
            ]
        },
        {
            "name": "StaticObj_Mil_ReinforcedTank2_Grass_Top",
            "pos": [
                10142.3994140625,
                236.14427185058595,
                5439.1572265625
            ],
            "ypr": [
                0.0,
                -0.0,
                -0.0
            ]
        },
        {
            "name": "StaticObj_Mil_ReinforcedTank1_Grass",
            "pos": [
                10139.373046875,
                238.3968963623047,
                5430.27783203125
            ],
            "ypr": [
                12.196513175964356,
                -0.0,
                -0.0
            ]
        },
        {
            "name": "StaticObj_Tisy_Garages_Grass_L",
            "pos": [
                10142.0,
                237.5333251953125,
                5420.75
            ],
            "ypr": [
                0.0,
                2.499999761581421,
                5.499999046325684
            ]
        },
        {
            "name": "StaticObj_Tisy_Garages_Grass_L",
            "pos": [
                10187.2998046875,
                230.4527130126953,
                5443.18994140625
            ],
            "ypr": [
                63.0,
                -9.499999046325684,
                4.500000476837158
            ]
        },
        {
            "name": "StaticObj_Mil_ReinforcedTank1_Grass",
            "pos": [
                10124.9375,
                238.48843383789063,
                5471.0126953125
            ],
            "ypr": [
                0.0,
                -0.0,
                -0.0
            ]
        },
        {
            "name": "StaticObj_Tisy_Garages_Grass_L",
            "pos": [
                10136.4833984375,
                237.76930236816407,
                5461.685546875
            ],
            "ypr": [
                -35.999996185302737,
                0.0,
                0.0
            ]
        },
        {
            "name": "StaticObj_Tisy_Garages_Grass_L",
            "pos": [
                10105.2265625,
                237.83914184570313,
                5488.52294921875
            ],
            "ypr": [
                -18.0,
                0.0,
                0.0
            ]
        },
        {
            "name": "StaticObj_Mil_ReinforcedTank1_Grass",
            "pos": [
                10099.283203125,
                238.4352569580078,
                5502.5478515625
            ],
            "ypr": [
                0.0,
                -0.0,
                -0.0
            ]
        },
        {
            "name": "StaticObj_Tisy_Garages_Grass_L",
            "pos": [
                10100.2001953125,
                238.62220764160157,
                5529.2998046875
            ],
            "ypr": [
                -18.0,
                6.0,
                0.9999999403953552
            ]
        },
        {
            "name": "StaticObj_Mil_ReinforcedTank1_Grass",
            "pos": [
                10082.2421875,
                244.18934631347657,
                5580.08984375
            ],
            "ypr": [
                0.0,
                -0.0,
                -0.0
            ]
        },
        {
            "name": "StaticObj_Tisy_Garages_Grass_L",
            "pos": [
                10092.5,
                240.8508758544922,
                5559.27978515625
            ],
            "ypr": [
                -9.0,
                8.499999046325684,
                5.999999523162842
            ]
        },
        {
            "name": "StaticObj_Mil_ReinforcedTank2_Grass_Top",
            "pos": [
                10061.0,
                247.92222595214845,
                5622.3701171875
            ],
            "ypr": [
                123.69198608398438,
                -4.999999523162842,
                1.5
            ]
        },
        {
            "name": "StaticObj_Tisy_Garages_Grass_L",
            "pos": [
                10078.0,
                246.64730834960938,
                5599.35009765625
            ],
            "ypr": [
                -27.499998092651368,
                10.5,
                0.0
            ]
        },
        {
            "name": "StaticObj_Mil_ReinforcedTank1_Grass",
            "pos": [
                10066.3916015625,
                249.35757446289063,
                5615.28369140625
            ],
            "ypr": [
                0.0,
                -0.0,
                -0.0
            ]
        },
        {
            "name": "StaticObj_Mil_ReinforcedTank1_Grass",
            "pos": [
                10066.6923828125,
                249.6317596435547,
                5618.89306640625
            ],
            "ypr": [
                0.0,
                -0.0,
                -0.0
            ]
        },
        {
            "name": "StaticObj_Mil_ReinforcedTank1_Grass",
            "pos": [
                10066.732421875,
                249.73800659179688,
                5617.79833984375
            ],
            "ypr": [
                0.0,
                -0.0,
                -0.0
            ]
        },
        {
            "name": "StaticObj_Tisy_Garages_Grass_L",
            "pos": [
                10045.0,
                251.66497802734376,
                5650.759765625
            ],
            "ypr": [
                -35.999996185302737,
                3.999999761581421,
                1.5000001192092896
            ]
        },
        {
            "name": "StaticObj_Mil_ReinforcedTank1_Grass",
            "pos": [
                10006.2998046875,
                256.0006408691406,
                5692.77001953125
            ],
            "ypr": [
                0.0,
                1.9999998807907105,
                2.0
            ]
        },
        {
            "name": "StaticObj_Tisy_Garages_Grass_L",
            "pos": [
                10001.5,
                256.49053955078127,
                5704.1884765625
            ],
            "ypr": [
                -39.1963005065918,
                7.999999523162842,
                0.0
            ]
        },
        {
            "name": "Land_Wreck_Uaz",
            "pos": [
                10081.5,
                254.0253448486328,
                5594.7998046875
            ],
            "ypr": [
                -45.0,
                8.499999046325684,
                0.0
            ]
        },
        {
            "name": "Land_Wreck_hb01_aban1_green",
            "pos": [
                10090.599609375,
                246.3160400390625,
                5493.2001953125
            ],
            "ypr": [
                -98.99989318847656,
                3.499999761581421,
                0.4999999701976776
            ]
        },
        {
            "name": "Land_Wreck_Ikarus",
            "pos": [
                10099.5224609375,
                246.45005798339845,
                5487.2099609375
            ],
            "ypr": [
                -45.0,
                0.4999999701976776,
                0.0
            ]
        },
        {
            "name": "Land_Wreck_hb01_aban2_white",
            "pos": [
                10137.0126953125,
                245.81446838378907,
                5402.83203125
            ],
            "ypr": [
                0.0,
                -0.0,
                -0.0
            ]
        },
        {
            "name": "Land_Wreck_Volha_Blue",
            "pos": [
                10143.900390625,
                243.82806396484376,
                5369.81005859375
            ],
            "ypr": [
                -170.99998474121095,
                -3.499999761581421,
                0.0
            ]
        },
        {
            "name": "Land_Wreck_S1023_Blue",
            "pos": [
                10142.2001953125,
                245.09506225585938,
                5384.990234375
            ],
            "ypr": [
                -179.99998474121095,
                -3.0,
                0.0
            ]
        },
        {
            "name": "Land_Wreck_Ikarus",
            "pos": [
                10129.3515625,
                246.31900024414063,
                5468.51025390625
            ],
            "ypr": [
                134.99990844726563,
                0.0,
                -0.0
            ]
        },
        {
            "name": "Land_Wreck_Lada_Green",
            "pos": [
                10135.7607421875,
                245.67442321777345,
                5460.2021484375
            ],
            "ypr": [
                152.99990844726563,
                0.0,
                -0.0
            ]
        },
        {
            "name": "Land_Wreck_hb02_aban1_blue",
            "pos": [
                10099.7998046875,
                247.2760467529297,
                5539.39013671875
            ],
            "ypr": [
                170.99998474121095,
                -3.0,
                0.0
            ]
        },
        {
            "name": "Land_Wreck_sed01_aban1_white",
            "pos": [
                10099.0,
                246.72296142578126,
                5529.89990234375
            ],
            "ypr": [
                -179.99998474121095,
                -2.499999761581421,
                0.0
            ]
        },
        {
            "name": "Land_wreck_truck01_aban1_green",
            "pos": [
                10136.2998046875,
                242.31991577148438,
                5359.85009765625
            ],
            "ypr": [
                -18.0,
                4.999999523162842,
                0.0
            ]
        },
        {
            "name": "Land_Wreck_sed02_aban2_grey",
            "pos": [
                10087.0,
                248.5751953125,
                5554.8486328125
            ],
            "ypr": [
                0.0,
                7.5,
                0.0
            ]
        },
        {
            "name": "Land_Wreck_hb01_aban2_blue",
            "pos": [
                10044.2197265625,
                259.8324279785156,
                5654.3564453125
            ],
            "ypr": [
                -162.00009155273438,
                0.0,
                -0.0
            ]
        },
        {
            "name": "StaticObj_Garbage_Pile4",
            "pos": [
                10047.9169921875,
                258.6676025390625,
                5651.9541015625
            ],
            "ypr": [
                71.99995422363281,
                -0.0,
                -0.0
            ]
        },
        {
            "name": "StaticObj_Garbage_Pile6",
            "pos": [
                10048.27734375,
                258.76702880859377,
                5654.71240234375
            ],
            "ypr": [
                -44.99999237060547,
                0.0,
                0.0
            ]
        },
        {
            "name": "StaticObj_Garbage_Pile7",
            "pos": [
                10050.3427734375,
                259.109130859375,
                5655.865234375
            ],
            "ypr": [
                -35.999996185302737,
                0.0,
                0.0
            ]
        },
        {
            "name": "StaticObj_Garbage_Pile8",
            "pos": [
                10052.490234375,
                258.9841613769531,
                5647.3466796875
            ],
            "ypr": [
                53.99998474121094,
                -0.0,
                -0.0
            ]
        },
        {
            "name": "StaticObj_Garbage_Pile3",
            "pos": [
                10145.015625,
                245.29959106445313,
                5415.63916015625
            ],
            "ypr": [
                44.99999237060547,
                -0.0,
                -0.0
            ]
        },
        {
            "name": "StaticObj_Garbage_Container2_Open",
            "pos": [
                10145.3408203125,
                245.4803009033203,
                5420.8212890625
            ],
            "ypr": [
                -17.999937057495118,
                0.0,
                0.0
            ]
        },
        {
            "name": "StaticObj_Garbage_Pile8",
            "pos": [
                10155.498046875,
                244.16734313964845,
                5377.92578125
            ],
            "ypr": [
                0.0,
                -0.0,
                -0.0
            ]
        },
        {
            "name": "StaticObj_Garbage_Pile6",
            "pos": [
                10151.54296875,
                243.79226684570313,
                5382.4521484375
            ],
            "ypr": [
                71.99995422363281,
                -0.0,
                -0.0
            ]
        },
        {
            "name": "StaticObj_Garbage_Pile4",
            "pos": [
                10128.6865234375,
                245.10272216796876,
                5418.61865234375
            ],
            "ypr": [
                -71.99994659423828,
                0.0,
                0.0
            ]
        },
        {
            "name": "StaticObj_Garbage_Bin",
            "pos": [
                10151.322265625,
                244.51593017578126,
                5519.5087890625
            ],
            "ypr": [
                0.0,
                -0.0,
                -0.0
            ]
        },
        {
            "name": "StaticObj_Garbage_Bin",
            "pos": [
                10151.0927734375,
                244.5224609375,
                5520.31396484375
            ],
            "ypr": [
                -114.10208129882813,
                -0.0,
                -0.0
            ]
        },
        {
            "name": "StaticObj_Garbage_Bin",
            "pos": [
                10151.8095703125,
                244.4989471435547,
                5519.94775390625
            ],
            "ypr": [
                131.81455993652345,
                -0.0,
                -0.0
            ]
        },
        {
            "name": "StaticObj_Garbage_Pile1",
            "pos": [
                10153.244140625,
                244.3034210205078,
                5520.94140625
            ],
            "ypr": [
                18.0000057220459,
                -0.0,
                -0.0
            ]
        },
        {
            "name": "StaticObj_Garbage_Pile8",
            "pos": [
                10163.47265625,
                244.44088745117188,
                5528.18017578125
            ],
            "ypr": [
                71.99995422363281,
                -0.0,
                -0.0
            ]
        },
        {
            "name": "StaticObj_Garbage_Pile7",
            "pos": [
                10163.6357421875,
                244.49769592285157,
                5525.833984375
            ],
            "ypr": [
                153.00003051757813,
                0.0,
                -0.0
            ]
        },
        {
            "name": "StaticObj_Garbage_Pile4",
            "pos": [
                10164.900390625,
                244.0478973388672,
                5528.7890625
            ],
            "ypr": [
                27.0,
                -0.0,
                -0.0
            ]
        },
        {
            "name": "StaticObj_Garbage_GroundSq_3m_NoLC",
            "pos": [
                10134.017578125,
                245.067626953125,
                5456.91064453125
            ],
            "ypr": [
                0.0,
                -0.0,
                -0.0
            ]
        },
        {
            "name": "StaticObj_Garbage_GroundSq_5m_NoLC",
            "pos": [
                10120.01171875,
                245.05984497070313,
                5469.220703125
            ],
            "ypr": [
                -71.99995422363281,
                0.0,
                0.0
            ]
        },
        {
            "name": "StaticObj_Misc_Gunrack",
            "pos": [
                10148.33984375,
                244.87982177734376,
                5453.00927734375
            ],
            "ypr": [
                -26.99991226196289,
                0.0,
                0.0
            ]
        },
        {
            "name": "Land_Village_Pub",
            "pos": [
                9919.6416015625,
                289.5661315917969,
                6020.29052734375
            ],
            "ypr": [
                -0.19363991916179658,
                -0.0,
                -0.0
            ]
        },
        {
            "name": "Land_House_1B01_Pub",
            "pos": [
                9942.130859375,
                288.2400207519531,
                6008.78857421875
            ],
            "ypr": [
                -53.99998474121094,
                0.0,
                0.0
            ]
        },
        {
            "name": "Land_Barn_Wood2",
            "pos": [
                9935.716796875,
                288.6138610839844,
                6048.3486328125
            ],
            "ypr": [
                18.0,
                -0.0,
                -0.0
            ]
        },
        {
            "name": "StaticObj_Barn_Hopper",
            "pos": [
                9944.8310546875,
                291.9249267578125,
                6051.64404296875
            ],
            "ypr": [
                108.84326934814453,
                0.0,
                0.0
            ]
        },
        {
            "name": "StaticObj_Barn_WaterTower_Small",
            "pos": [
                9941.2451171875,
                290.3560791015625,
                6040.79296875
            ],
            "ypr": [
                -161.9998779296875,
                0.0,
                -0.0
            ]
        },
        {
            "name": "StaticObj_Barn_StrawStack",
            "pos": [
                9927.3291015625,
                285.90753173828127,
                6061.24951171875
            ],
            "ypr": [
                107.99990844726563,
                0.0,
                -0.0
            ]
        },
        {
            "name": "StaticObj_Misc_HayBale",
            "pos": [
                9929.1318359375,
                285.86322021484377,
                6054.6171875
            ],
            "ypr": [
                -27.0,
                0.0,
                0.0
            ]
        },
        {
            "name": "StaticObj_Misc_HayBale_Packed_Stack",
            "pos": [
                9926.58984375,
                286.9469299316406,
                6048.13916015625
            ],
            "ypr": [
                18.0,
                -0.0,
                -0.0
            ]
        },
        {
            "name": "Land_Mil_GuardTower",
            "pos": [
                10405.87109375,
                290.5948486328125,
                5938.6796875
            ],
            "ypr": [
                21.39102554321289,
                -0.0,
                -0.0
            ]
        },
        {
            "name": "StaticObj_Misc_WoodenCrate",
            "pos": [
                10406.4384765625,
                284.737060546875,
                5943.84375
            ],
            "ypr": [
                -107.99993896484375,
                0.0,
                -0.0
            ]
        },
        {
            "name": "StaticObj_Misc_WoodenCrate_5x",
            "pos": [
                10403.2822265625,
                285.3487854003906,
                5944.59912109375
            ],
            "ypr": [
                26.999988555908204,
                -0.0,
                -0.0
            ]
        },
        {
            "name": "StaticObj_Misc_WoodenCrate_3x",
            "pos": [
                10409.447265625,
                285.0902404785156,
                5944.4111328125
            ],
            "ypr": [
                -125.99999237060547,
                0.0,
                -0.0
            ]
        },
        {
            "name": "Land_Container_1Moh",
            "pos": [
                10416.3154296875,
                284.36431884765627,
                5978.2001953125
            ],
            "ypr": [
                -134.99986267089845,
                0.0,
                -0.0
            ]
        },
        {
            "name": "Land_Container_1Mo",
            "pos": [
                10402.4501953125,
                284.3382873535156,
                5961.67822265625
            ],
            "ypr": [
                98.99993133544922,
                0.0,
                -0.0
            ]
        },
        {
            "name": "StaticObj_Mil_CamoNet_Side_nato",
            "pos": [
                10461.455078125,
                285.0768737792969,
                5979.30859375
            ],
            "ypr": [
                29.035181045532228,
                0.0,
                -0.0
            ]
        },
        {
            "name": "Land_Roadblock_Table",
            "pos": [
                10461.8720703125,
                283.36859130859377,
                5982.3759765625
            ],
            "ypr": [
                20.22479248046875,
                -0.0,
                -0.0
            ]
        },
        {
            "name": "Land_Roadblock_Table",
            "pos": [
                10466.966796875,
                283.3769836425781,
                5976.6513671875
            ],
            "ypr": [
                -62.99997329711914,
                0.0,
                0.0
            ]
        },
        {
            "name": "StaticObj_Misc_Table_Camp_Small",
            "pos": [
                10471.8828125,
                283.2671813964844,
                5975.01318359375
            ],
            "ypr": [
                -80.99995422363281,
                0.0,
                0.0
            ]
        },
        {
            "name": "Land_Roadblock_Table",
            "pos": [
                10464.7236328125,
                283.3951110839844,
                5971.69482421875
            ],
            "ypr": [
                -116.99991607666016,
                0.0,
                -0.0
            ]
        },
        {
            "name": "Land_Roadblock_Table",
            "pos": [
                10459.07421875,
                283.3978271484375,
                5967.45751953125
            ],
            "ypr": [
                -107.99993896484375,
                0.0,
                -0.0
            ]
        },
        {
            "name": "StaticObj_Misc_Chair_Camp2",
            "pos": [
                10459.8251953125,
                283.441162109375,
                5967.41748046875
            ],
            "ypr": [
                116.99994659423828,
                0.0,
                -0.0
            ]
        },
        {
            "name": "StaticObj_Misc_Chair_Camp2",
            "pos": [
                10463.865234375,
                283.43902587890627,
                5972.78564453125
            ],
            "ypr": [
                80.99995422363281,
                -0.0,
                -0.0
            ]
        },
        {
            "name": "StaticObj_Misc_Chair_Plastic",
            "pos": [
                10469.4814453125,
                283.4735107421875,
                5976.78759765625
            ],
            "ypr": [
                44.99995422363281,
                -0.0,
                -0.0
            ]
        },
        {
            "name": "StaticObj_Furniture_student_chair",
            "pos": [
                10466.548828125,
                282.98907470703127,
                5977.6328125
            ],
            "ypr": [
                0.0,
                -0.0,
                -0.0
            ]
        },
        {
            "name": "StaticObj_Furniture_box_c_multi",
            "pos": [
                10459.482421875,
                282.9722595214844,
                5982.8037109375
            ],
            "ypr": [
                -161.99984741210938,
                0.0,
                -0.0
            ]
        },
        {
            "name": "StaticObj_Roadblock_Pillbox",
            "pos": [
                10432.447265625,
                283.93280029296877,
                5936.9990234375
            ],
            "ypr": [
                116.99991607666016,
                0.0,
                -0.0
            ]
        },
        {
            "name": "StaticObj_Misc_BoxWooden",
            "pos": [
                10465.3046875,
                283.4149475097656,
                5978.60986328125
            ],
            "ypr": [
                35.999996185302737,
                -0.0,
                -0.0
            ]
        },
        {
            "name": "StaticObj_Misc_BoxWooden",
            "pos": [
                10464.3759765625,
                283.39898681640627,
                5980.51953125
            ],
            "ypr": [
                -117.8497314453125,
                -0.0,
                -0.0
            ]
        },
        {
            "name": "StaticObj_Misc_BoxWooden",
            "pos": [
                10458.625,
                283.4921875,
                5962.70166015625
            ],
            "ypr": [
                9.0,
                -0.0,
                -0.0
            ]
        },
        {
            "name": "StaticObj_Misc_BoxWooden",
            "pos": [
                10459.8369140625,
                283.48846435546877,
                5964.021484375
            ],
            "ypr": [
                149.44532775878907,
                -0.0,
                -0.0
            ]
        },
        {
            "name": "StaticObj_Furniture_box_c",
            "pos": [
                10458.5341796875,
                283.2546081542969,
                5966.9521484375
            ],
            "ypr": [
                44.99999237060547,
                -0.0,
                -0.0
            ]
        },
        {
            "name": "StaticObj_Misc_WoodenCrate",
            "pos": [
                10429.443359375,
                277.84332275390627,
                5849.6591796875
            ],
            "ypr": [
                9.0,
                -0.0,
                -0.0
            ]
        },
        {
            "name": "StaticObj_Misc_WoodenCrate_3x",
            "pos": [
                10432.8818359375,
                278.3217468261719,
                5850.94384765625
            ],
            "ypr": [
                -27.0,
                0.0,
                0.0
            ]
        },
        {
            "name": "StaticObj_Furniture_metalcrate",
            "pos": [
                10445.001953125,
                277.9513244628906,
                5853.26611328125
            ],
            "ypr": [
                -27.0,
                0.0,
                0.0
            ]
        },
        {
            "name": "StaticObj_Misc_WoodenCrate",
            "pos": [
                10456.986328125,
                283.20306396484377,
                5941.81591796875
            ],
            "ypr": [
                -18.0,
                0.0,
                0.0
            ]
        }
    ]
}