<?xml version="1.0" encoding="UTF-8"?>
<territory-type>
    <territory color="4291611852">
        <zone name="Water" smin="0" smax="0" dmin="0" dmax="0" x="3142.5" z="4087.5" r="60"/>
        <zone name="Water" smin="0" smax="0" dmin="0" dmax="0" x="3390" z="3892.5" r="52.5"/>
        <zone name="Rest" smin="0" smax="0" dmin="0" dmax="0" x="2617.5" z="3840" r="202.5"/>
        <zone name="Rest" smin="0" smax="0" dmin="0" dmax="0" x="1312.5" z="3060" r="180"/>
        <zone name="HuntingGround" smin="0" smax="0" dmin="0" dmax="0" x="2595" z="3825" r="240"/>
        <zone name="HuntingGround" smin="0" smax="0" dmin="0" dmax="0" x="2565" z="4417.5" r="225"/>
        <zone name="HuntingGround" smin="0" smax="0" dmin="0" dmax="0" x="2137.5" z="3367.5" r="210"/>
        <zone name="HuntingGround" smin="0" smax="0" dmin="0" dmax="0" x="3697.5" z="4140" r="187.5"/>
        <zone name="HuntingGround" smin="0" smax="0" dmin="0" dmax="0" x="3630" z="3495" r="180"/>
		<zone name="HuntingGround" smin="0" smax="0" dmin="0" dmax="0" x="1672.937744" z="3842.969727" r="60"/>
    </territory>
    <territory color="4291611852">
        <zone name="Water" smin="0" smax="0" dmin="0" dmax="0" x="9697.5" z="7972.5" r="52.5"/>
        <zone name="Rest" smin="0" smax="0" dmin="0" dmax="0" x="10252.5" z="11287.5" r="225"/>
        <zone name="Rest" smin="0" smax="0" dmin="0" dmax="0" x="10275" z="11782.5" r="210"/>
        <zone name="Rest" smin="0" smax="0" dmin="0" dmax="0" x="9375" z="10695" r="187.5"/>
        <zone name="Rest" smin="0" smax="0" dmin="0" dmax="0" x="9922.5" z="11062.5" r="172.5"/>
        <zone name="HuntingGround" smin="0" smax="0" dmin="0" dmax="0" x="10215" z="12007.5" r="300"/>
        <zone name="HuntingGround" smin="0" smax="0" dmin="0" dmax="0" x="10252.5" z="11257.5" r="270"/>
        <zone name="HuntingGround" smin="0" smax="0" dmin="0" dmax="0" x="9367.5" z="10635" r="240"/>
        <zone name="HuntingGround" smin="0" smax="0" dmin="0" dmax="0" x="9330" z="9682.5" r="232.5"/>
        <zone name="HuntingGround" smin="0" smax="0" dmin="0" dmax="0" x="9832.5" z="9330" r="225"/>
        <zone name="HuntingGround" smin="0" smax="0" dmin="0" dmax="0" x="9165" z="10207.5" r="195"/>
        <zone name="HuntingGround" smin="0" smax="0" dmin="0" dmax="0" x="10897.5" z="10342.5" r="187.5"/>
        <zone name="HuntingGround" smin="0" smax="0" dmin="0" dmax="0" x="9817.5" z="11017.5" r="187.5"/>
        <zone name="HuntingGround" smin="0" smax="0" dmin="0" dmax="0" x="10290" z="10612.5" r="180"/>
        <zone name="HuntingGround" smin="0" smax="0" dmin="0" dmax="0" x="9495" z="10065" r="157.5"/>
        <zone name="HuntingGround" smin="0" smax="0" dmin="0" dmax="0" x="10680" z="11205" r="157.5"/>
		<zone name="HuntingGround" smin="0" smax="0" dmin="0" dmax="0" x="3654.875000" z="2464.537598" r="60"/>
    </territory>
    <territory color="4291611852">
        <zone name="Water" smin="0" smax="0" dmin="0" dmax="0" x="8977.5" z="8197.5" r="60"/>
        <zone name="Water" smin="0" smax="0" dmin="0" dmax="0" x="8880" z="8272.5" r="52.5"/>
        <zone name="Water" smin="0" smax="0" dmin="0" dmax="0" x="7237.5" z="7612.5" r="45"/>
        <zone name="Rest" smin="0" smax="0" dmin="0" dmax="0" x="8092.5" z="10252.5" r="172.5"/>
        <zone name="HuntingGround" smin="0" smax="0" dmin="0" dmax="0" x="9330" z="9682.5" r="232.5"/>
        <zone name="HuntingGround" smin="0" smax="0" dmin="0" dmax="0" x="8100" z="10275" r="217.5"/>
        <zone name="HuntingGround" smin="0" smax="0" dmin="0" dmax="0" x="9165" z="10207.5" r="195"/>
        <zone name="HuntingGround" smin="0" smax="0" dmin="0" dmax="0" x="8017.5" z="11002.5" r="180"/>
        <zone name="HuntingGround" smin="0" smax="0" dmin="0" dmax="0" x="7612.5" z="11137.5" r="157.5"/>
		<zone name="HuntingGround" smin="0" smax="0" dmin="0" dmax="0" x="5816.191895" z="13572.711914" r="60"/>
    </territory>
    <territory color="4291611852">
        <zone name="Water" smin="0" smax="0" dmin="0" dmax="0" x="8527.5" z="13845" r="90"/>
        <zone name="Water" smin="0" smax="0" dmin="0" dmax="0" x="9930" z="13845" r="75"/>
        <zone name="Water" smin="0" smax="0" dmin="0" dmax="0" x="9270" z="13710" r="67.5"/>
        <zone name="Rest" smin="0" smax="0" dmin="0" dmax="0" x="10275" z="11782.5" r="210"/>
        <zone name="Rest" smin="0" smax="0" dmin="0" dmax="0" x="10192.5" z="12682.5" r="172.5"/>
        <zone name="Rest" smin="0" smax="0" dmin="0" dmax="0" x="10065" z="12105" r="165"/>
        <zone name="Rest" smin="0" smax="0" dmin="0" dmax="0" x="10185" z="13057.5" r="157.5"/>
        <zone name="HuntingGround" smin="0" smax="0" dmin="0" dmax="0" x="10215" z="12007.5" r="300"/>
        <zone name="HuntingGround" smin="0" smax="0" dmin="0" dmax="0" x="9480" z="12457.5" r="270"/>
        <zone name="HuntingGround" smin="0" smax="0" dmin="0" dmax="0" x="10215" z="12817.5" r="240"/>
        <zone name="HuntingGround" smin="0" smax="0" dmin="0" dmax="0" x="9007.5" z="12262.5" r="210"/>
        <zone name="HuntingGround" smin="0" smax="0" dmin="0" dmax="0" x="8332.5" z="11730" r="157.5"/>
		<zone name="HuntingGround" smin="0" smax="0" dmin="0" dmax="0" x="7152.916992" z="7702.881348" r="60"/>
    </territory>
    <territory color="4291611852">
        <zone name="Water" smin="0" smax="0" dmin="0" dmax="0" x="9930" z="13845" r="75"/>
        <zone name="Water" smin="0" smax="0" dmin="0" dmax="0" x="9270" z="13710" r="67.5"/>
        <zone name="Water" smin="0" smax="0" dmin="0" dmax="0" x="10050" z="13867.5" r="52.5"/>
        <zone name="Rest" smin="0" smax="0" dmin="0" dmax="0" x="10072.5" z="14625" r="195"/>
        <zone name="Rest" smin="0" smax="0" dmin="0" dmax="0" x="8572.5" z="14587.5" r="187.5"/>
        <zone name="Rest" smin="0" smax="0" dmin="0" dmax="0" x="10582.5" z="14910" r="180"/>
        <zone name="Rest" smin="0" smax="0" dmin="0" dmax="0" x="8842.5" z="15157.5" r="172.5"/>
        <zone name="HuntingGround" smin="0" smax="0" dmin="0" dmax="0" x="10087.5" z="14580" r="300"/>
        <zone name="HuntingGround" smin="0" smax="0" dmin="0" dmax="0" x="10747.5" z="14857.5" r="300"/>
        <zone name="HuntingGround" smin="0" smax="0" dmin="0" dmax="0" x="8707.5" z="14947.5" r="300"/>
        <zone name="HuntingGround" smin="0" smax="0" dmin="0" dmax="0" x="9810" z="15052.5" r="247.5"/>
        <zone name="HuntingGround" smin="0" smax="0" dmin="0" dmax="0" x="8325" z="14587.5" r="225"/>
        <zone name="HuntingGround" smin="0" smax="0" dmin="0" dmax="0" x="9255" z="15037.5" r="217.5"/>
        <zone name="HuntingGround" smin="0" smax="0" dmin="0" dmax="0" x="9330" z="14235" r="180"/>
        <zone name="HuntingGround" smin="0" smax="0" dmin="0" dmax="0" x="10215" z="15045" r="165"/>
		<zone name="HuntingGround" smin="0" smax="0" dmin="0" dmax="0" x="9384.627930" z="14551.081055" r="60"/>
    </territory>
    <territory color="4291611852">
        <zone name="Water" smin="0" smax="0" dmin="0" dmax="0" x="1867.5" z="9862.5" r="52.5"/>
        <zone name="Rest" smin="0" smax="0" dmin="0" dmax="0" x="1455" z="8745" r="195"/>
        <zone name="Rest" smin="0" smax="0" dmin="0" dmax="0" x="2145" z="6990" r="187.5"/>
        <zone name="Rest" smin="0" smax="0" dmin="0" dmax="0" x="1747.5" z="8377.5" r="172.5"/>
        <zone name="HuntingGround" smin="0" smax="0" dmin="0" dmax="0" x="1695" z="8272.5" r="247.5"/>
        <zone name="HuntingGround" smin="0" smax="0" dmin="0" dmax="0" x="1560" z="7417.5" r="210"/>
        <zone name="HuntingGround" smin="0" smax="0" dmin="0" dmax="0" x="2190" z="7005" r="202.5"/>
        <zone name="HuntingGround" smin="0" smax="0" dmin="0" dmax="0" x="2122.5" z="8392.5" r="187.5"/>
        <zone name="HuntingGround" smin="0" smax="0" dmin="0" dmax="0" x="2677.5" z="7560" r="172.5"/>
		<zone name="HuntingGround" smin="0" smax="0" dmin="0" dmax="0" x="11001.086914" z="12417.129883" r="60"/>
    </territory>
    <territory color="4291611852">
        <zone name="Water" smin="0" smax="0" dmin="0" dmax="0" x="10597.5" z="13432.5" r="60"/>
        <zone name="Rest" smin="0" smax="0" dmin="0" dmax="0" x="10837.5" z="13942.5" r="247.5"/>
        <zone name="Rest" smin="0" smax="0" dmin="0" dmax="0" x="11070" z="13455" r="210"/>
        <zone name="Rest" smin="0" smax="0" dmin="0" dmax="0" x="11670" z="13695" r="157.5"/>
        <zone name="Rest" smin="0" smax="0" dmin="0" dmax="0" x="11295" z="13860" r="157.5"/>
        <zone name="HuntingGround" smin="0" smax="0" dmin="0" dmax="0" x="11137.5" z="13597.5" r="300"/>
        <zone name="HuntingGround" smin="0" smax="0" dmin="0" dmax="0" x="10747.5" z="14857.5" r="300"/>
        <zone name="HuntingGround" smin="0" smax="0" dmin="0" dmax="0" x="12097.5" z="14737.5" r="285"/>
        <zone name="HuntingGround" smin="0" smax="0" dmin="0" dmax="0" x="11737.5" z="13635" r="240"/>
        <zone name="HuntingGround" smin="0" smax="0" dmin="0" dmax="0" x="11205" z="15135" r="232.5"/>
        <zone name="HuntingGround" smin="0" smax="0" dmin="0" dmax="0" x="13695" z="14700" r="225"/>
        <zone name="HuntingGround" smin="0" smax="0" dmin="0" dmax="0" x="10927.5" z="14085" r="187.5"/>
        <zone name="HuntingGround" smin="0" smax="0" dmin="0" dmax="0" x="13065" z="15187.5" r="180"/>
        <zone name="HuntingGround" smin="0" smax="0" dmin="0" dmax="0" x="11152.5" z="13080" r="165"/>
        <zone name="HuntingGround" smin="0" smax="0" dmin="0" dmax="0" x="12577.5" z="14437.5" r="165"/>
		<zone name="HuntingGround" smin="0" smax="0" dmin="0" dmax="0" x="12876.538086" z="4437.374512" r="60"/>
    </territory>
    <territory color="4291611852">
        <zone name="Water" smin="0" smax="0" dmin="0" dmax="0" x="10402.5" z="7582.5" r="75"/>
        <zone name="Rest" smin="0" smax="0" dmin="0" dmax="0" x="10252.5" z="11287.5" r="225"/>
        <zone name="HuntingGround" smin="0" smax="0" dmin="0" dmax="0" x="9832.5" z="9330" r="225"/>
        <zone name="HuntingGround" smin="0" smax="0" dmin="0" dmax="0" x="10897.5" z="10342.5" r="187.5"/>
        <zone name="HuntingGround" smin="0" smax="0" dmin="0" dmax="0" x="10290" z="10612.5" r="180"/>
        <zone name="HuntingGround" smin="0" smax="0" dmin="0" dmax="0" x="9495" z="10065" r="157.5"/>
        <zone name="HuntingGround" smin="0" smax="0" dmin="0" dmax="0" x="10680" z="11205" r="157.5"/>
		<zone name="HuntingGround" smin="0" smax="0" dmin="0" dmax="0" x="2715.814453" z="5292.602539" r="60"/>
    </territory>
    <territory color="4291611852">
        <zone name="Water" smin="0" smax="0" dmin="0" dmax="0" x="2835" z="13897.5" r="60"/>
        <zone name="Water" smin="0" smax="0" dmin="0" dmax="0" x="2370" z="14235" r="60"/>
        <zone name="Water" smin="0" smax="0" dmin="0" dmax="0" x="3757.5" z="15232.5" r="60"/>
        <zone name="Rest" smin="0" smax="0" dmin="0" dmax="0" x="2302.5" z="14355" r="202.5"/>
        <zone name="Rest" smin="0" smax="0" dmin="0" dmax="0" x="2895" z="14632.5" r="202.5"/>
        <zone name="HuntingGround" smin="0" smax="0" dmin="0" dmax="0" x="2235" z="14310" r="300"/>
        <zone name="HuntingGround" smin="0" smax="0" dmin="0" dmax="0" x="3127.5" z="14745" r="300"/>
        <zone name="HuntingGround" smin="0" smax="0" dmin="0" dmax="0" x="2775" z="14055" r="187.5"/>
        <zone name="HuntingGround" smin="0" smax="0" dmin="0" dmax="0" x="1777.5" z="14520" r="165"/>
        <zone name="HuntingGround" smin="0" smax="0" dmin="0" dmax="0" x="2677.5" z="14715" r="157.5"/>
		<zone name="HuntingGround" smin="0" smax="0" dmin="0" dmax="0" x="4798.157227" z="6826.440430" r="60"/>
    </territory>
    <territory color="4291611852">
        <zone name="Water" smin="0" smax="0" dmin="0" dmax="0" x="910" z="5265" r="60"/>
        <zone name="Rest" smin="0" smax="0" dmin="0" dmax="0" x="1695" z="6187.5" r="247.5"/>
        <zone name="Rest" smin="0" smax="0" dmin="0" dmax="0" x="1932.5" z="5740" r="187.5"/>
        <zone name="Rest" smin="0" smax="0" dmin="0" dmax="0" x="952.5" z="6225" r="172.5"/>
        <zone name="Rest" smin="0" smax="0" dmin="0" dmax="0" x="745" z="3752.5" r="157.5"/>
        <zone name="HuntingGround" smin="0" smax="0" dmin="0" dmax="0" x="1197.5" z="3120" r="300"/>
        <zone name="HuntingGround" smin="0" smax="0" dmin="0" dmax="0" x="997.5" z="6217.5" r="255"/>
        <zone name="HuntingGround" smin="0" smax="0" dmin="0" dmax="0" x="1085" z="5002.5" r="225"/>
        <zone name="HuntingGround" smin="0" smax="0" dmin="0" dmax="0" x="540" z="4252.5" r="217.5"/>
        <zone name="HuntingGround" smin="0" smax="0" dmin="0" dmax="0" x="1900" z="6012.5" r="217.5"/>
        <zone name="HuntingGround" smin="0" smax="0" dmin="0" dmax="0" x="407.5" z="3470" r="180"/>
        <zone name="HuntingGround" smin="0" smax="0" dmin="0" dmax="0" x="1587.5" z="5657.5" r="157.5"/>
		<zone name="HuntingGround" smin="0" smax="0" dmin="0" dmax="0" x="6297.689453" z="12666.705078" r="60"/>
    </territory>
    <territory color="4291611852">
        <zone name="Water" smin="0" smax="0" dmin="0" dmax="0" x="8542.5" z="14025" r="75"/>
        <zone name="Water" smin="0" smax="0" dmin="0" dmax="0" x="7710" z="14430" r="67.5"/>
        <zone name="Water" smin="0" smax="0" dmin="0" dmax="0" x="7980" z="14700" r="67.5"/>
        <zone name="Rest" smin="0" smax="0" dmin="0" dmax="0" x="8572.5" z="14587.5" r="187.5"/>
        <zone name="Rest" smin="0" smax="0" dmin="0" dmax="0" x="8002.5" z="14385" r="180"/>
        <zone name="Rest" smin="0" smax="0" dmin="0" dmax="0" x="8842.5" z="15157.5" r="172.5"/>
        <zone name="Rest" smin="0" smax="0" dmin="0" dmax="0" x="7537.5" z="14640" r="165"/>
        <zone name="HuntingGround" smin="0" smax="0" dmin="0" dmax="0" x="8707.5" z="14947.5" r="300"/>
        <zone name="HuntingGround" smin="0" smax="0" dmin="0" dmax="0" x="9810" z="15052.5" r="247.5"/>
        <zone name="HuntingGround" smin="0" smax="0" dmin="0" dmax="0" x="8325" z="14587.5" r="225"/>
        <zone name="HuntingGround" smin="0" smax="0" dmin="0" dmax="0" x="9255" z="15037.5" r="217.5"/>
        <zone name="HuntingGround" smin="0" smax="0" dmin="0" dmax="0" x="7830" z="15007.5" r="210"/>
        <zone name="HuntingGround" smin="0" smax="0" dmin="0" dmax="0" x="9330" z="14235" r="180"/>
        <zone name="HuntingGround" smin="0" smax="0" dmin="0" dmax="0" x="7567.5" z="14685" r="180"/>
		<zone name="HuntingGround" smin="0" smax="0" dmin="0" dmax="0" x="8065.274414" z="12637.166992" r="60"/>
    </territory>
    <territory color="4291611852">
        <zone name="Water" smin="0" smax="0" dmin="0" dmax="0" x="4822.5" z="13657.5" r="60"/>
        <zone name="Water" smin="0" smax="0" dmin="0" dmax="0" x="6315" z="13875" r="60"/>
        <zone name="Water" smin="0" smax="0" dmin="0" dmax="0" x="6030" z="13485" r="45"/>
        <zone name="Rest" smin="0" smax="0" dmin="0" dmax="0" x="6997.5" z="12127.5" r="232.5"/>
        <zone name="Rest" smin="0" smax="0" dmin="0" dmax="0" x="7477.5" z="11970" r="180"/>
        <zone name="Rest" smin="0" smax="0" dmin="0" dmax="0" x="7012.5" z="13807.5" r="172.5"/>
        <zone name="Rest" smin="0" smax="0" dmin="0" dmax="0" x="6457.5" z="13950" r="165"/>
        <zone name="HuntingGround" smin="0" smax="0" dmin="0" dmax="0" x="6960" z="12105" r="292.5"/>
        <zone name="HuntingGround" smin="0" smax="0" dmin="0" dmax="0" x="5947.5" z="13965" r="277.5"/>
        <zone name="HuntingGround" smin="0" smax="0" dmin="0" dmax="0" x="7462.5" z="11970" r="217.5"/>
        <zone name="HuntingGround" smin="0" smax="0" dmin="0" dmax="0" x="6457.5" z="12210" r="210"/>
        <zone name="HuntingGround" smin="0" smax="0" dmin="0" dmax="0" x="7110" z="13680" r="202.5"/>
        <zone name="HuntingGround" smin="0" smax="0" dmin="0" dmax="0" x="8017.5" z="11002.5" r="180"/>
        <zone name="HuntingGround" smin="0" smax="0" dmin="0" dmax="0" x="7155" z="12900" r="172.5"/>
        <zone name="HuntingGround" smin="0" smax="0" dmin="0" dmax="0" x="5415" z="13387.5" r="172.5"/>
        <zone name="HuntingGround" smin="0" smax="0" dmin="0" dmax="0" x="7612.5" z="11137.5" r="157.5"/>
        <zone name="HuntingGround" smin="0" smax="0" dmin="0" dmax="0" x="8332.5" z="11730" r="157.5"/>
        <zone name="HuntingGround" smin="0" smax="0" dmin="0" dmax="0" x="6712.5" z="13470" r="157.5"/>
		<zone name="HuntingGround" smin="0" smax="0" dmin="0" dmax="0" x="9958.327148" z="10386.066406" r="60"/>
    </territory>
    <territory color="4291611852">
        <zone name="Water" smin="0" smax="0" dmin="0" dmax="0" x="8880" z="8272.5" r="52.5"/>
        <zone name="Rest" smin="0" smax="0" dmin="0" dmax="0" x="8092.5" z="10252.5" r="172.5"/>
        <zone name="HuntingGround" smin="0" smax="0" dmin="0" dmax="0" x="9330" z="9682.5" r="232.5"/>
        <zone name="HuntingGround" smin="0" smax="0" dmin="0" dmax="0" x="8100" z="10275" r="217.5"/>
        <zone name="HuntingGround" smin="0" smax="0" dmin="0" dmax="0" x="9165" z="10207.5" r="195"/>
        <zone name="HuntingGround" smin="0" smax="0" dmin="0" dmax="0" x="8017.5" z="11002.5" r="180"/>
        <zone name="HuntingGround" smin="0" smax="0" dmin="0" dmax="0" x="7612.5" z="11137.5" r="157.5"/>
		<zone name="HuntingGround" smin="0" smax="0" dmin="0" dmax="0" x="11902.600586" z="9149.667969" r="60"/>
    </territory>
    <territory color="4291611852">
        <zone name="Water" smin="0" smax="0" dmin="0" dmax="0" x="2595" z="5947.5" r="60"/>
        <zone name="Rest" smin="0" smax="0" dmin="0" dmax="0" x="1777.5" z="5760" r="187.5"/>
        <zone name="Rest" smin="0" smax="0" dmin="0" dmax="0" x="2160" z="5722.5" r="157.5"/>
        <zone name="HuntingGround" smin="0" smax="0" dmin="0" dmax="0" x="1792.5" z="5910" r="300"/>
        <zone name="HuntingGround" smin="0" smax="0" dmin="0" dmax="0" x="2565" z="4417.5" r="225"/>
        <zone name="HuntingGround" smin="0" smax="0" dmin="0" dmax="0" x="907.5" z="5100" r="225"/>
        <zone name="HuntingGround" smin="0" smax="0" dmin="0" dmax="0" x="540" z="4252.5" r="217.5"/>
        <zone name="HuntingGround" smin="0" smax="0" dmin="0" dmax="0" x="2242.5" z="5662.5" r="157.5"/>
		<zone name="HuntingGround" smin="0" smax="0" dmin="0" dmax="0" x="13360.716797" z="12866.163086" r="60"/>
    </territory>
    <territory color="4291611852">
        <zone name="Water" smin="0" smax="0" dmin="0" dmax="0" x="2370" z="14235" r="60"/>
        <zone name="Rest" smin="0" smax="0" dmin="0" dmax="0" x="240" z="13702.5" r="240"/>
        <zone name="Rest" smin="0" smax="0" dmin="0" dmax="0" x="502.5" z="14055" r="195"/>
        <zone name="Rest" smin="0" smax="0" dmin="0" dmax="0" x="1297.5" z="14437.5" r="180"/>
        <zone name="Rest" smin="0" smax="0" dmin="0" dmax="0" x="825" z="13867.5" r="165"/>
        <zone name="HuntingGround" smin="0" smax="0" dmin="0" dmax="0" x="1057.5" z="13852.5" r="292.5"/>
        <zone name="HuntingGround" smin="0" smax="0" dmin="0" dmax="0" x="465" z="13972.5" r="285"/>
        <zone name="HuntingGround" smin="0" smax="0" dmin="0" dmax="0" x="345" z="15007.5" r="255"/>
        <zone name="HuntingGround" smin="0" smax="0" dmin="0" dmax="0" x="1822.5" z="13950" r="247.5"/>
        <zone name="HuntingGround" smin="0" smax="0" dmin="0" dmax="0" x="1297.5" z="14422.5" r="232.5"/>
        <zone name="HuntingGround" smin="0" smax="0" dmin="0" dmax="0" x="877.5" z="14340" r="195"/>
        <zone name="HuntingGround" smin="0" smax="0" dmin="0" dmax="0" x="1777.5" z="14520" r="165"/>
    </territory>
    <territory color="4291611852">
        <zone name="Water" smin="0" smax="0" dmin="0" dmax="0" x="4515" z="3907.5" r="67.5"/>
        <zone name="Water" smin="0" smax="0" dmin="0" dmax="0" x="3765" z="3175" r="60"/>
        <zone name="Water" smin="0" smax="0" dmin="0" dmax="0" x="3390" z="3892.5" r="52.5"/>
        <zone name="Rest" smin="0" smax="0" dmin="0" dmax="0" x="2587.5" z="3960" r="202.5"/>
        <zone name="Rest" smin="0" smax="0" dmin="0" dmax="0" x="4057.5" z="4275" r="180"/>
        <zone name="Rest" smin="0" smax="0" dmin="0" dmax="0" x="3767.5" z="4405" r="172.5"/>
        <zone name="Rest" smin="0" smax="0" dmin="0" dmax="0" x="4080" z="3947.5" r="157.5"/>
        <zone name="HuntingGround" smin="0" smax="0" dmin="0" dmax="0" x="2630" z="3927.5" r="300"/>
        <zone name="HuntingGround" smin="0" smax="0" dmin="0" dmax="0" x="2580" z="4405" r="240"/>
        <zone name="HuntingGround" smin="0" smax="0" dmin="0" dmax="0" x="2785" z="4682.5" r="225"/>
        <zone name="HuntingGround" smin="0" smax="0" dmin="0" dmax="0" x="3387.5" z="5257.5" r="217.5"/>
        <zone name="HuntingGround" smin="0" smax="0" dmin="0" dmax="0" x="4047.5" z="3422.5" r="210"/>
        <zone name="HuntingGround" smin="0" smax="0" dmin="0" dmax="0" x="3697.5" z="4140" r="187.5"/>
        <zone name="HuntingGround" smin="0" smax="0" dmin="0" dmax="0" x="3630" z="3495" r="180"/>
        <zone name="HuntingGround" smin="0" smax="0" dmin="0" dmax="0" x="3647.5" z="5087.5" r="172.5"/>
        <zone name="HuntingGround" smin="0" smax="0" dmin="0" dmax="0" x="3555" z="4462.5" r="165"/>
    </territory>
    <territory color="4291611852">
        <zone name="Water" smin="0" smax="0" dmin="0" dmax="0" x="10597.5" z="13432.5" r="60"/>
        <zone name="Rest" smin="0" smax="0" dmin="0" dmax="0" x="10710" z="13162.5" r="247.5"/>
        <zone name="Rest" smin="0" smax="0" dmin="0" dmax="0" x="11070" z="13455" r="210"/>
        <zone name="Rest" smin="0" smax="0" dmin="0" dmax="0" x="11670" z="13695" r="157.5"/>
        <zone name="HuntingGround" smin="0" smax="0" dmin="0" dmax="0" x="10695" z="13072.5" r="300"/>
        <zone name="HuntingGround" smin="0" smax="0" dmin="0" dmax="0" x="11137.5" z="13597.5" r="300"/>
        <zone name="HuntingGround" smin="0" smax="0" dmin="0" dmax="0" x="11737.5" z="13635" r="240"/>
        <zone name="HuntingGround" smin="0" smax="0" dmin="0" dmax="0" x="11152.5" z="13080" r="165"/>
        <zone name="HuntingGround" smin="0" smax="0" dmin="0" dmax="0" x="10680" z="11205" r="157.5"/>
    </territory>
    <territory color="4291611852">
        <zone name="Water" smin="0" smax="0" dmin="0" dmax="0" x="1867.5" z="9862.5" r="52.5"/>
        <zone name="Water" smin="0" smax="0" dmin="0" dmax="0" x="1867.5" z="10117.5" r="52.5"/>
        <zone name="Water" smin="0" smax="0" dmin="0" dmax="0" x="1875" z="10215" r="45"/>
        <zone name="Rest" smin="0" smax="0" dmin="0" dmax="0" x="1327.5" z="8317.5" r="247.5"/>
        <zone name="Rest" smin="0" smax="0" dmin="0" dmax="0" x="1455" z="8745" r="195"/>
        <zone name="Rest" smin="0" smax="0" dmin="0" dmax="0" x="1335" z="9105" r="180"/>
        <zone name="Rest" smin="0" smax="0" dmin="0" dmax="0" x="1747.5" z="8377.5" r="172.5"/>
        <zone name="HuntingGround" smin="0" smax="0" dmin="0" dmax="0" x="1350" z="8947.5" r="270"/>
        <zone name="HuntingGround" smin="0" smax="0" dmin="0" dmax="0" x="1695" z="8272.5" r="247.5"/>
        <zone name="HuntingGround" smin="0" smax="0" dmin="0" dmax="0" x="1335" z="9450" r="232.5"/>
        <zone name="HuntingGround" smin="0" smax="0" dmin="0" dmax="0" x="2122.5" z="8392.5" r="187.5"/>
        <zone name="HuntingGround" smin="0" smax="0" dmin="0" dmax="0" x="2677.5" z="7560" r="172.5"/>
    </territory>
    <territory color="4291611852">
        <zone name="Water" smin="0" smax="0" dmin="0" dmax="0" x="2835" z="13897.5" r="60"/>
        <zone name="Water" smin="0" smax="0" dmin="0" dmax="0" x="2370" z="14235" r="60"/>
        <zone name="Water" smin="0" smax="0" dmin="0" dmax="0" x="3757.5" z="15232.5" r="60"/>
        <zone name="Rest" smin="0" smax="0" dmin="0" dmax="0" x="2302.5" z="14355" r="202.5"/>
        <zone name="Rest" smin="0" smax="0" dmin="0" dmax="0" x="2895" z="14632.5" r="202.5"/>
        <zone name="Rest" smin="0" smax="0" dmin="0" dmax="0" x="1297.5" z="14437.5" r="180"/>
        <zone name="Rest" smin="0" smax="0" dmin="0" dmax="0" x="2145" z="13867.5" r="157.5"/>
        <zone name="HuntingGround" smin="0" smax="0" dmin="0" dmax="0" x="2235" z="14310" r="300"/>
        <zone name="HuntingGround" smin="0" smax="0" dmin="0" dmax="0" x="3127.5" z="14745" r="300"/>
        <zone name="HuntingGround" smin="0" smax="0" dmin="0" dmax="0" x="345" z="15007.5" r="255"/>
        <zone name="HuntingGround" smin="0" smax="0" dmin="0" dmax="0" x="1822.5" z="13950" r="247.5"/>
        <zone name="HuntingGround" smin="0" smax="0" dmin="0" dmax="0" x="1297.5" z="14422.5" r="232.5"/>
        <zone name="HuntingGround" smin="0" smax="0" dmin="0" dmax="0" x="877.5" z="14340" r="195"/>
        <zone name="HuntingGround" smin="0" smax="0" dmin="0" dmax="0" x="2775" z="14055" r="187.5"/>
        <zone name="HuntingGround" smin="0" smax="0" dmin="0" dmax="0" x="1777.5" z="14520" r="165"/>
        <zone name="HuntingGround" smin="0" smax="0" dmin="0" dmax="0" x="2677.5" z="14715" r="157.5"/>
    </territory>
    <territory color="4291611852">
        <zone name="Water" smin="0" smax="0" dmin="0" dmax="0" x="4822.5" z="13657.5" r="60"/>
        <zone name="Water" smin="0" smax="0" dmin="0" dmax="0" x="4897.5" z="13815" r="60"/>
        <zone name="Water" smin="0" smax="0" dmin="0" dmax="0" x="6030" z="13485" r="45"/>
        <zone name="Rest" smin="0" smax="0" dmin="0" dmax="0" x="6997.5" z="12127.5" r="232.5"/>
        <zone name="Rest" smin="0" smax="0" dmin="0" dmax="0" x="7477.5" z="11970" r="180"/>
        <zone name="HuntingGround" smin="0" smax="0" dmin="0" dmax="0" x="6960" z="12105" r="292.5"/>
        <zone name="HuntingGround" smin="0" smax="0" dmin="0" dmax="0" x="7462.5" z="11970" r="217.5"/>
        <zone name="HuntingGround" smin="0" smax="0" dmin="0" dmax="0" x="6457.5" z="12210" r="210"/>
        <zone name="HuntingGround" smin="0" smax="0" dmin="0" dmax="0" x="5415" z="13387.5" r="172.5"/>
        <zone name="HuntingGround" smin="0" smax="0" dmin="0" dmax="0" x="7612.5" z="11137.5" r="157.5"/>
    </territory>
    <territory color="4291611852">
        <zone name="Water" smin="0" smax="0" dmin="0" dmax="0" x="8977.5" z="8197.5" r="60"/>
        <zone name="Water" smin="0" smax="0" dmin="0" dmax="0" x="8880" z="8272.5" r="52.5"/>
        <zone name="Rest" smin="0" smax="0" dmin="0" dmax="0" x="9375" z="10695" r="187.5"/>
        <zone name="HuntingGround" smin="0" smax="0" dmin="0" dmax="0" x="9367.5" z="10635" r="240"/>
        <zone name="HuntingGround" smin="0" smax="0" dmin="0" dmax="0" x="9330" z="9682.5" r="232.5"/>
        <zone name="HuntingGround" smin="0" smax="0" dmin="0" dmax="0" x="9832.5" z="9330" r="225"/>
        <zone name="HuntingGround" smin="0" smax="0" dmin="0" dmax="0" x="9165" z="10207.5" r="195"/>
        <zone name="HuntingGround" smin="0" smax="0" dmin="0" dmax="0" x="9495" z="10065" r="157.5"/>
    </territory>
    <territory color="4291611852">
        <zone name="Water" smin="0" smax="0" dmin="0" dmax="0" x="1282.5" z="11730" r="67.5"/>
        <zone name="Water" smin="0" smax="0" dmin="0" dmax="0" x="1117.5" z="12007.5" r="67.5"/>
        <zone name="Water" smin="0" smax="0" dmin="0" dmax="0" x="817.5" z="12105" r="60"/>
        <zone name="Rest" smin="0" smax="0" dmin="0" dmax="0" x="727.5" z="9630" r="247.5"/>
        <zone name="Rest" smin="0" smax="0" dmin="0" dmax="0" x="1372.5" z="10897.5" r="180"/>
        <zone name="HuntingGround" smin="0" smax="0" dmin="0" dmax="0" x="532.5" z="11745" r="300"/>
        <zone name="HuntingGround" smin="0" smax="0" dmin="0" dmax="0" x="742.5" z="9630" r="300"/>
        <zone name="HuntingGround" smin="0" smax="0" dmin="0" dmax="0" x="1357.5" z="10882.5" r="225"/>
        <zone name="HuntingGround" smin="0" smax="0" dmin="0" dmax="0" x="840" z="10485" r="180"/>
        <zone name="HuntingGround" smin="0" smax="0" dmin="0" dmax="0" x="1012.5" z="11782.5" r="180"/>
        <zone name="HuntingGround" smin="0" smax="0" dmin="0" dmax="0" x="480" z="11152.5" r="172.5"/>
        <zone name="HuntingGround" smin="0" smax="0" dmin="0" dmax="0" x="165" z="12165" r="165"/>
        <zone name="HuntingGround" smin="0" smax="0" dmin="0" dmax="0" x="975" z="11002.5" r="157.5"/>
    </territory>
    <territory color="4291611852">
        <zone name="Water" smin="0" smax="0" dmin="0" dmax="0" x="1762.5" z="10530" r="75"/>
        <zone name="Rest" smin="0" smax="0" dmin="0" dmax="0" x="727.5" z="9630" r="247.5"/>
        <zone name="Rest" smin="0" smax="0" dmin="0" dmax="0" x="1372.5" z="10897.5" r="180"/>
        <zone name="HuntingGround" smin="0" smax="0" dmin="0" dmax="0" x="742.5" z="9630" r="300"/>
        <zone name="HuntingGround" smin="0" smax="0" dmin="0" dmax="0" x="1357.5" z="10882.5" r="225"/>
        <zone name="HuntingGround" smin="0" smax="0" dmin="0" dmax="0" x="840" z="10485" r="180"/>
        <zone name="HuntingGround" smin="0" smax="0" dmin="0" dmax="0" x="480" z="11152.5" r="172.5"/>
        <zone name="HuntingGround" smin="0" smax="0" dmin="0" dmax="0" x="975" z="11002.5" r="157.5"/>
    </territory>
    <territory color="4291611852">
        <zone name="Water" smin="0" smax="0" dmin="0" dmax="0" x="3157.5" z="5850" r="60"/>
        <zone name="Water" smin="0" smax="0" dmin="0" dmax="0" x="2595" z="5947.5" r="60"/>
        <zone name="Water" smin="0" smax="0" dmin="0" dmax="0" x="3255" z="6105" r="52.5"/>
        <zone name="Rest" smin="0" smax="0" dmin="0" dmax="0" x="1710" z="6937.5" r="247.5"/>
        <zone name="Rest" smin="0" smax="0" dmin="0" dmax="0" x="2145" z="6990" r="187.5"/>
        <zone name="Rest" smin="0" smax="0" dmin="0" dmax="0" x="1567.5" z="7342.5" r="180"/>
        <zone name="HuntingGround" smin="0" smax="0" dmin="0" dmax="0" x="1695" z="6907.5" r="300"/>
        <zone name="HuntingGround" smin="0" smax="0" dmin="0" dmax="0" x="1560" z="7417.5" r="210"/>
        <zone name="HuntingGround" smin="0" smax="0" dmin="0" dmax="0" x="2190" z="7005" r="202.5"/>
        <zone name="HuntingGround" smin="0" smax="0" dmin="0" dmax="0" x="2122.5" z="8392.5" r="187.5"/>
        <zone name="HuntingGround" smin="0" smax="0" dmin="0" dmax="0" x="2677.5" z="7560" r="172.5"/>
    </territory>
</territory-type>
