<?xml version="1.0" encoding="UTF-8" standalone="yes"?>
<messages>

    <message>
        <deadline>0</deadline>
        <shutdown>0</shutdown>
        <text>Server will Restart in #tmin minutes.</text>
    </message>

    <message>
        <repeat>25</repeat>
        <text>• Hope You Enjoy The Server please join our Discord https://discord.gg/4UzyUxNF7U •</text>
    </message>

    <message>
        <delay>0</delay>
        <repeat>50</repeat>
        <onconnect>1</onconnect>
        <text>• Server Creator's Xbox Account • XTG Lucifer •</text>
    </message>

    <message>
        <delay>1</delay>
        <repeat>50</repeat>
        <onconnect>1</onconnect>
        <text>• Server Shuts Down in 3 Hours • Please Extend Our Server Life • Nitrado Boost Code: fsj7bui1</text>
    </message>
    
    <message>
        <delay>1</delay>
        <repeat>50</repeat>
        <onconnect>1</onconnect>
        <text>• Server Shuts Down for good in 3 Hours • Please Extend Our Server Life • Nitrado Boost Code: fsj7bui1</text>
    </message>
    
	<message>
        <delay>0</delay>
        <repeat>50</repeat>
        <onconnect>1</onconnect>
        <text>• Server Shuts Down for good in 3 Hours • Please Extend Our Server Life • Nitrado Boost Code: fsj7bui1</text>
    </message>

    <message>
        <delay>0</delay>
        <onconnect>1</onconnect>
        <text>• Server Shuts Down for good in 3 Hours • Please Extend Our Server Life • Nitrado Boost Code: fsj7bui1</text>
    </message>

</messages>